{"both": {"optimistic": {"adjusted_arithmetic_mean_rank": 0.9083333333333335,
"adjusted_arithmetic_mean_rank_index": 0.1180257510729612,
"adjusted_geometric_mean_rank_index": 0.09171874298010296,
"adjusted_hits_at_k": 0.4375219498489855,
"adjusted_inverse_harmonic_mean_rank": 0.012067715305172921,
"arithmetic_mean_rank": 4.067164179104478,
"count": 402.0,
"geometric_mean_rank": 3.2424363085061905,
"harmonic_mean_rank": 2.5518680312544504,
"hits_at_1": 0.1417910447761194,
"hits_at_10": 0.9701492537313433,
"hits_at_3": 0.5199004975124378,
"hits_at_5": 0.7512437810945274,
"inverse_arithmetic_mean_rank": 0.2458715596330275,
"inverse_geometric_mean_rank": 0.3084100672622636,
"inverse_harmonic_mean_rank": 0.3918697941086,
"inverse_median_rank": 0.3333333333333333,
"median_absolute_deviation": 2.965204437011204,
"median_rank": 3.0,
"standard_deviation": 2.7186414550478926,
"variance": 7.391011361104923,
"z_arithmetic_mean_rank": 3.304298383666577,
"z_geometric_mean_rank": 2.06349968895962,
"z_hits_at_k": 2.282470513169713,
"z_inverse_harmonic_mean_rank": 0.5518734643348928},
"pessimistic": {"adjusted_arithmetic_mean_rank": 0.9083333333333335,
"adjusted_arithmetic_mean_rank_index": 0.1180257510729612,
"adjusted_geometric_mean_rank_index": 0.09171874298010296,
"adjusted_hits_at_k": 0.4375219498489855,
"adjusted_inverse_harmonic_mean_rank": 0.012067715305172921,
"arithmetic_mean_rank": 4.067164179104478,
"count": 402.0,
"geometric_mean_rank": 3.2424363085061905,
"harmonic_mean_rank": 2.5518680312544504,
"hits_at_1": 0.1417910447761194,
"hits_at_10": 0.9701492537313433,
"hits_at_3": 0.5199004975124378,
"hits_at_5": 0.7512437810945274,
"inverse_arithmetic_mean_rank": 0.2458715596330275,
"inverse_geometric_mean_rank": 0.3084100672622636,
"inverse_harmonic_mean_rank": 0.3918697941086,
"inverse_median_rank": 0.3333333333333333,
"median_absolute_deviation": 2.965204437011204,
"median_rank": 3.0,
"standard_deviation": 2.7186414550478926,
"variance": 7.391011361104923,
"z_arithmetic_mean_rank": 3.304298383666577,
"z_geometric_mean_rank": 2.06349968895962,
"z_hits_at_k": 2.282470513169713,
"z_inverse_harmonic_mean_rank": 0.5518734643348928},
"realistic": {"adjusted_arithmetic_mean_rank": 0.908333280881246,
"adjusted_arithmetic_mean_rank_index": 0.11802581860783778,
"adjusted_geometric_mean_rank_index": 0.09171860570767976,
"adjusted_hits_at_k": 0.4375219498489855,
"adjusted_inverse_harmonic_mean_rank": 0.012067649495949073,
"arithmetic_mean_rank": 4.067163944244385,
"count": 402.0,
"geometric_mean_rank": 3.242436647415161,
"harmonic_mean_rank": 2.55186829505314,
"hits_at_1": 0.1417910447761194,
"hits_at_10": 0.9701492537313433,
"hits_at_3": 0.5199004975124378,
"hits_at_5": 0.7512437810945274,
"inverse_arithmetic_mean_rank": 0.24587157368659973,
"inverse_geometric_mean_rank": 0.30841004848480225,
"inverse_harmonic_mean_rank": 0.39186975359916687,
"inverse_median_rank": 0.3333333432674408,
"median_absolute_deviation": 2.965204437011204,
"median_rank": 3.0,
"standard_deviation": 2.718641519546509,
"variance": 7.3910112380981445,
"z_arithmetic_mean_rank": 3.304300274401278,
"z_geometric_mean_rank": 2.0634966005875697,
"z_hits_at_k": 2.282470513169713,
"z_inverse_harmonic_mean_rank": 0.5518704547872346}},
"head": {"optimistic": {"adjusted_arithmetic_mean_rank": 0.9354654483152485,
"adjusted_arithmetic_mean_rank_index": 0.08376575240919193,
"adjusted_geometric_mean_rank_index": 0.06955478075150134,
"adjusted_hits_at_k": 0.527993461381282,
"adjusted_inverse_harmonic_mean_rank": 0.012864031113204444,
"arithmetic_mean_rank": 4.074626865671642,
"count": 201.0,
"geometric_mean_rank": 3.1734888176927942,
"harmonic_mean_rank": 2.4464172537218154,
"hits_at_1": 0.16417910447761194,
"hits_at_10": 0.9751243781094527,
"hits_at_3": 0.5124378109452736,
"hits_at_5": 0.7263681592039801,
"inverse_arithmetic_mean_rank": 0.24542124542124538,
"inverse_geometric_mean_rank": 0.315110610891336,
"inverse_harmonic_mean_rank": 0.40876101510429874,
"inverse_median_rank": 0.3333333333333333,
"median_absolute_deviation": 2.965204437011204,
"median_rank": 3.0,
"standard_deviation": 2.821277186005172,
"variance": 7.959604960273261,
"z_arithmetic_mean_rank": 1.6281339049525023,
"z_geometric_mean_rank": 1.1066142738689635,
"z_hits_at_k": 1.9401974453021182,
"z_inverse_harmonic_mean_rank": 0.40629089818113684},
"pessimistic": {"adjusted_arithmetic_mean_rank": 0.9354654483152485,
"adjusted_arithmetic_mean_rank_index": 0.08376575240919193,
"adjusted_geometric_mean_rank_index": 0.06955478075150134,
"adjusted_hits_at_k": 0.527993461381282,
"adjusted_inverse_harmonic_mean_rank": 0.012864031113204444,
"arithmetic_mean_rank": 4.074626865671642,
"count": 201.0,
"geometric_mean_rank": 3.1734888176927942,
"harmonic_mean_rank": 2.4464172537218154,
"hits_at_1": 0.16417910447761194,
"hits_at_10": 0.9751243781094527,
"hits_at_3": 0.5124378109452736,
"hits_at_5": 0.7263681592039801,
"inverse_arithmetic_mean_rank": 0.24542124542124538,
"inverse_geometric_mean_rank": 0.315110610891336,
"inverse_harmonic_mean_rank": 0.40876101510429874,
"inverse_median_rank": 0.3333333333333333,
"median_absolute_deviation": 2.965204437011204,
"median_rank": 3.0,
"standard_deviation": 2.821277186005172,
"variance": 7.959604960273261,
"z_arithmetic_mean_rank": 1.6281339049525023,
"z_geometric_mean_rank": 1.1066142738689635,
"z_hits_at_k": 1.9401974453021182,
"z_inverse_harmonic_mean_rank": 0.40629089818113684},
"realistic": {"adjusted_arithmetic_mean_rank": 0.935465461386741,
"adjusted_arithmetic_mean_rank_index": 0.08376573544241395,
"adjusted_geometric_mean_rank_index": 0.06955466256156617,
"adjusted_hits_at_k": 0.527993461381282,
"adjusted_inverse_harmonic_mean_rank": 0.012864046758743641,
"arithmetic_mean_rank": 4.074626922607422,
"count": 201.0,
"geometric_mean_rank": 3.1734890937805176,
"harmonic_mean_rank": 2.4464171976379845,
"hits_at_1": 0.16417910447761194,
"hits_at_10": 0.9751243781094527,
"hits_at_3": 0.5124378109452736,
"hits_at_5": 0.7263681592039801,
"inverse_arithmetic_mean_rank": 0.24542124569416046,
"inverse_geometric_mean_rank": 0.31511059403419495,
"inverse_harmonic_mean_rank": 0.40876102447509766,
"inverse_median_rank": 0.3333333432674408,
"median_absolute_deviation": 2.965204437011204,
"median_rank": 3.0,
"standard_deviation": 2.821277141571045,
"variance": 7.9596052169799805,
"z_arithmetic_mean_rank": 1.6281335751734964,
"z_geometric_mean_rank": 1.1066123934709857,
"z_hits_at_k": 1.9401974453021182,
"z_inverse_harmonic_mean_rank": 0.4062913923217444}},
"tail": {"optimistic": {"adjusted_arithmetic_mean_rank": 0.8826392644672797,
"adjusted_arithmetic_mean_rank_index": 0.14996544574982718,
"adjusted_geometric_mean_rank_index": 0.11407479530338183,
"adjusted_hits_at_k": 0.3482971896265781,
"adjusted_inverse_harmonic_mean_rank": 0.01131325702746222,
"arithmetic_mean_rank": 4.059701492537314,
"count": 201.0,
"geometric_mean_rank": 3.3128817584310113,
"harmonic_mean_rank": 2.6668190443482014,
"hits_at_1": 0.11940298507462686,
"hits_at_10": 0.9651741293532339,
"hits_at_3": 0.527363184079602,
"hits_at_5": 0.7761194029850746,
"inverse_arithmetic_mean_rank": 0.2463235294117647,
"inverse_geometric_mean_rank": 0.30185200466484574,
"inverse_harmonic_mean_rank": 0.37497857311290145,
"inverse_median_rank": 0.3333333333333333,
"median_absolute_deviation": 1.482602218505602,
"median_rank": 3.0,
"standard_deviation": 2.611954513109864,
"variance": 6.822306378554986,
"z_arithmetic_mean_rank": 3.0217683504108486,
"z_geometric_mean_rank": 1.8161388549052937,
"z_hits_at_k": 1.289735618811747,
"z_inverse_harmonic_mean_rank": 0.3743022149054305},
"pessimistic": {"adjusted_arithmetic_mean_rank": 0.8826392644672797,
"adjusted_arithmetic_mean_rank_index": 0.14996544574982718,
"adjusted_geometric_mean_rank_index": 0.11407479530338183,
"adjusted_hits_at_k": 0.3482971896265781,
"adjusted_inverse_harmonic_mean_rank": 0.01131325702746222,
"arithmetic_mean_rank": 4.059701492537314,
"count": 201.0,
"geometric_mean_rank": 3.3128817584310113,