{"both": {"optimistic": {"adjusted_arithmetic_mean_rank": 0.27033038863225056,
"adjusted_arithmetic_mean_rank_index": 0.7452878602924691,
"adjusted_geometric_mean_rank_index": 0.8266470343447454,
"adjusted_hits_at_k": 0.5587986289436175,
"adjusted_inverse_harmonic_mean_rank": 0.21762585998634193,
"arithmetic_mean_rank": 12.899906890130353,
"count": 2148.0,
"geometric_mean_rank": 7.047519027345149,
"harmonic_mean_rank": 3.8427010764364886,
"hits_at_1": 0.10986964618249534,
"hits_at_10": 0.6056797020484171,
"hits_at_3": 0.28957169459962756,
"hits_at_5": 0.420391061452514,
"inverse_arithmetic_mean_rank": 0.07751993936987983,
"inverse_geometric_mean_rank": 0.14189390565955054,
"inverse_harmonic_mean_rank": 0.26023361695553626,
"inverse_median_rank": 0.14285714285714285,
"median_absolute_deviation": 7.41301109252801,
"median_rank": 7.0,
"standard_deviation": 15.29041459182323,
"variance": 233.7967783898408,
"z_arithmetic_mean_rank": 59.09846745974188,
"z_geometric_mean_rank": 40.47870020315217,
"z_hits_at_k": 75.12620641717477,
"z_inverse_harmonic_mean_rank": 79.4928600088728},
"pessimistic": {"adjusted_arithmetic_mean_rank": 0.27033038863225056,
"adjusted_arithmetic_mean_rank_index": 0.7452878602924691,
"adjusted_geometric_mean_rank_index": 0.8266470343447454,
"adjusted_hits_at_k": 0.5587986289436175,
"adjusted_inverse_harmonic_mean_rank": 0.21762585998634193,
"arithmetic_mean_rank": 12.899906890130353,
"count": 2148.0,
"geometric_mean_rank": 7.047519027345149,
"harmonic_mean_rank": 3.8427010764364886,
"hits_at_1": 0.10986964618249534,
"hits_at_10": 0.6056797020484171,
"hits_at_3": 0.28957169459962756,
"hits_at_5": 0.420391061452514,
"inverse_arithmetic_mean_rank": 0.07751993936987983,
"inverse_geometric_mean_rank": 0.14189390565955054,
"inverse_harmonic_mean_rank": 0.26023361695553626,
"inverse_median_rank": 0.14285714285714285,
"median_absolute_deviation": 7.41301109252801,
"median_rank": 7.0,
"standard_deviation": 15.29041459182323,
"variance": 233.7967783898408,
"z_arithmetic_mean_rank": 59.09846745974188,
"z_geometric_mean_rank": 40.47870020315217,
"z_hits_at_k": 75.12620641717477,
"z_inverse_harmonic_mean_rank": 79.4928600088728},
"realistic": {"adjusted_arithmetic_mean_rank": 0.2703303932842977,
"adjusted_arithmetic_mean_rank_index": 0.7452878555408469,
"adjusted_geometric_mean_rank_index": 0.8266470018576878,
"adjusted_hits_at_k": 0.5587986289436175,
"adjusted_inverse_harmonic_mean_rank": 0.21762585354866665,
"arithmetic_mean_rank": 12.899907112121582,
"count": 2148.0,
"geometric_mean_rank": 7.047520160675049,
"harmonic_mean_rank": 3.8427011663204875,
"hits_at_1": 0.10986964618249534,
"hits_at_10": 0.6056797020484171,
"hits_at_3": 0.28957169459962756,
"hits_at_5": 0.420391061452514,
"inverse_arithmetic_mean_rank": 0.07751993834972382,
"inverse_geometric_mean_rank": 0.1418938785791397,
"inverse_harmonic_mean_rank": 0.260233610868454,
"inverse_median_rank": 0.1428571492433548,
"median_absolute_deviation": 7.41301109252801,
"median_rank": 7.0,
"standard_deviation": 15.290413856506348,
"variance": 233.79676818847656,
"z_arithmetic_mean_rank": 59.09846708295649,
"z_geometric_mean_rank": 40.47869861234762,
"z_hits_at_k": 75.12620641717477,
"z_inverse_harmonic_mean_rank": 79.49285765736356}},
"head": {"optimistic": {"adjusted_arithmetic_mean_rank": 0.2596995195864695,
"adjusted_arithmetic_mean_rank_index": 0.7563266581336988,
"adjusted_geometric_mean_rank_index": 0.8358745710772442,
"adjusted_hits_at_k": 0.5837424124299395,
"adjusted_inverse_harmonic_mean_rank": 0.2273314775120645,
"arithmetic_mean_rank": 12.256052141527002,
"count": 1074.0,
"geometric_mean_rank": 6.661757923814926,
"harmonic_mean_rank": 3.7063679995000887,
"hits_at_1": 0.11266294227188083,
"hits_at_10": 0.6284916201117319,
"hits_at_3": 0.3063314711359404,
"hits_at_5": 0.4450651769087523,
"inverse_arithmetic_mean_rank": 0.08159234217123756,
"inverse_geometric_mean_rank": 0.15011052809726527,
"inverse_harmonic_mean_rank": 0.26980591245523355,
"inverse_median_rank": 0.14285714285714285,
"median_absolute_deviation": 7.41301109252801,
"median_rank": 7.0,
"standard_deviation": 15.000266467561167,
"variance": 225.00799409783994,
"z_arithmetic_mean_rank": 42.392714704643545,
"z_geometric_mean_rank": 28.95887250699581,
"z_hits_at_k": 55.13418361107875,
"z_inverse_harmonic_mean_rank": 58.39108735737516},
"pessimistic": {"adjusted_arithmetic_mean_rank": 0.2596995195864695,
"adjusted_arithmetic_mean_rank_index": 0.7563266581336988,
"adjusted_geometric_mean_rank_index": 0.8358745710772442,
"adjusted_hits_at_k": 0.5837424124299395,
"adjusted_inverse_harmonic_mean_rank": 0.2273314775120645,
"arithmetic_mean_rank": 12.256052141527002,
"count": 1074.0,
"geometric_mean_rank": 6.661757923814926,
"harmonic_mean_rank": 3.7063679995000887,
"hits_at_1": 0.11266294227188083,
"hits_at_10": 0.6284916201117319,
"hits_at_3": 0.3063314711359404,
"hits_at_5": 0.4450651769087523,
"inverse_arithmetic_mean_rank": 0.08159234217123756,
"inverse_geometric_mean_rank": 0.15011052809726527,
"inverse_harmonic_mean_rank": 0.26980591245523355,
"inverse_median_rank": 0.14285714285714285,
"median_absolute_deviation": 7.41301109252801,
"median_rank": 7.0,
"standard_deviation": 15.000266467561167,
"variance": 225.00799409783994,
"z_arithmetic_mean_rank": 42.392714704643545,
"z_geometric_mean_rank": 28.95887250699581,
"z_hits_at_k": 55.13418361107875,
"z_inverse_harmonic_mean_rank": 58.39108735737516},
"realistic": {"adjusted_arithmetic_mean_rank": 0.25969951695229593,
"adjusted_arithmetic_mean_rank_index": 0.7563266608248975,
"adjusted_geometric_mean_rank_index": 0.8358745704337164,
"adjusted_hits_at_k": 0.5837424124299395,
"adjusted_inverse_harmonic_mean_rank": 0.22733147301261636,
"arithmetic_mean_rank": 12.256052017211914,
"count": 1074.0,
"geometric_mean_rank": 6.661757946014404,
"harmonic_mean_rank": 3.706368057912001,
"hits_at_1": 0.11266294227188083,
"hits_at_10": 0.6284916201117319,
"hits_at_3": 0.3063314711359404,
"hits_at_5": 0.4450651769087523,
"inverse_arithmetic_mean_rank": 0.08159234374761581,
"inverse_geometric_mean_rank": 0.15011052787303925,
"inverse_harmonic_mean_rank": 0.269805908203125,
"inverse_median_rank": 0.1428571492433548,
"median_absolute_deviation": 7.41301109252801,
"median_rank": 7.0,
"standard_deviation": 15.000266075134277,
"variance": 225.00799560546875,
"z_arithmetic_mean_rank": 42.392714855487384,
"z_geometric_mean_rank": 28.95887248470079,
"z_hits_at_k": 55.13418361107875,
"z_inverse_harmonic_mean_rank": 58.39108620167216}},
"tail": {"optimistic": {"adjusted_arithmetic_mean_rank": 0.28072951847920485,
"adjusted_arithmetic_mean_rank_index": 0.734494787252912,
"adjusted_geometric_mean_rank_index": 0.8170860325035213,
"adjusted_hits_at_k": 0.5339242918809656,
"adjusted_inverse_harmonic_mean_rank": 0.20793073807147058,
"arithmetic_mean_rank": 13.543761638733706,
"count": 1074.0,
"geometric_mean_rank": 7.455618323091107,
"harmonic_mean_rank": 3.989446773008328,
"hits_at_1": 0.10707635009310987,
"hits_at_10": 0.5828677839851024,
"hits_at_3": 0.27281191806331473,
"hits_at_5": 0.3957169459962756,
"inverse_arithmetic_mean_rank": 0.07383473119758009,
"inverse_geometric_mean_rank": 0.134127037713674,
"inverse_harmonic_mean_rank": 0.25066132145583897,
"inverse_median_rank": 0.125,
"median_absolute_deviation": 8.895613311033612,
"median_rank": 8.0,
"standard_deviation": 15.548519698262066,
"variance": 241.7564648072435,
"z_arithmetic_mean_rank": 41.2029539670562,
"z_geometric_mean_rank": 28.288604185716604,
"z_hits_at_k": 51.09098024859497,
"z_inverse_harmonic_mean_rank": 54.00810618110921},
"pessimistic": {"adjusted_arithmetic_mean_rank": 0.28072951847920485,
"adjusted_arithmetic_mean_rank_index": 0.734494787252912,
"adjusted_geometric_mean_rank_index": 0.8170860325035213,
"adjusted_hits_at_k": 0.5339242918809656,
"adjusted_inverse_harmonic_mean_rank": 0.20793073807147058,
"arithmetic_mean_rank": 13.543761638733706,
"count": 1074.0,
"geometric_mean_rank": 7.455618323091107,