{"both": {"optimistic": {"adjusted_arithmetic_mean_rank": 0.33638860298242446,
"adjusted_arithmetic_mean_rank_index": 0.677815699658703,
"adjusted_geometric_mean_rank_index": 0.7656126266288387,
"adjusted_hits_at_k": 0.460348736228557,
"adjusted_inverse_harmonic_mean_rank": 0.1610934622655345,
"arithmetic_mean_rank": 16.05214152700186,
"count": 2148.0,
"geometric_mean_rank": 9.176739837554575,
"harmonic_mean_rank": 4.836058835263332,
"hits_at_1": 0.07402234636871509,
"hits_at_10": 0.5176908752327747,
"hits_at_3": 0.21415270018621974,
"hits_at_5": 0.32169459962756053,
"inverse_arithmetic_mean_rank": 0.0622969837587007,
"inverse_geometric_mean_rank": 0.10897116162186862,
"inverse_harmonic_mean_rank": 0.20677994914128217,
"inverse_median_rank": 0.1,
"median_absolute_deviation": 10.378215529539213,
"median_rank": 10.0,
"standard_deviation": 17.112103812904476,
"variance": 292.82409690361993,
"z_arithmetic_mean_rank": 53.748184029540425,
"z_geometric_mean_rank": 37.490008065682034,
"z_hits_at_k": 61.890370502826784,
"z_inverse_harmonic_mean_rank": 58.84309909227906},
"pessimistic": {"adjusted_arithmetic_mean_rank": 0.33638860298242446,
"adjusted_arithmetic_mean_rank_index": 0.677815699658703,
"adjusted_geometric_mean_rank_index": 0.7656126266288387,
"adjusted_hits_at_k": 0.460348736228557,
"adjusted_inverse_harmonic_mean_rank": 0.1610934622655345,
"arithmetic_mean_rank": 16.05214152700186,
"count": 2148.0,
"geometric_mean_rank": 9.176739837554575,
"harmonic_mean_rank": 4.836058835263332,
"hits_at_1": 0.07402234636871509,
"hits_at_10": 0.5176908752327747,
"hits_at_3": 0.21415270018621974,
"hits_at_5": 0.32169459962756053,
"inverse_arithmetic_mean_rank": 0.0622969837587007,
"inverse_geometric_mean_rank": 0.10897116162186862,
"inverse_harmonic_mean_rank": 0.20677994914128217,
"inverse_median_rank": 0.1,
"median_absolute_deviation": 10.378215529539213,
"median_rank": 10.0,
"standard_deviation": 17.112103812904476,
"variance": 292.82409690361993,
"z_arithmetic_mean_rank": 53.748184029540425,
"z_geometric_mean_rank": 37.490008065682034,
"z_hits_at_k": 61.890370502826784,
"z_inverse_harmonic_mean_rank": 58.84309909227906},
"realistic": {"adjusted_arithmetic_mean_rank": 0.3363885959113128,
"adjusted_arithmetic_mean_rank_index": 0.6778157068811685,
"adjusted_geometric_mean_rank_index": 0.765612576107048,
"adjusted_hits_at_k": 0.460348736228557,
"adjusted_inverse_harmonic_mean_rank": 0.16109345462459587,
"arithmetic_mean_rank": 16.052141189575195,
"count": 2148.0,
"geometric_mean_rank": 9.176741600036621,
"harmonic_mean_rank": 4.836059004233479,
"hits_at_1": 0.07402234636871509,
"hits_at_10": 0.5176908752327747,
"hits_at_3": 0.21415270018621974,
"hits_at_5": 0.32169459962756053,
"inverse_arithmetic_mean_rank": 0.06229698657989502,
"inverse_geometric_mean_rank": 0.10897114127874374,
"inverse_harmonic_mean_rank": 0.20677994191646576,
"inverse_median_rank": 0.10000000149011612,
"median_absolute_deviation": 10.378215529539213,
"median_rank": 10.0,
"standard_deviation": 17.112104415893555,
"variance": 292.8240966796875,
"z_arithmetic_mean_rank": 53.748184602254234,
"z_geometric_mean_rank": 37.49000559176472,
"z_hits_at_k": 61.890370502826784,
"z_inverse_harmonic_mean_rank": 58.843096301250156}},
"head": {"optimistic": {"adjusted_arithmetic_mean_rank": 0.32567499580747944,
"adjusted_arithmetic_mean_rank_index": 0.6889229311752315,
"adjusted_geometric_mean_rank_index": 0.7759912249606775,
"adjusted_hits_at_k": 0.4835902109093235,
"adjusted_inverse_harmonic_mean_rank": 0.16825060802703118,
"arithmetic_mean_rank": 15.369646182495345,
"count": 1074.0,
"geometric_mean_rank": 8.727525621150797,
"harmonic_mean_rank": 4.673491579790154,
"hits_at_1": 0.07635009310986965,
"hits_at_10": 0.5391061452513967,
"hits_at_3": 0.22625698324022347,
"hits_at_5": 0.34543761638733705,
"inverse_arithmetic_mean_rank": 0.06506330647604047,
"inverse_geometric_mean_rank": 0.11458001309976582,
"inverse_harmonic_mean_rank": 0.21397278307387071,
"inverse_median_rank": 0.1111111111111111,
"median_absolute_deviation": 8.895613311033612,
"median_rank": 9.0,
"standard_deviation": 16.77855137611028,
"variance": 281.51978628077217,
"z_arithmetic_mean_rank": 38.614681845097195,
"z_geometric_mean_rank": 26.884214124641808,
"z_hits_at_k": 45.67485745948764,
"z_inverse_harmonic_mean_rank": 43.21590682802158},
"pessimistic": {"adjusted_arithmetic_mean_rank": 0.32567499580747944,
"adjusted_arithmetic_mean_rank_index": 0.6889229311752315,
"adjusted_geometric_mean_rank_index": 0.7759912249606775,
"adjusted_hits_at_k": 0.4835902109093235,
"adjusted_inverse_harmonic_mean_rank": 0.16825060802703118,
"arithmetic_mean_rank": 15.369646182495345,
"count": 1074.0,
"geometric_mean_rank": 8.727525621150797,
"harmonic_mean_rank": 4.673491579790154,
"hits_at_1": 0.07635009310986965,
"hits_at_10": 0.5391061452513967,
"hits_at_3": 0.22625698324022347,
"hits_at_5": 0.34543761638733705,
"inverse_arithmetic_mean_rank": 0.06506330647604047,
"inverse_geometric_mean_rank": 0.11458001309976582,
"inverse_harmonic_mean_rank": 0.21397278307387071,
"inverse_median_rank": 0.1111111111111111,
"median_absolute_deviation": 8.895613311033612,
"median_rank": 9.0,
"standard_deviation": 16.77855137611028,
"variance": 281.51978628077217,
"z_arithmetic_mean_rank": 38.614681845097195,
"z_geometric_mean_rank": 26.884214124641808,
"z_hits_at_k": 45.67485745948764,
"z_inverse_harmonic_mean_rank": 43.21590682802158},
"realistic": {"adjusted_arithmetic_mean_rank": 0.3256749934743543,
"adjusted_arithmetic_mean_rank_index": 0.6889229335588647,
"adjusted_geometric_mean_rank_index": 0.7759911947088503,
"adjusted_hits_at_k": 0.4835902109093235,
"adjusted_inverse_harmonic_mean_rank": 0.1682506017355293,
"arithmetic_mean_rank": 15.369646072387695,
"count": 1074.0,
"geometric_mean_rank": 8.727526664733887,
"harmonic_mean_rank": 4.673491709652237,
"hits_at_1": 0.07635009310986965,
"hits_at_10": 0.5391061452513967,
"hits_at_3": 0.22625698324022347,
"hits_at_5": 0.34543761638733705,
"inverse_arithmetic_mean_rank": 0.06506330519914627,
"inverse_geometric_mean_rank": 0.11457999795675278,
"inverse_harmonic_mean_rank": 0.21397277712821958,
"inverse_median_rank": 0.1111111119389534,
"median_absolute_deviation": 8.895613311033612,
"median_rank": 9.0,
"standard_deviation": 16.77855110168457,
"variance": 281.519775390625,
"z_arithmetic_mean_rank": 38.61468197870174,
"z_geometric_mean_rank": 26.884213076567328,
"z_hits_at_k": 45.67485745948764,
"z_inverse_harmonic_mean_rank": 43.21590521202172}},
"tail": {"optimistic": {"adjusted_arithmetic_mean_rank": 0.34686866737431243,
"adjusted_arithmetic_mean_rank_index": 0.6669557162846615,
"adjusted_geometric_mean_rank_index": 0.7549364531673932,
"adjusted_hits_at_k": 0.4371719685437554,
"adjusted_inverse_harmonic_mean_rank": 0.15394405620906104,
"arithmetic_mean_rank": 16.73463687150838,
"count": 1074.0,
"geometric_mean_rank": 9.649075545773876,
"harmonic_mean_rank": 5.010343473096316,
"hits_at_1": 0.07169459962756052,
"hits_at_10": 0.4962756052141527,
"hits_at_3": 0.20204841713221602,
"hits_at_5": 0.297951582867784,
"inverse_arithmetic_mean_rank": 0.059756301118344186,
"inverse_geometric_mean_rank": 0.10363687124804223,
"inverse_harmonic_mean_rank": 0.19958711520869352,
"inverse_median_rank": 0.09090909090909091,
"median_absolute_deviation": 11.860817748044816,
"median_rank": 11.0,
"standard_deviation": 17.41254742235959,
"variance": 303.19680773592165,
"z_arithmetic_mean_rank": 37.41421471338421,
"z_geometric_mean_rank": 26.13690316500317,
"z_hits_at_k": 41.83279305652556,
"z_inverse_harmonic_mean_rank": 39.98555966666084},
"pessimistic": {"adjusted_arithmetic_mean_rank": 0.34686866737431243,
"adjusted_arithmetic_mean_rank_index": 0.6669557162846615,
"adjusted_geometric_mean_rank_index": 0.7549364531673932,
"adjusted_hits_at_k": 0.4371719685437554,
"adjusted_inverse_harmonic_mean_rank": 0.15394405620906104,
"arithmetic_mean_rank": 16.73463687150838,
"count": 1074.0,
"geometric_mean_rank": 9.649075545773876,