{"MRR": 0.24368467926979065,
"evaluation_time": "days: 0.0, hours: 0.0, minutes: 0.0, seconds: 0.16721200942993164",
"hit_at_1": 0.10195530726256984,
"hit_at_10": 0.38640595903165736,
"hit_at_3": 0.25837988826815644,
"hit_at_5": 0.38640595903165736,
"training_time": "days: 0.0, hours: 0.0, minutes: 0.0, seconds: 10.548332691192627"}