{"both": {"optimistic": {"adjusted_arithmetic_mean_rank": 0.278476690357608,
"adjusted_arithmetic_mean_rank_index": 0.7369671906529482,
"adjusted_geometric_mean_rank_index": 0.8217700689364621,
"adjusted_hits_at_k": 0.5520269432013118,
"adjusted_inverse_harmonic_mean_rank": 0.21540497033456046,
"arithmetic_mean_rank": 13.288640595903166,
"count": 2148.0,
"geometric_mean_rank": 7.217654802010529,
"harmonic_mean_rank": 3.873961799653315,
"hits_at_1": 0.11312849162011174,
"hits_at_10": 0.5996275605214153,
"hits_at_3": 0.27932960893854747,
"hits_at_5": 0.4059590316573557,
"inverse_arithmetic_mean_rank": 0.07525224215246637,
"inverse_geometric_mean_rank": 0.13854915861609826,
"inverse_harmonic_mean_rank": 0.2581336759927501,
"inverse_median_rank": 0.14285714285714285,
"median_absolute_deviation": 7.41301109252801,
"median_rank": 7.0,
"standard_deviation": 15.72534046654927,
"variance": 247.28633278889203,
"z_arithmetic_mean_rank": 58.43867028588009,
"z_geometric_mean_rank": 40.23988821634147,
"z_hits_at_k": 74.21580500507677,
"z_inverse_harmonic_mean_rank": 78.68162888865896},
"pessimistic": {"adjusted_arithmetic_mean_rank": 0.278476690357608,
"adjusted_arithmetic_mean_rank_index": 0.7369671906529482,
"adjusted_geometric_mean_rank_index": 0.8217700689364621,
"adjusted_hits_at_k": 0.5520269432013118,
"adjusted_inverse_harmonic_mean_rank": 0.21540497033456046,
"arithmetic_mean_rank": 13.288640595903166,
"count": 2148.0,
"geometric_mean_rank": 7.217654802010529,
"harmonic_mean_rank": 3.873961799653315,
"hits_at_1": 0.11312849162011174,
"hits_at_10": 0.5996275605214153,
"hits_at_3": 0.27932960893854747,
"hits_at_5": 0.4059590316573557,
"inverse_arithmetic_mean_rank": 0.07525224215246637,
"inverse_geometric_mean_rank": 0.13854915861609826,
"inverse_harmonic_mean_rank": 0.2581336759927501,
"inverse_median_rank": 0.14285714285714285,
"median_absolute_deviation": 7.41301109252801,
"median_rank": 7.0,
"standard_deviation": 15.72534046654927,
"variance": 247.28633278889203,
"z_arithmetic_mean_rank": 58.43867028588009,
"z_geometric_mean_rank": 40.23988821634147,
"z_hits_at_k": 74.21580500507677,
"z_inverse_harmonic_mean_rank": 78.68162888865896},
"realistic": {"adjusted_arithmetic_mean_rank": 0.27847669832191274,
"adjusted_arithmetic_mean_rank_index": 0.7369671825181712,
"adjusted_geometric_mean_rank_index": 0.8217700990531231,
"adjusted_hits_at_k": 0.5520269432013118,
"adjusted_inverse_harmonic_mean_rank": 0.21540497417958065,
"arithmetic_mean_rank": 13.288640975952148,
"count": 2148.0,
"geometric_mean_rank": 7.217653751373291,
"harmonic_mean_rank": 3.8739617450914268,
"hits_at_1": 0.11312849162011174,
"hits_at_10": 0.5996275605214153,
"hits_at_3": 0.27932960893854747,
"hits_at_5": 0.4059590316573557,
"inverse_arithmetic_mean_rank": 0.0752522423863411,
"inverse_geometric_mean_rank": 0.13854917883872986,
"inverse_harmonic_mean_rank": 0.2581336796283722,
"inverse_median_rank": 0.1428571492433548,
"median_absolute_deviation": 7.41301109252801,
"median_rank": 7.0,
"standard_deviation": 15.725339889526367,
"variance": 247.28631591796875,
"z_arithmetic_mean_rank": 58.438669640823484,
"z_geometric_mean_rank": 40.239889691074026,
"z_hits_at_k": 74.21580500507677,
"z_inverse_harmonic_mean_rank": 78.6816302931412}},
"head": {"optimistic": {"adjusted_arithmetic_mean_rank": 0.27035345414369,
"adjusted_arithmetic_mean_rank_index": 0.7454420850004535,
"adjusted_geometric_mean_rank_index": 0.827591139989575,
"adjusted_hits_at_k": 0.5618341183473047,
"adjusted_inverse_harmonic_mean_rank": 0.21997997080079545,
"arithmetic_mean_rank": 12.758845437616387,
"count": 1074.0,
"geometric_mean_rank": 6.94750755996094,
"harmonic_mean_rank": 3.804327806148617,
"hits_at_1": 0.11266294227188083,
"hits_at_10": 0.6089385474860335,
"hits_at_3": 0.27932960893854747,
"hits_at_5": 0.4329608938547486,
"inverse_arithmetic_mean_rank": 0.07837699773772167,
"inverse_geometric_mean_rank": 0.14393651124082005,
"inverse_harmonic_mean_rank": 0.2628585261195903,
"inverse_median_rank": 0.14285714285714285,
"median_absolute_deviation": 7.41301109252801,
"median_rank": 7.0,
"standard_deviation": 15.434083451903422,
"variance": 238.21093200031905,
"z_arithmetic_mean_rank": 41.782625666319674,
"z_geometric_mean_rank": 28.671893056862338,
"z_hits_at_k": 53.06495601541818,
"z_inverse_harmonic_mean_rank": 56.502820605740375},
"pessimistic": {"adjusted_arithmetic_mean_rank": 0.27035345414369,
"adjusted_arithmetic_mean_rank_index": 0.7454420850004535,
"adjusted_geometric_mean_rank_index": 0.827591139989575,
"adjusted_hits_at_k": 0.5618341183473047,
"adjusted_inverse_harmonic_mean_rank": 0.21997997080079545,
"arithmetic_mean_rank": 12.758845437616387,
"count": 1074.0,
"geometric_mean_rank": 6.94750755996094,
"harmonic_mean_rank": 3.804327806148617,
"hits_at_1": 0.11266294227188083,
"hits_at_10": 0.6089385474860335,
"hits_at_3": 0.27932960893854747,
"hits_at_5": 0.4329608938547486,
"inverse_arithmetic_mean_rank": 0.07837699773772167,
"inverse_geometric_mean_rank": 0.14393651124082005,
"inverse_harmonic_mean_rank": 0.2628585261195903,
"inverse_median_rank": 0.14285714285714285,
"median_absolute_deviation": 7.41301109252801,
"median_rank": 7.0,
"standard_deviation": 15.434083451903422,
"variance": 238.21093200031905,
"z_arithmetic_mean_rank": 41.782625666319674,
"z_geometric_mean_rank": 28.671893056862338,
"z_hits_at_k": 53.06495601541818,
"z_inverse_harmonic_mean_rank": 56.502820605740375},
"realistic": {"adjusted_arithmetic_mean_rank": 0.27035345184819587,
"adjusted_arithmetic_mean_rank_index": 0.7454420873456409,
"adjusted_geometric_mean_rank_index": 0.8275911589873952,
"adjusted_hits_at_k": 0.5618341183473047,
"adjusted_inverse_harmonic_mean_rank": 0.21997998529784102,
"arithmetic_mean_rank": 12.758845329284668,
"count": 1074.0,
"geometric_mean_rank": 6.947506904602051,
"harmonic_mean_rank": 3.8043276078679202,
"hits_at_1": 0.11266294227188083,
"hits_at_10": 0.6089385474860335,
"hits_at_3": 0.27932960893854747,
"hits_at_5": 0.4329608938547486,
"inverse_arithmetic_mean_rank": 0.07837700098752975,
"inverse_geometric_mean_rank": 0.14393652975559235,
"inverse_harmonic_mean_rank": 0.2628585398197174,
"inverse_median_rank": 0.1428571492433548,
"median_absolute_deviation": 7.41301109252801,
"median_rank": 7.0,
"standard_deviation": 15.434082984924316,
"variance": 238.21092224121094,
"z_arithmetic_mean_rank": 41.782625797769306,
"z_geometric_mean_rank": 28.671893715041772,
"z_hits_at_k": 53.06495601541818,
"z_inverse_harmonic_mean_rank": 56.502824329370135}},
"tail": {"optimistic": {"adjusted_arithmetic_mean_rank": 0.2864228505259095,
"adjusted_arithmetic_mean_rank_index": 0.7286809483455196,
"adjusted_geometric_mean_rank_index": 0.8158765035772599,
"adjusted_hits_at_k": 0.5422470723830912,
"adjusted_inverse_harmonic_mean_rank": 0.2108349172531169,
"arithmetic_mean_rank": 13.818435754189943,
"count": 1074.0,
"geometric_mean_rank": 7.4983064633438845,
"harmonic_mean_rank": 3.9461924681705645,
"hits_at_1": 0.11359404096834265,
"hits_at_10": 0.590316573556797,
"hits_at_3": 0.27932960893854747,
"hits_at_5": 0.3789571694599628,
"inverse_arithmetic_mean_rank": 0.07236709116636346,
"inverse_geometric_mean_rank": 0.13336344745157935,
"inverse_harmonic_mean_rank": 0.25340882586590996,
"inverse_median_rank": 0.125,
"median_absolute_deviation": 8.895613311033612,
"median_rank": 8.0,
"standard_deviation": 15.993760275744313,
"variance": 255.80036775797677,
"z_arithmetic_mean_rank": 40.87681504676638,
"z_geometric_mean_rank": 28.24672868707254,
"z_hits_at_k": 51.88738344791276,
"z_inverse_harmonic_mean_rank": 54.76244014378388},
"pessimistic": {"adjusted_arithmetic_mean_rank": 0.2864228505259095,
"adjusted_arithmetic_mean_rank_index": 0.7286809483455196,
"adjusted_geometric_mean_rank_index": 0.8158765035772599,
"adjusted_hits_at_k": 0.5422470723830912,
"adjusted_inverse_harmonic_mean_rank": 0.2108349172531169,
"arithmetic_mean_rank": 13.818435754189943,
"count": 1074.0,
"geometric_mean_rank": 7.4983064633438845,