{"both": {"optimistic": {"adjusted_arithmetic_mean_rank": 0.1228091570285023,
"adjusted_arithmetic_mean_rank_index": 0.8959667173214418,
"adjusted_geometric_mean_rank_index": 0.9256305509701029,
"adjusted_hits_at_k": 0.8072674057959132,
"adjusted_inverse_harmonic_mean_rank": 0.3936305685680733,
"arithmetic_mean_rank": 5.860335195530726,
"count": 2148.0,
"geometric_mean_rank": 3.594421481983139,
"harmonic_mean_rank": 2.3438240576893468,
"hits_at_1": 0.25558659217877094,
"hits_at_10": 0.8277467411545624,
"hits_at_3": 0.48091247672253257,
"hits_at_5": 0.6364059590316573,
"inverse_arithmetic_mean_rank": 0.17063870352716876,
"inverse_geometric_mean_rank": 0.27820888702464386,
"inverse_harmonic_mean_rank": 0.4266531853017362,
"inverse_median_rank": 0.25,
"median_absolute_deviation": 4.447806655516806,
"median_rank": 4.0,
"standard_deviation": 6.957509392402721,
"variance": 48.406936945372074,
"z_arithmetic_mean_rank": 71.0467226285613,
"z_geometric_mean_rank": 45.325658975232656,
"z_hits_at_k": 108.53093515338637,
"z_inverse_harmonic_mean_rank": 143.78263541087745},
"pessimistic": {"adjusted_arithmetic_mean_rank": 0.1228091570285023,
"adjusted_arithmetic_mean_rank_index": 0.8959667173214418,
"adjusted_geometric_mean_rank_index": 0.9256305509701029,
"adjusted_hits_at_k": 0.8072674057959132,
"adjusted_inverse_harmonic_mean_rank": 0.3936305685680733,
"arithmetic_mean_rank": 5.860335195530726,
"count": 2148.0,
"geometric_mean_rank": 3.594421481983139,
"harmonic_mean_rank": 2.3438240576893468,
"hits_at_1": 0.25558659217877094,
"hits_at_10": 0.8277467411545624,
"hits_at_3": 0.48091247672253257,
"hits_at_5": 0.6364059590316573,
"inverse_arithmetic_mean_rank": 0.17063870352716876,
"inverse_geometric_mean_rank": 0.27820888702464386,
"inverse_harmonic_mean_rank": 0.4266531853017362,
"inverse_median_rank": 0.25,
"median_absolute_deviation": 4.447806655516806,
"median_rank": 4.0,
"standard_deviation": 6.957509392402721,
"variance": 48.406936945372074,
"z_arithmetic_mean_rank": 71.0467226285613,
"z_geometric_mean_rank": 45.325658975232656,
"z_hits_at_k": 108.53093515338637,
"z_inverse_harmonic_mean_rank": 143.78263541087745},
"realistic": {"adjusted_arithmetic_mean_rank": 0.12280916026632711,
"adjusted_arithmetic_mean_rank_index": 0.8959667140143128,
"adjusted_geometric_mean_rank_index": 0.9256305468665684,
"adjusted_hits_at_k": 0.8072674057959132,
"adjusted_inverse_harmonic_mean_rank": 0.39363055930814206,
"arithmetic_mean_rank": 5.860335350036621,
"count": 2148.0,
"geometric_mean_rank": 3.594421625137329,
"harmonic_mean_rank": 2.343824105788551,
"hits_at_1": 0.25558659217877094,
"hits_at_10": 0.8277467411545624,
"hits_at_3": 0.48091247672253257,
"hits_at_5": 0.6364059590316573,
"inverse_arithmetic_mean_rank": 0.17063869535923004,
"inverse_geometric_mean_rank": 0.2782088816165924,
"inverse_harmonic_mean_rank": 0.42665317654609675,
"inverse_median_rank": 0.25,
"median_absolute_deviation": 4.447806655516806,
"median_rank": 4.0,
"standard_deviation": 6.9575090408325195,
"variance": 48.40693283081055,
"z_arithmetic_mean_rank": 71.04672236631866,
"z_geometric_mean_rank": 45.325658774293515,
"z_hits_at_k": 108.53093515338637,
"z_inverse_harmonic_mean_rank": 143.78263202847415}},
"head": {"optimistic": {"adjusted_arithmetic_mean_rank": 0.11174793580017953,
"adjusted_arithmetic_mean_rank_index": 0.9074811283674148,
"adjusted_geometric_mean_rank_index": 0.9326557820173753,
"adjusted_hits_at_k": 0.8435121851240374,
"adjusted_inverse_harmonic_mean_rank": 0.4097641742122433,
"arithmetic_mean_rank": 5.273743016759776,
"count": 1074.0,
"geometric_mean_rank": 3.3231418939090465,
"harmonic_mean_rank": 2.261368603207423,
"hits_at_1": 0.2579143389199255,
"hits_at_10": 0.8603351955307262,
"hits_at_3": 0.5148975791433892,
"hits_at_5": 0.6834264432029795,
"inverse_arithmetic_mean_rank": 0.18961864406779663,
"inverse_geometric_mean_rank": 0.300920042515455,
"inverse_harmonic_mean_rank": 0.44221008400914613,
"inverse_median_rank": 0.3333333333333333,
"median_absolute_deviation": 2.965204437011204,
"median_rank": 3.0,
"standard_deviation": 6.485876329582415,
"variance": 42.06659176263746,
"z_arithmetic_mean_rank": 50.865043775737476,
"z_geometric_mean_rank": 32.31185732752449,
"z_hits_at_k": 79.66931081676813,
"z_inverse_harmonic_mean_rank": 105.24972588136197},
"pessimistic": {"adjusted_arithmetic_mean_rank": 0.11174793580017953,
"adjusted_arithmetic_mean_rank_index": 0.9074811283674148,
"adjusted_geometric_mean_rank_index": 0.9326557820173753,
"adjusted_hits_at_k": 0.8435121851240374,
"adjusted_inverse_harmonic_mean_rank": 0.4097641742122433,
"arithmetic_mean_rank": 5.273743016759776,
"count": 1074.0,
"geometric_mean_rank": 3.3231418939090465,
"harmonic_mean_rank": 2.261368603207423,
"hits_at_1": 0.2579143389199255,
"hits_at_10": 0.8603351955307262,
"hits_at_3": 0.5148975791433892,
"hits_at_5": 0.6834264432029795,
"inverse_arithmetic_mean_rank": 0.18961864406779663,
"inverse_geometric_mean_rank": 0.300920042515455,
"inverse_harmonic_mean_rank": 0.44221008400914613,
"inverse_median_rank": 0.3333333333333333,
"median_absolute_deviation": 2.965204437011204,
"median_rank": 3.0,
"standard_deviation": 6.485876329582415,
"variance": 42.06659176263746,
"z_arithmetic_mean_rank": 50.865043775737476,
"z_geometric_mean_rank": 32.31185732752449,
"z_hits_at_k": 79.66931081676813,
"z_inverse_harmonic_mean_rank": 105.24972588136197},
"realistic": {"adjusted_arithmetic_mean_rank": 0.11174793867895493,
"adjusted_arithmetic_mean_rank_index": 0.9074811254263191,
"adjusted_geometric_mean_rank_index": 0.9326557843547364,
"adjusted_hits_at_k": 0.8435121851240374,
"adjusted_inverse_harmonic_mean_rank": 0.40976416810692184,
"arithmetic_mean_rank": 5.273743152618408,
"count": 1074.0,
"geometric_mean_rank": 3.3231418132781982,
"harmonic_mean_rank": 2.2613686327124727,
"hits_at_1": 0.2579143389199255,
"hits_at_10": 0.8603351955307262,
"hits_at_3": 0.5148975791433892,
"hits_at_5": 0.6834264432029795,
"inverse_arithmetic_mean_rank": 0.18961863219738007,
"inverse_geometric_mean_rank": 0.3009200394153595,
"inverse_harmonic_mean_rank": 0.44221007823944086,
"inverse_median_rank": 0.3333333432674408,
"median_absolute_deviation": 2.965204437011204,
"median_rank": 3.0,
"standard_deviation": 6.485876083374023,
"variance": 42.06658935546875,
"z_arithmetic_mean_rank": 50.8650436108867,
"z_geometric_mean_rank": 32.31185740850236,
"z_hits_at_k": 79.66931081676813,
"z_inverse_harmonic_mean_rank": 105.24972431318335}},
"tail": {"optimistic": {"adjusted_arithmetic_mean_rank": 0.13362925793689087,
"adjusted_arithmetic_mean_rank_index": 0.884708618277133,
"adjusted_geometric_mean_rank_index": 0.9181755416913346,
"adjusted_hits_at_k": 0.7711235361915456,
"adjusted_inverse_harmonic_mean_rank": 0.37751440973200395,
"arithmetic_mean_rank": 6.446927374301676,
"count": 1074.0,
"geometric_mean_rank": 3.8878465628634618,
"harmonic_mean_rank": 2.4325201482221357,
"hits_at_1": 0.2532588454376164,
"hits_at_10": 0.7951582867783985,
"hits_at_3": 0.44692737430167595,
"hits_at_5": 0.5893854748603352,
"inverse_arithmetic_mean_rank": 0.15511265164644714,
"inverse_geometric_mean_rank": 0.25721179676995376,
"inverse_harmonic_mean_rank": 0.41109628659432623,
"inverse_median_rank": 0.25,
"median_absolute_deviation": 4.447806655516806,
"median_rank": 4.0,
"standard_deviation": 7.352489466821166,
"variance": 54.059101359716195,
"z_arithmetic_mean_rank": 49.629499222815745,
"z_geometric_mean_rank": 31.788457321108545,
"z_hits_at_k": 73.78847142915222,
"z_inverse_harmonic_mean_rank": 98.05591282370537},
"pessimistic": {"adjusted_arithmetic_mean_rank": 0.13362925793689087,
"adjusted_arithmetic_mean_rank_index": 0.884708618277133,
"adjusted_geometric_mean_rank_index": 0.9181755416913346,
"adjusted_hits_at_k": 0.7711235361915456,
"adjusted_inverse_harmonic_mean_rank": 0.37751440973200395,
"arithmetic_mean_rank": 6.446927374301676,
"count": 1074.0,
"geometric_mean_rank": 3.8878465628634618,
"harmonic_mean_rank": 2.4325201482221357,