{"MRR": 0.4895213842391967,
"evaluation_time": "days: 0.0, hours: 0.0, minutes: 0.0, seconds: 0.12334370613098145",
"hit_at_1": 0.3123836126629423,
"hit_at_10": 0.7104283054003724,
"hit_at_3": 0.5782122905027933,
"hit_at_5": 0.7104283054003724,
"training_time": "days: 0.0, hours: 0.0, minutes: 2.0, seconds: 26.093065977096558"}