{"both": {"optimistic": {"adjusted_arithmetic_mean_rank": 0.2304671684528368,
"adjusted_arithmetic_mean_rank_index": 0.7860043347201116,
"adjusted_geometric_mean_rank_index": 0.8343594266004997,
"adjusted_hits_at_k": 0.6223482951406408,
"adjusted_inverse_harmonic_mean_rank": 0.17243651185557624,
"arithmetic_mean_rank": 10.997672253258845,
"count": 2148.0,
"geometric_mean_rank": 6.778467738048044,
"harmonic_mean_rank": 4.5975899371883076,
"hits_at_1": 0.006517690875232775,
"hits_at_10": 0.6624767225325885,
"hits_at_3": 0.30353817504655495,
"hits_at_5": 0.46089385474860334,
"inverse_arithmetic_mean_rank": 0.09092833255725354,
"inverse_geometric_mean_rank": 0.14752596584430513,
"inverse_harmonic_mean_rank": 0.21750526116114607,
"inverse_median_rank": 0.16666666666666666,
"median_absolute_deviation": 5.930408874022408,
"median_rank": 6.0,
"standard_deviation": 12.827225112190158,
"variance": 164.53770407880182,
"z_arithmetic_mean_rank": 62.327127642256016,
"z_geometric_mean_rank": 40.85635547922445,
"z_hits_at_k": 83.66997351532534,
"z_inverse_harmonic_mean_rank": 62.986409327521685},
"pessimistic": {"adjusted_arithmetic_mean_rank": 0.2304671684528368,
"adjusted_arithmetic_mean_rank_index": 0.7860043347201116,
"adjusted_geometric_mean_rank_index": 0.8343594266004997,
"adjusted_hits_at_k": 0.6223482951406408,
"adjusted_inverse_harmonic_mean_rank": 0.17243651185557624,
"arithmetic_mean_rank": 10.997672253258845,
"count": 2148.0,
"geometric_mean_rank": 6.778467738048044,
"harmonic_mean_rank": 4.5975899371883076,
"hits_at_1": 0.006517690875232775,
"hits_at_10": 0.6624767225325885,
"hits_at_3": 0.30353817504655495,
"hits_at_5": 0.46089385474860334,
"inverse_arithmetic_mean_rank": 0.09092833255725354,
"inverse_geometric_mean_rank": 0.14752596584430513,
"inverse_harmonic_mean_rank": 0.21750526116114607,
"inverse_median_rank": 0.16666666666666666,
"median_absolute_deviation": 5.930408874022408,
"median_rank": 6.0,
"standard_deviation": 12.827225112190158,
"variance": 164.53770407880182,
"z_arithmetic_mean_rank": 62.327127642256016,
"z_geometric_mean_rank": 40.85635547922445,
"z_hits_at_k": 83.66997351532534,
"z_inverse_harmonic_mean_rank": 62.986409327521685},
"realistic": {"adjusted_arithmetic_mean_rank": 0.23046716484284824,
"adjusted_arithmetic_mean_rank_index": 0.7860043384073703,
"adjusted_geometric_mean_rank_index": 0.8343594153072668,
"adjusted_hits_at_k": 0.6223482951406408,
"adjusted_inverse_harmonic_mean_rank": 0.1724365277639488,
"arithmetic_mean_rank": 10.997672080993652,
"count": 2148.0,
"geometric_mean_rank": 6.778468132019043,
"harmonic_mean_rank": 4.597589619232842,
"hits_at_1": 0.006517690875232775,
"hits_at_10": 0.6624767225325885,
"hits_at_3": 0.30353817504655495,
"hits_at_5": 0.46089385474860334,
"inverse_arithmetic_mean_rank": 0.0909283310174942,
"inverse_geometric_mean_rank": 0.14752595126628876,
"inverse_harmonic_mean_rank": 0.21750527620315555,
"inverse_median_rank": 0.1666666716337204,
"median_absolute_deviation": 5.930408874022408,
"median_rank": 6.0,
"standard_deviation": 12.827224731445312,
"variance": 164.53770446777344,
"z_arithmetic_mean_rank": 62.32712793464148,
"z_geometric_mean_rank": 40.85635492622495,
"z_hits_at_k": 83.66997351532534,
"z_inverse_harmonic_mean_rank": 62.986415138421336}},
"head": {"optimistic": {"adjusted_arithmetic_mean_rank": 0.22213453551804754,
"adjusted_arithmetic_mean_rank_index": 0.7947048567368453,
"adjusted_geometric_mean_rank_index": 0.846069538985753,
"adjusted_hits_at_k": 0.6494672946778438,
"adjusted_inverse_harmonic_mean_rank": 0.18916325269011097,
"arithmetic_mean_rank": 10.483240223463687,
"count": 1074.0,
"geometric_mean_rank": 6.310066898737974,
"harmonic_mean_rank": 4.278334096652734,
"hits_at_1": 0.010242085661080074,
"hits_at_10": 0.6871508379888268,
"hits_at_3": 0.3463687150837989,
"hits_at_5": 0.5,
"inverse_arithmetic_mean_rank": 0.09539035438316014,
"inverse_geometric_mean_rank": 0.15847692521294854,
"inverse_harmonic_mean_rank": 0.23373583675533335,
"inverse_median_rank": 0.18181818181818182,
"median_absolute_deviation": 5.189107764769607,
"median_rank": 5.5,
"standard_deviation": 12.685135449878779,
"variance": 160.91266138177127,
"z_arithmetic_mean_rank": 44.54384346199291,
"z_geometric_mean_rank": 29.312077145695287,
"z_hits_at_k": 61.3418663980604,
"z_inverse_harmonic_mean_rank": 48.587411358584596},
"pessimistic": {"adjusted_arithmetic_mean_rank": 0.22213453551804754,
"adjusted_arithmetic_mean_rank_index": 0.7947048567368453,
"adjusted_geometric_mean_rank_index": 0.846069538985753,
"adjusted_hits_at_k": 0.6494672946778438,
"adjusted_inverse_harmonic_mean_rank": 0.18916325269011097,
"arithmetic_mean_rank": 10.483240223463687,
"count": 1074.0,
"geometric_mean_rank": 6.310066898737974,
"harmonic_mean_rank": 4.278334096652734,
"hits_at_1": 0.010242085661080074,
"hits_at_10": 0.6871508379888268,
"hits_at_3": 0.3463687150837989,
"hits_at_5": 0.5,
"inverse_arithmetic_mean_rank": 0.09539035438316014,
"inverse_geometric_mean_rank": 0.15847692521294854,
"inverse_harmonic_mean_rank": 0.23373583675533335,
"inverse_median_rank": 0.18181818181818182,
"median_absolute_deviation": 5.189107764769607,
"median_rank": 5.5,
"standard_deviation": 12.685135449878779,
"variance": 160.91266138177127,
"z_arithmetic_mean_rank": 44.54384346199291,
"z_geometric_mean_rank": 29.312077145695287,
"z_hits_at_k": 61.3418663980604,
"z_inverse_harmonic_mean_rank": 48.587411358584596},
"realistic": {"adjusted_arithmetic_mean_rank": 0.22213453348597081,
"adjusted_arithmetic_mean_rank_index": 0.7947048588129129,
"adjusted_geometric_mean_rank_index": 0.846069544747384,
"adjusted_hits_at_k": 0.6494672946778438,
"adjusted_inverse_harmonic_mean_rank": 0.18916326087777474,
"arithmetic_mean_rank": 10.483240127563477,
"count": 1074.0,
"geometric_mean_rank": 6.3100666999816895,
"harmonic_mean_rank": 4.27833395502299,
"hits_at_1": 0.010242085661080074,
"hits_at_10": 0.6871508379888268,
"hits_at_3": 0.3463687150837989,
"hits_at_5": 0.5,
"inverse_arithmetic_mean_rank": 0.09539035707712173,
"inverse_geometric_mean_rank": 0.15847693383693695,
"inverse_harmonic_mean_rank": 0.23373584449291226,
"inverse_median_rank": 0.1818181872367859,
"median_absolute_deviation": 5.189107764769607,
"median_rank": 5.5,
"standard_deviation": 12.685134887695312,
"variance": 160.91265869140625,
"z_arithmetic_mean_rank": 44.54384357835815,
"z_geometric_mean_rank": 29.31207734530698,
"z_hits_at_k": 61.3418663980604,
"z_inverse_harmonic_mean_rank": 48.58741346162195}},
"tail": {"optimistic": {"adjusted_arithmetic_mean_rank": 0.23861816076425746,
"adjusted_arithmetic_mean_rank_index": 0.7774974872391165,
"adjusted_geometric_mean_rank_index": 0.8220155950422084,
"adjusted_hits_at_k": 0.5953047980841419,
"adjusted_inverse_harmonic_mean_rank": 0.15572785924285154,
"arithmetic_mean_rank": 11.512104283054004,
"count": 1074.0,
"geometric_mean_rank": 7.281638311148144,
"harmonic_mean_rank": 4.968334677474015,
"hits_at_1": 0.002793296089385475,
"hits_at_10": 0.6378026070763501,
"hits_at_3": 0.260707635009311,
"hits_at_5": 0.42178770949720673,
"inverse_arithmetic_mean_rank": 0.08686509220317049,
"inverse_geometric_mean_rank": 0.13733173185339434,
"inverse_harmonic_mean_rank": 0.2012746855669588,
"inverse_median_rank": 0.14285714285714285,
"median_absolute_deviation": 5.930408874022408,
"median_rank": 7.0,
"standard_deviation": 12.947334326002169,
"variance": 167.63346614927406,
"z_arithmetic_mean_rank": 43.61527642153893,
"z_geometric_mean_rank": 28.459272191187686,
"z_hits_at_k": 56.964453843563724,
"z_inverse_harmonic_mean_rank": 40.448886178886404},
"pessimistic": {"adjusted_arithmetic_mean_rank": 0.23861816076425746,
"adjusted_arithmetic_mean_rank_index": 0.7774974872391165,
"adjusted_geometric_mean_rank_index": 0.8220155950422084,
"adjusted_hits_at_k": 0.5953047980841419,
"adjusted_inverse_harmonic_mean_rank": 0.15572785924285154,
"arithmetic_mean_rank": 11.512104283054004,
"count": 1074.0,
"geometric_mean_rank": 7.281638311148144,