{"MRR": 0.1999395042657852,
"evaluation_time": "days: 0.0, hours: 0.0, minutes: 0.0, seconds: 0.1811840534210205",
"hit_at_1": 0.01303538175046555,
"hit_at_10": 0.40409683426443205,
"hit_at_3": 0.25931098696461824,
"hit_at_5": 0.40409683426443205,
"training_time": "days: 0.0, hours: 0.0, minutes: 0.0, seconds: 7.181729078292847"}