{"both": {"optimistic": {"adjusted_arithmetic_mean_rank": 0.3050424144272467,
"adjusted_arithmetic_mean_rank_index": 0.7098328392416731,
"adjusted_geometric_mean_rank_index": 0.7717853504170011,
"adjusted_hits_at_k": 0.5014997495856459,
"adjusted_inverse_harmonic_mean_rank": 0.13149343338655567,
"arithmetic_mean_rank": 14.556331471135941,
"count": 2148.0,
"geometric_mean_rank": 8.961400778206173,
"harmonic_mean_rank": 5.593093759031539,
"hits_at_1": 0.019553072625698324,
"hits_at_10": 0.5544692737430168,
"hits_at_3": 0.2015828677839851,
"hits_at_5": 0.3407821229050279,
"inverse_arithmetic_mean_rank": 0.06869862794639715,
"inverse_geometric_mean_rank": 0.11158969727500265,
"inverse_harmonic_mean_rank": 0.17879192502096605,
"inverse_median_rank": 0.1111111111111111,
"median_absolute_deviation": 8.895613311033612,
"median_rank": 9.0,
"standard_deviation": 15.49908665375335,
"variance": 240.22168710055522,
"z_arithmetic_mean_rank": 56.287020340460124,
"z_geometric_mean_rank": 37.79226988393915,
"z_hits_at_k": 67.42280985326855,
"z_inverse_harmonic_mean_rank": 48.03100648488889},
"pessimistic": {"adjusted_arithmetic_mean_rank": 0.3050424144272467,
"adjusted_arithmetic_mean_rank_index": 0.7098328392416731,
"adjusted_geometric_mean_rank_index": 0.7717853504170011,
"adjusted_hits_at_k": 0.5014997495856459,
"adjusted_inverse_harmonic_mean_rank": 0.13149343338655567,
"arithmetic_mean_rank": 14.556331471135941,
"count": 2148.0,
"geometric_mean_rank": 8.961400778206173,
"harmonic_mean_rank": 5.593093759031539,
"hits_at_1": 0.019553072625698324,
"hits_at_10": 0.5544692737430168,
"hits_at_3": 0.2015828677839851,
"hits_at_5": 0.3407821229050279,
"inverse_arithmetic_mean_rank": 0.06869862794639715,
"inverse_geometric_mean_rank": 0.11158969727500265,
"inverse_harmonic_mean_rank": 0.17879192502096605,
"inverse_median_rank": 0.1111111111111111,
"median_absolute_deviation": 8.895613311033612,
"median_rank": 9.0,
"standard_deviation": 15.49908665375335,
"variance": 240.22168710055522,
"z_arithmetic_mean_rank": 56.287020340460124,
"z_geometric_mean_rank": 37.79226988393915,
"z_hits_at_k": 67.42280985326855,
"z_inverse_harmonic_mean_rank": 48.03100648488889},
"realistic": {"adjusted_arithmetic_mean_rank": 0.3050424178511534,
"adjusted_arithmetic_mean_rank_index": 0.7098328357444792,
"adjusted_geometric_mean_rank_index": 0.7717853171314468,
"adjusted_hits_at_k": 0.5014997495856459,
"adjusted_inverse_harmonic_mean_rank": 0.13149343369338815,
"arithmetic_mean_rank": 14.556331634521484,
"count": 2148.0,
"geometric_mean_rank": 8.96140193939209,
"harmonic_mean_rank": 5.593093749955724,
"hits_at_1": 0.019553072625698324,
"hits_at_10": 0.5544692737430168,
"hits_at_3": 0.2015828677839851,
"hits_at_5": 0.3407821229050279,
"inverse_arithmetic_mean_rank": 0.06869862973690033,
"inverse_geometric_mean_rank": 0.11158968508243561,
"inverse_harmonic_mean_rank": 0.17879192531108856,
"inverse_median_rank": 0.1111111119389534,
"median_absolute_deviation": 8.895613311033612,
"median_rank": 9.0,
"standard_deviation": 15.499086380004883,
"variance": 240.2216796875,
"z_arithmetic_mean_rank": 56.28702006314607,
"z_geometric_mean_rank": 37.79226825403435,
"z_hits_at_k": 67.42280985326855,
"z_inverse_harmonic_mean_rank": 48.03100659696652}},
"head": {"optimistic": {"adjusted_arithmetic_mean_rank": 0.2811454952599856,
"adjusted_arithmetic_mean_rank_index": 0.7344164155488142,
"adjusted_geometric_mean_rank_index": 0.7882450129499863,
"adjusted_hits_at_k": 0.5294933032729391,
"adjusted_inverse_harmonic_mean_rank": 0.14418852724526582,
"arithmetic_mean_rank": 13.268156424581006,
"count": 1074.0,
"geometric_mean_rank": 8.304812445620454,
"harmonic_mean_rank": 5.229211471436255,
"hits_at_1": 0.023277467411545624,
"hits_at_10": 0.5800744878957169,
"hits_at_3": 0.2271880819366853,
"hits_at_5": 0.36964618249534453,
"inverse_arithmetic_mean_rank": 0.07536842105263157,
"inverse_geometric_mean_rank": 0.12041211123646149,
"inverse_harmonic_mean_rank": 0.19123342122657358,
"inverse_median_rank": 0.1111111111111111,
"median_absolute_deviation": 8.895613311033612,
"median_rank": 9.0,
"standard_deviation": 13.667533161080573,
"variance": 186.80146270923711,
"z_arithmetic_mean_rank": 41.1646280663879,
"z_geometric_mean_rank": 27.30874658009482,
"z_hits_at_k": 50.010381945633554,
"z_inverse_harmonic_mean_rank": 37.03545581303306},
"pessimistic": {"adjusted_arithmetic_mean_rank": 0.2811454952599856,
"adjusted_arithmetic_mean_rank_index": 0.7344164155488142,
"adjusted_geometric_mean_rank_index": 0.7882450129499863,
"adjusted_hits_at_k": 0.5294933032729391,
"adjusted_inverse_harmonic_mean_rank": 0.14418852724526582,
"arithmetic_mean_rank": 13.268156424581006,
"count": 1074.0,
"geometric_mean_rank": 8.304812445620454,
"harmonic_mean_rank": 5.229211471436255,
"hits_at_1": 0.023277467411545624,
"hits_at_10": 0.5800744878957169,
"hits_at_3": 0.2271880819366853,
"hits_at_5": 0.36964618249534453,
"inverse_arithmetic_mean_rank": 0.07536842105263157,
"inverse_geometric_mean_rank": 0.12041211123646149,
"inverse_harmonic_mean_rank": 0.19123342122657358,
"inverse_median_rank": 0.1111111111111111,
"median_absolute_deviation": 8.895613311033612,
"median_rank": 9.0,
"standard_deviation": 13.667533161080573,
"variance": 186.80146270923711,
"z_arithmetic_mean_rank": 41.1646280663879,
"z_geometric_mean_rank": 27.30874658009482,
"z_hits_at_k": 50.010381945633554,
"z_inverse_harmonic_mean_rank": 37.03545581303306},
"realistic": {"adjusted_arithmetic_mean_rank": 0.28114548735746486,
"adjusted_arithmetic_mean_rank_index": 0.7344164236224103,
"adjusted_geometric_mean_rank_index": 0.7882450133640861,
"adjusted_hits_at_k": 0.5294933032729391,
"adjusted_inverse_harmonic_mean_rank": 0.14418853264816955,
"arithmetic_mean_rank": 13.268156051635742,
"count": 1074.0,
"geometric_mean_rank": 8.30481243133545,
"harmonic_mean_rank": 5.229211331817192,
"hits_at_1": 0.023277467411545624,
"hits_at_10": 0.5800744878957169,
"hits_at_3": 0.2271880819366853,
"hits_at_5": 0.36964618249534453,
"inverse_arithmetic_mean_rank": 0.07536842674016953,
"inverse_geometric_mean_rank": 0.12041211128234863,
"inverse_harmonic_mean_rank": 0.19123342633247378,
"inverse_median_rank": 0.1111111119389534,
"median_absolute_deviation": 8.895613311033612,
"median_rank": 9.0,
"standard_deviation": 13.667531967163086,
"variance": 186.8014373779297,
"z_arithmetic_mean_rank": 41.16462851891943,
"z_geometric_mean_rank": 27.308746594441303,
"z_hits_at_k": 50.010381945633554,
"z_inverse_harmonic_mean_rank": 37.03545720079259}},
"tail": {"optimistic": {"adjusted_arithmetic_mean_rank": 0.32841841165685615,
"adjusted_arithmetic_mean_rank_index": 0.6857964959303129,
"adjusted_geometric_mean_rank_index": 0.7543464182276349,
"adjusted_hits_at_k": 0.4735841332405549,
"adjusted_inverse_harmonic_mean_rank": 0.11881206794486868,
"arithmetic_mean_rank": 15.844506517690876,
"count": 1074.0,
"geometric_mean_rank": 9.669899763959625,
"harmonic_mean_rank": 6.01140620508983,
"hits_at_1": 0.015828677839851025,
"hits_at_10": 0.5288640595903166,
"hits_at_3": 0.17597765363128492,
"hits_at_5": 0.31191806331471134,
"inverse_arithmetic_mean_rank": 0.0631133572310043,
"inverse_geometric_mean_rank": 0.10341368829148241,
"inverse_harmonic_mean_rank": 0.1663504288153585,
"inverse_median_rank": 0.1,
"median_absolute_deviation": 8.895613311033612,
"median_rank": 10.0,
"standard_deviation": 17.038870901287435,
"variance": 290.3231215907397,
"z_arithmetic_mean_rank": 38.47112592625565,
"z_geometric_mean_rank": 26.11647537135282,
"z_hits_at_k": 45.31705705354093,
"z_inverse_harmonic_mean_rank": 30.860347251583477},
"pessimistic": {"adjusted_arithmetic_mean_rank": 0.32841841165685615,
"adjusted_arithmetic_mean_rank_index": 0.6857964959303129,
"adjusted_geometric_mean_rank_index": 0.7543464182276349,
"adjusted_hits_at_k": 0.4735841332405549,
"adjusted_inverse_harmonic_mean_rank": 0.11881206794486868,
"arithmetic_mean_rank": 15.844506517690876,
"count": 1074.0,
"geometric_mean_rank": 9.669899763959625,