{"both": {"optimistic": {"adjusted_arithmetic_mean_rank": 0.9287146976067909,
"adjusted_arithmetic_mean_rank_index": 0.07129483895868105,
"adjusted_geometric_mean_rank_index": 0.10358501999438963,
"adjusted_hits_at_k": -0.0006693041717176087,
"adjusted_inverse_harmonic_mean_rank": -0.00020896347569138255,
"arithmetic_mean_rank": 6943.02,
"count": 100.0,
"geometric_mean_rank": 4956.858448617473,
"harmonic_mean_rank": 2115.378294488065,
"hits_at_1": 0.0,
"hits_at_10": 0.0,
"hits_at_3": 0.0,
"hits_at_5": 0.0,
"inverse_arithmetic_mean_rank": 0.00014402954333992988,
"inverse_geometric_mean_rank": 0.00020174068119272438,
"inverse_harmonic_mean_rank": 0.00047272868526903667,
"inverse_median_rank": 0.0001478743068391867,
"median_absolute_deviation": 5475.991294050441,
"median_rank": 6762.5,
"standard_deviation": 4323.755247420927,
"variance": 18694859.4396,
"z_arithmetic_mean_rank": 1.234780241716237,
"z_geometric_mean_rank": 1.045192054247547,
"z_hits_at_k": -0.25870913623563535,
"z_inverse_harmonic_mean_rank": -0.19950838736528237},
"pessimistic": {"adjusted_arithmetic_mean_rank": 0.9287160352303288,
"adjusted_arithmetic_mean_rank_index": 0.0712935011561957,
"adjusted_geometric_mean_rank_index": 0.10357915412049334,
"adjusted_hits_at_k": -0.0006693041717176087,
"adjusted_inverse_harmonic_mean_rank": -0.00020896775886081604,
"arithmetic_mean_rank": 6943.03,
"count": 100.0,
"geometric_mean_rank": 4956.890878286049,
"harmonic_mean_rank": 2115.3974480336774,
"hits_at_1": 0.0,
"hits_at_10": 0.0,
"hits_at_3": 0.0,
"hits_at_5": 0.0,
"inverse_arithmetic_mean_rank": 0.00014402933589513514,
"inverse_geometric_mean_rank": 0.0002017393613364697,
"inverse_harmonic_mean_rank": 0.0004727244050187962,
"inverse_median_rank": 0.0001478743068391867,
"median_absolute_deviation": 5475.991294050441,
"median_rank": 6762.5,
"standard_deviation": 4323.74272466575,
"variance": 18694751.149100002,
"z_arithmetic_mean_rank": 1.2347570718472767,
"z_geometric_mean_rank": 1.0451328664925228,
"z_hits_at_k": -0.25870913623563535,
"z_inverse_harmonic_mean_rank": -0.199512476731731},
"realistic": {"adjusted_arithmetic_mean_rank": 0.9287153533558299,
"adjusted_arithmetic_mean_rank_index": 0.07129418312191582,
"adjusted_geometric_mean_rank_index": 0.10358220282313113,
"adjusted_hits_at_k": -0.0006693041717176087,
"adjusted_inverse_harmonic_mean_rank": -0.00020896562923875304,
"arithmetic_mean_rank": 6943.02490234375,
"count": 100.0,
"geometric_mean_rank": 4956.8740234375,
"harmonic_mean_rank": 2115.3879247123027,
"hits_at_1": 0.0,
"hits_at_10": 0.0,
"hits_at_3": 0.0,
"hits_at_5": 0.0,
"inverse_arithmetic_mean_rank": 0.00014402944361791015,
"inverse_geometric_mean_rank": 0.000201740040211007,
"inverse_harmonic_mean_rank": 0.0004727265331894159,
"inverse_median_rank": 0.00014787430700380355,
"median_absolute_deviation": 5475.991294050441,
"median_rank": 6762.5,
"standard_deviation": 4323.7490234375,
"variance": 18694804.0,
"z_arithmetic_mean_rank": 1.234768883050009,
"z_geometric_mean_rank": 1.0451636284673036,
"z_hits_at_k": -0.25870913623563535,
"z_inverse_harmonic_mean_rank": -0.19951044346987945}},
"head": {"optimistic": {"adjusted_arithmetic_mean_rank": 0.9432315228237635,
"adjusted_arithmetic_mean_rank_index": 0.05677607164166332,
"adjusted_geometric_mean_rank_index": 0.12972024261034865,
"adjusted_hits_at_k": -0.0006693010356576242,
"adjusted_inverse_harmonic_mean_rank": -6.407304872704464e-05,
"arithmetic_mean_rank": 7051.58,
"count": 50.0,
"geometric_mean_rank": 4835.958433161027,
"harmonic_mean_rank": 1619.3873470213812,
"hits_at_1": 0.0,
"hits_at_10": 0.0,
"hits_at_3": 0.0,
"hits_at_5": 0.0,
"inverse_arithmetic_mean_rank": 0.00014181218960857,
"inverse_geometric_mean_rank": 0.00020678424221821722,
"inverse_harmonic_mean_rank": 0.0006175174839048541,
"inverse_median_rank": 0.0001343634531407457,
"median_absolute_deviation": 5991.93686609039,
"median_rank": 7442.5,
"standard_deviation": 4423.220076324487,
"variance": 19564875.8436,
"z_arithmetic_mean_rank": 0.6953155175809513,
"z_geometric_mean_rank": 0.9323093208195159,
"z_hits_at_k": -0.1829345560108452,
"z_inverse_harmonic_mean_rank": -0.043256580094362174},
"pessimistic": {"adjusted_arithmetic_mean_rank": 0.9432341980583148,
"adjusted_arithmetic_mean_rank_index": 0.05677339604922016,
"adjusted_geometric_mean_rank_index": 0.12970885281014266,
"adjusted_hits_at_k": -0.0006693010356576242,
"adjusted_inverse_harmonic_mean_rank": -6.408161506588712e-05,
"arithmetic_mean_rank": 7051.6,
"count": 50.0,
"geometric_mean_rank": 4836.02171075664,
"harmonic_mean_rank": 1619.4097965207127,
"hits_at_1": 0.0,
"hits_at_10": 0.0,
"hits_at_3": 0.0,
"hits_at_5": 0.0,
"inverse_arithmetic_mean_rank": 0.00014181178739576834,
"inverse_geometric_mean_rank": 0.000206781536521171,
"inverse_harmonic_mean_rank": 0.0006175089234043729,
"inverse_median_rank": 0.0001343634531407457,
"median_absolute_deviation": 5991.93686609039,
"median_rank": 7442.5,
"standard_deviation": 4423.195103090073,
"variance": 19564654.92,
"z_arithmetic_mean_rank": 0.6952827505914314,
"z_geometric_mean_rank": 0.9322274614529231,
"z_hits_at_k": -0.1829345560108452,
"z_inverse_harmonic_mean_rank": -0.04326236334534861},
"realistic": {"adjusted_arithmetic_mean_rank": 0.9432328395407692,
"adjusted_arithmetic_mean_rank_index": 0.05677475474850768,
"adjusted_geometric_mean_rank_index": 0.1297139032504101,
"adjusted_hits_at_k": -0.0006693010356576242,
"adjusted_inverse_harmonic_mean_rank": -6.407733528523963e-05,
"arithmetic_mean_rank": 7051.58984375,
"count": 50.0,
"geometric_mean_rank": 4835.99365234375,
"harmonic_mean_rank": 1619.3985805740822,
"hits_at_1": 0.0,
"hits_at_10": 0.0,
"hits_at_3": 0.0,
"hits_at_5": 0.0,
"inverse_arithmetic_mean_rank": 0.00014181199367158115,
"inverse_geometric_mean_rank": 0.0002067827299470082,
"inverse_harmonic_mean_rank": 0.0006175132002681494,
"inverse_median_rank": 0.0001343634503427893,
"median_absolute_deviation": 5991.93686609039,
"median_rank": 7442.5,
"standard_deviation": 4423.20751953125,
"variance": 19564766.0,
"z_arithmetic_mean_rank": 0.6952993900782971,
"z_geometric_mean_rank": 0.9322637593540124,
"z_hits_at_k": -0.1829345560108452,
"z_inverse_harmonic_mean_rank": -0.04325947400766228}},
"tail": {"optimistic": {"adjusted_arithmetic_mean_rank": 0.914197736462852,
"adjusted_arithmetic_mean_rank_index": 0.08581374223903682,
"adjusted_geometric_mean_rank_index": 0.08564426722315777,
"adjusted_hits_at_k": -0.000669307307777612,
"adjusted_inverse_harmonic_mean_rank": -0.0003538539034903114,
"arithmetic_mean_rank": 6834.46,
"count": 50.0,
"geometric_mean_rank": 5080.780990826263,
"harmonic_mean_rank": 3049.3393477275895,
"hits_at_1": 0.0,
"hits_at_10": 0.0,
"hits_at_3": 0.0,
"hits_at_5": 0.0,
"inverse_arithmetic_mean_rank": 0.00014631733889729402,
"inverse_geometric_mean_rank": 0.0001968201348976813,
"inverse_harmonic_mean_rank": 0.0003279398866332191,
"inverse_median_rank": 0.0001611733419292449,
"median_absolute_deviation": 5235.068433543281,
"median_rank": 6204.5,
"standard_deviation": 4219.155423588943,
"variance": 17801272.488399997,
"z_arithmetic_mean_rank": 1.0509291117296318,
"z_geometric_mean_rank": 0.6155319157047208,
"z_hits_at_k": -0.1829354131624148,
"z_inverse_harmonic_mean_rank": -0.23889043068545596},
"pessimistic": {"adjusted_arithmetic_mean_rank": 0.914197736462852,
"adjusted_arithmetic_mean_rank_index": 0.08581374223903682,
"adjusted_geometric_mean_rank_index": 0.08564426722315777,
"adjusted_hits_at_k": -0.000669307307777612,
"adjusted_inverse_harmonic_mean_rank": -0.0003538539034903114,
"arithmetic_mean_rank": 6834.46,
"count": 50.0,
"geometric_mean_rank": 5080.780990826263,
"harmonic_mean_rank": 3049.3393477275895,
"hits_at_1": 0.0,
"hits_at_10": 0.0,
"hits_at_3": 0.0,
"hits_at_5": 0.0,
"inverse_arithmetic_mean_rank": 0.00014631733889729402,
"inverse_geometric_mean_rank": 0.0001968201348976813,
"inverse_harmonic_mean_rank": 0.0003279398866332191,
"inverse_median_rank": 0.0001611733419292449,