{"both": {"optimistic": {"adjusted_arithmetic_mean_rank": 0.04876536371354419,
"adjusted_arithmetic_mean_rank_index": 0.951281123619304,
"adjusted_geometric_mean_rank_index": 0.9998948709609818,
"adjusted_hits_at_k": 0.8825713066211676,
"adjusted_inverse_harmonic_mean_rank": 0.7982883918401026,
"arithmetic_mean_rank": 997.897,
"count": 10000.0,
"geometric_mean_rank": 2.5829975199535746,
"harmonic_mean_rank": 1.2525935294566932,
"hits_at_1": 0.7501,
"hits_at_10": 0.8826,
"hits_at_3": 0.8336,
"hits_at_5": 0.8587,
"inverse_arithmetic_mean_rank": 0.0010021074319293475,
"inverse_geometric_mean_rank": 0.3871471003262804,
"inverse_harmonic_mean_rank": 0.7983435779312588,
"inverse_median_rank": 1.0,
"median_absolute_deviation": 0.0,
"median_rank": 1.0,
"standard_deviation": 4820.710791013188,
"variance": 23239252.530590996,
"z_arithmetic_mean_rank": 164.76249155274854,
"z_geometric_mean_rank": 100.0703609050424,
"z_hits_at_k": 5645.377739034175,
"z_inverse_harmonic_mean_rank": 12600.013066838745},
"pessimistic": {"adjusted_arithmetic_mean_rank": 0.04876536371354419,
"adjusted_arithmetic_mean_rank_index": 0.951281123619304,
"adjusted_geometric_mean_rank_index": 0.9998948709609818,
"adjusted_hits_at_k": 0.8825713066211676,
"adjusted_inverse_harmonic_mean_rank": 0.7982883918401026,
"arithmetic_mean_rank": 997.897,
"count": 10000.0,
"geometric_mean_rank": 2.5829975199535746,
"harmonic_mean_rank": 1.2525935294566932,
"hits_at_1": 0.7501,
"hits_at_10": 0.8826,
"hits_at_3": 0.8336,
"hits_at_5": 0.8587,
"inverse_arithmetic_mean_rank": 0.0010021074319293475,
"inverse_geometric_mean_rank": 0.3871471003262804,
"inverse_harmonic_mean_rank": 0.7983435779312588,
"inverse_median_rank": 1.0,
"median_absolute_deviation": 0.0,
"median_rank": 1.0,
"standard_deviation": 4820.710791013188,
"variance": 23239252.530590996,
"z_arithmetic_mean_rank": 164.76249155274854,
"z_geometric_mean_rank": 100.0703609050424,
"z_hits_at_k": 5645.377739034175,
"z_inverse_harmonic_mean_rank": 12600.013066838745},
"realistic": {"adjusted_arithmetic_mean_rank": 0.048765362377306165,
"adjusted_arithmetic_mean_rank_index": 0.9512811249556072,
"adjusted_geometric_mean_rank_index": 0.999894870958289,
"adjusted_hits_at_k": 0.8825713066211676,
"adjusted_inverse_harmonic_mean_rank": 0.798288353136231,
"arithmetic_mean_rank": 997.89697265625,
"count": 10000.0,
"geometric_mean_rank": 2.5829975605010986,
"harmonic_mean_rank": 1.252593590166091,
"hits_at_1": 0.7501,
"hits_at_10": 0.8826,
"hits_at_3": 0.8336,
"hits_at_5": 0.8587,
"inverse_arithmetic_mean_rank": 0.0010021075140684843,
"inverse_geometric_mean_rank": 0.38714709877967834,
"inverse_harmonic_mean_rank": 0.7983435392379761,
"inverse_median_rank": 1.0,
"median_absolute_deviation": 0.0,
"median_rank": 1.0,
"standard_deviation": 4820.71044921875,
"variance": 23239250.0,
"z_arithmetic_mean_rank": 164.76249178419712,
"z_geometric_mean_rank": 100.0703609047729,
"z_hits_at_k": 5645.377739034175,
"z_inverse_harmonic_mean_rank": 12600.01245594512}},
"head": {"optimistic": {"adjusted_arithmetic_mean_rank": 0.04856076443182983,
"adjusted_arithmetic_mean_rank_index": 0.9514857339779192,
"adjusted_geometric_mean_rank_index": 0.999894612082422,
"adjusted_hits_at_k": 0.8817711104207766,
"adjusted_inverse_harmonic_mean_rank": 0.7962952562533376,
"arithmetic_mean_rank": 993.6872,
"count": 5000.0,
"geometric_mean_rank": 2.5869379123290197,
"harmonic_mean_rank": 1.255727705530823,
"hits_at_1": 0.7478,
"hits_at_10": 0.8818,
"hits_at_3": 0.8324,
"hits_at_5": 0.8566,
"inverse_arithmetic_mean_rank": 0.0010063529046162615,
"inverse_geometric_mean_rank": 0.38655740257009114,
"inverse_harmonic_mean_rank": 0.7963509888294442,
"inverse_median_rank": 1.0,
"median_absolute_deviation": 0.0,
"median_rank": 1.0,
"standard_deviation": 4812.6188908489485,
"variance": 23161300.58855616,
"z_arithmetic_mean_rank": 116.52972413597502,
"z_geometric_mean_rank": 70.76564921571033,
"z_hits_at_k": 3988.2190010209497,
"z_inverse_harmonic_mean_rank": 8887.205989507545},
"pessimistic": {"adjusted_arithmetic_mean_rank": 0.04856076443182983,
"adjusted_arithmetic_mean_rank_index": 0.9514857339779192,
"adjusted_geometric_mean_rank_index": 0.999894612082422,
"adjusted_hits_at_k": 0.8817711104207766,
"adjusted_inverse_harmonic_mean_rank": 0.7962952562533376,
"arithmetic_mean_rank": 993.6872,
"count": 5000.0,
"geometric_mean_rank": 2.5869379123290197,
"harmonic_mean_rank": 1.255727705530823,
"hits_at_1": 0.7478,
"hits_at_10": 0.8818,
"hits_at_3": 0.8324,
"hits_at_5": 0.8566,
"inverse_arithmetic_mean_rank": 0.0010063529046162615,
"inverse_geometric_mean_rank": 0.38655740257009114,
"inverse_harmonic_mean_rank": 0.7963509888294442,
"inverse_median_rank": 1.0,
"median_absolute_deviation": 0.0,
"median_rank": 1.0,
"standard_deviation": 4812.6188908489485,
"variance": 23161300.58855616,
"z_arithmetic_mean_rank": 116.52972413597502,
"z_geometric_mean_rank": 70.76564921571033,
"z_hits_at_k": 3988.2190010209497,
"z_inverse_harmonic_mean_rank": 8887.205989507545},
"realistic": {"adjusted_arithmetic_mean_rank": 0.0485607641788932,
"adjusted_arithmetic_mean_rank_index": 0.9514857342308682,
"adjusted_geometric_mean_rank_index": 0.9998946120829514,
"adjusted_hits_at_k": 0.8817711104207766,
"adjusted_inverse_harmonic_mean_rank": 0.7962952233780337,
"arithmetic_mean_rank": 993.6871948242188,
"count": 5000.0,
"geometric_mean_rank": 2.58693790435791,
"harmonic_mean_rank": 1.2557277573561332,
"hits_at_1": 0.7478,
"hits_at_10": 0.8818,
"hits_at_3": 0.8324,
"hits_at_5": 0.8566,
"inverse_arithmetic_mean_rank": 0.001006352948024869,
"inverse_geometric_mean_rank": 0.386557400226593,
"inverse_harmonic_mean_rank": 0.7963509559631348,
"inverse_median_rank": 1.0,
"median_absolute_deviation": 0.0,
"median_rank": 1.0,
"standard_deviation": 4812.61865234375,
"variance": 23161300.0,
"z_arithmetic_mean_rank": 116.52972416695401,
"z_geometric_mean_rank": 70.7656492157478,
"z_hits_at_k": 3988.2190010209497,
"z_inverse_harmonic_mean_rank": 8887.205622596408}},
"tail": {"optimistic": {"adjusted_arithmetic_mean_rank": 0.04896995350901079,
"adjusted_arithmetic_mean_rank_index": 0.9510765227479135,
"adjusted_geometric_mean_rank_index": 0.9998951399231749,
"adjusted_hits_at_k": 0.883371502812424,
"adjusted_inverse_harmonic_mean_rank": 0.8002815274036752,
"arithmetic_mean_rank": 1002.1068,
"count": 5000.0,
"geometric_mean_rank": 2.5790631295358866,
"harmonic_mean_rank": 1.2494749596373993,
"hits_at_1": 0.7524,
"hits_at_10": 0.8834,
"hits_at_3": 0.8348,
"hits_at_5": 0.8608,
"inverse_arithmetic_mean_rank": 0.000997897629274644,
"inverse_geometric_mean_rank": 0.38773769767316796,
"inverse_harmonic_mean_rank": 0.8003361670330732,
"inverse_median_rank": 1.0,
"median_absolute_deviation": 0.0,
"median_rank": 1.0,
"standard_deviation": 4828.785460940852,
"variance": 23317169.02779376,
"z_arithmetic_mean_rank": 116.47962720768633,
"z_geometric_mean_rank": 70.76568460822965,
"z_hits_at_k": 3995.550848374039,
"z_inverse_harmonic_mean_rank": 8931.90389801003},
"pessimistic": {"adjusted_arithmetic_mean_rank": 0.04896995350901079,
"adjusted_arithmetic_mean_rank_index": 0.9510765227479135,
"adjusted_geometric_mean_rank_index": 0.9998951399231749,
"adjusted_hits_at_k": 0.883371502812424,
"adjusted_inverse_harmonic_mean_rank": 0.8002815274036752,
"arithmetic_mean_rank": 1002.1068,
"count": 5000.0,
"geometric_mean_rank": 2.5790631295358866,
"harmonic_mean_rank": 1.2494749596373993,
"hits_at_1": 0.7524,
"hits_at_10": 0.8834,
"hits_at_3": 0.8348,
"hits_at_5": 0.8608,
"inverse_arithmetic_mean_rank": 0.000997897629274644,
"inverse_geometric_mean_rank": 0.38773769767316796,
"inverse_harmonic_mean_rank": 0.8003361670330732,
"inverse_median_rank": 1.0,
"median_absolute_deviation": 0.0,
"median_rank": 1.0,
"standard_deviation": 4828.785460940852,
"variance": 23317169.02779376,
"z_arithmetic_mean_rank": 116.47962720768633,
"z_geometric_mean_rank": 70.76568460822965,
"z_hits_at_k": 3995.550848374039,
"z_inverse_harmonic_mean_rank": 8931.90389801003},