{"MRR": 0.6082678437232971,
"evaluation_time": "days: 0.0, hours: 0.0, minutes: 1.0, seconds: 35.33342003822327",
"hit_at_1": 0.5497,
"hit_at_10": 0.6725,
"hit_at_3": 0.641,
"hit_at_5": 0.6725,
"training_time": "days: 0.0, hours: 6.0, minutes: 7.0, seconds: 47.565967082977295"}