{"both": {"optimistic": {"adjusted_arithmetic_mean_rank": 0.05711990378060006,
"adjusted_arithmetic_mean_rank_index": 0.9429261752615172,
"adjusted_geometric_mean_rank_index": 0.9996614391367314,
"adjusted_hits_at_k": 0.7158305639784812,
"adjusted_inverse_harmonic_mean_rank": 0.6081606650975202,
"arithmetic_mean_rank": 1168.8579,
"count": 10000.0,
"geometric_mean_rank": 6.0979349941054375,
"harmonic_mean_rank": 1.6440125354560402,
"hits_at_1": 0.5497,
"hits_at_10": 0.7159,
"hits_at_3": 0.641,
"hits_at_5": 0.6725,
"inverse_arithmetic_mean_rank": 0.0008555359894474769,
"inverse_geometric_mean_rank": 0.16398994101554853,
"inverse_harmonic_mean_rank": 0.6082678680564959,
"inverse_median_rank": 1.0,
"median_absolute_deviation": 0.0,
"median_rank": 1.0,
"standard_deviation": 5134.155663661512,
"variance": 26359554.378707588,
"z_arithmetic_mean_rank": 163.3154092192044,
"z_geometric_mean_rank": 100.04699884211172,
"z_hits_at_k": 4578.818618379355,
"z_inverse_harmonic_mean_rank": 9599.07773342765},
"pessimistic": {"adjusted_arithmetic_mean_rank": 0.0571199086674134,
"adjusted_arithmetic_mean_rank_index": 0.942926170374465,
"adjusted_geometric_mean_rank_index": 0.999661439131139,
"adjusted_hits_at_k": 0.7158305639784812,
"adjusted_inverse_harmonic_mean_rank": 0.608160665095613,
"arithmetic_mean_rank": 1168.858,
"count": 10000.0,
"geometric_mean_rank": 6.097935078313615,
"harmonic_mean_rank": 1.6440125354611939,
"hits_at_1": 0.5497,
"hits_at_10": 0.7159,
"hits_at_3": 0.641,
"hits_at_5": 0.6725,
"inverse_arithmetic_mean_rank": 0.0008555359162533003,
"inverse_geometric_mean_rank": 0.16398993875096327,
"inverse_harmonic_mean_rank": 0.6082678680545891,
"inverse_median_rank": 1.0,
"median_absolute_deviation": 0.0,
"median_rank": 1.0,
"standard_deviation": 5134.155781940784,
"variance": 26359555.593235992,
"z_arithmetic_mean_rank": 163.3154083727639,
"z_geometric_mean_rank": 100.04699884155202,
"z_hits_at_k": 4578.818618379355,
"z_inverse_harmonic_mean_rank": 9599.077733397546},
"realistic": {"adjusted_arithmetic_mean_rank": 0.057119910242265357,
"adjusted_arithmetic_mean_rank_index": 0.9429261687995362,
"adjusted_geometric_mean_rank_index": 0.9996614391547425,
"adjusted_hits_at_k": 0.7158305639784812,
"adjusted_inverse_harmonic_mean_rank": 0.6081606407576623,
"arithmetic_mean_rank": 1168.8580322265625,
"count": 10000.0,
"geometric_mean_rank": 6.097934722900391,
"harmonic_mean_rank": 1.644012601223258,
"hits_at_1": 0.5497,
"hits_at_10": 0.7159,
"hits_at_3": 0.641,
"hits_at_5": 0.6725,
"inverse_arithmetic_mean_rank": 0.0008555359090678394,
"inverse_geometric_mean_rank": 0.16398994624614716,
"inverse_harmonic_mean_rank": 0.6082678437232971,
"inverse_median_rank": 1.0,
"median_absolute_deviation": 0.0,
"median_rank": 1.0,
"standard_deviation": 5134.15576171875,
"variance": 26359554.0,
"z_arithmetic_mean_rank": 163.3154080999852,
"z_geometric_mean_rank": 100.04699884391428,
"z_hits_at_k": 4578.818618379355,
"z_inverse_harmonic_mean_rank": 9599.077349252544}},
"head": {"optimistic": {"adjusted_arithmetic_mean_rank": 0.05734049953558071,
"adjusted_arithmetic_mean_rank_index": 0.9427055697939863,
"adjusted_geometric_mean_rank_index": 0.9996496493687343,
"adjusted_hits_at_k": 0.7105292669693126,
"adjusted_inverse_harmonic_mean_rank": 0.5987291867238093,
"arithmetic_mean_rank": 1173.3448,
"count": 5000.0,
"geometric_mean_rank": 6.275601910930907,
"harmonic_mean_rank": 1.6698979961988274,
"hits_at_1": 0.5378,
"hits_at_10": 0.7106,
"hits_at_3": 0.635,
"hits_at_5": 0.6654,
"inverse_arithmetic_mean_rank": 0.0008522643983251982,
"inverse_geometric_mean_rank": 0.15934726488278197,
"inverse_harmonic_mean_rank": 0.5988389723661507,
"inverse_median_rank": 1.0,
"median_absolute_deviation": 0.0,
"median_rank": 1.0,
"standard_deviation": 5153.143575907134,
"variance": 26554888.713912964,
"z_arithmetic_mean_rank": 115.45440574318657,
"z_geometric_mean_rank": 70.74831244315622,
"z_hits_at_k": 3213.698305398382,
"z_inverse_harmonic_mean_rank": 6682.231964285315},
"pessimistic": {"adjusted_arithmetic_mean_rank": 0.05734050930943397,
"adjusted_arithmetic_mean_rank_index": 0.9427055600196554,
"adjusted_geometric_mean_rank_index": 0.999649649357224,
"adjusted_hits_at_k": 0.7105292669693126,
"adjusted_inverse_harmonic_mean_rank": 0.5987291867199942,
"arithmetic_mean_rank": 1173.345,
"count": 5000.0,
"geometric_mean_rank": 6.275602084254166,
"harmonic_mean_rank": 1.6698979962094629,
"hits_at_1": 0.5378,
"hits_at_10": 0.7106,
"hits_at_3": 0.635,
"hits_at_5": 0.6654,
"inverse_arithmetic_mean_rank": 0.0008522642530543019,
"inverse_geometric_mean_rank": 0.15934726048183576,
"inverse_harmonic_mean_rank": 0.5988389723623367,
"inverse_median_rank": 1.0,
"median_absolute_deviation": 0.0,
"median_rank": 1.0,
"standard_deviation": 5153.143811419879,
"variance": 26554891.141175,
"z_arithmetic_mean_rank": 115.45440454611126,
"z_geometric_mean_rank": 70.7483124423416,
"z_hits_at_k": 3213.698305398382,
"z_inverse_harmonic_mean_rank": 6682.231964242737},
"realistic": {"adjusted_arithmetic_mean_rank": 0.05734050191223057,
"adjusted_arithmetic_mean_rank_index": 0.9427055674172203,
"adjusted_geometric_mean_rank_index": 0.9996496493085271,
"adjusted_hits_at_k": 0.7105292669693126,
"adjusted_inverse_harmonic_mean_rank": 0.5987291993273849,
"arithmetic_mean_rank": 1173.3448486328125,
"count": 5000.0,
"geometric_mean_rank": 6.2756028175354,
"harmonic_mean_rank": 1.6698979610626254,
"hits_at_1": 0.5378,
"hits_at_10": 0.7106,
"hits_at_3": 0.635,
"hits_at_5": 0.6654,
"inverse_arithmetic_mean_rank": 0.000852264347486198,
"inverse_geometric_mean_rank": 0.15934723615646362,
"inverse_harmonic_mean_rank": 0.5988389849662781,
"inverse_median_rank": 1.0,
"median_absolute_deviation": 0.0,
"median_rank": 1.0,
"standard_deviation": 5153.1435546875,
"variance": 26554890.0,
"z_arithmetic_mean_rank": 115.45440545210087,
"z_geometric_mean_rank": 70.74831243889517,
"z_hits_at_k": 3213.698305398382,
"z_inverse_harmonic_mean_rank": 6682.23210494994}},
"tail": {"optimistic": {"adjusted_arithmetic_mean_rank": 0.056899318253543836,
"adjusted_arithmetic_mean_rank_index": 0.9431467705001734,
"adjusted_geometric_mean_rank_index": 0.999672928135251,
"adjusted_hits_at_k": 0.7211318609271339,
"adjusted_inverse_harmonic_mean_rank": 0.6175921433614858,
"arithmetic_mean_rank": 1164.371,
"count": 5000.0,
"geometric_mean_rank": 5.925297958681352,
"harmonic_mean_rank": 1.6189173372613668,
"hits_at_1": 0.5616,
"hits_at_10": 0.7212,
"hits_at_3": 0.647,
"hits_at_5": 0.6796,
"inverse_arithmetic_mean_rank": 0.0008588327947020322,
"inverse_geometric_mean_rank": 0.16876788424367195,
"inverse_harmonic_mean_rank": 0.6176967637468413,
"inverse_median_rank": 1.0,
"median_absolute_deviation": 0.0,
"median_rank": 1.0,
"standard_deviation": 5115.093330425067,
"variance": 26164179.778959002,
"z_arithmetic_mean_rank": 115.50845973212148,
"z_geometric_mean_rank": 70.74995798983477,
"z_hits_at_k": 3261.7296455042897,
"z_inverse_harmonic_mean_rank": 6892.916409762793},
"pessimistic": {"adjusted_arithmetic_mean_rank": 0.056899318253543836,
"adjusted_arithmetic_mean_rank_index": 0.9431467705001734,
"adjusted_geometric_mean_rank_index": 0.999672928135251,
"adjusted_hits_at_k": 0.7211318609271339,
"adjusted_inverse_harmonic_mean_rank": 0.6175921433614858,
"arithmetic_mean_rank": 1164.371,
"count": 5000.0,
"geometric_mean_rank": 5.925297958681352,
"harmonic_mean_rank": 1.6189173372613668,
"hits_at_1": 0.5616,
"hits_at_10": 0.7212,
"hits_at_3": 0.647,
"hits_at_5": 0.6796,
"inverse_arithmetic_mean_rank": 0.0008588327947020322,
"inverse_geometric_mean_rank": 0.16876788424367195,
"inverse_harmonic_mean_rank": 0.6176967637468413,
"inverse_median_rank": 1.0,
"median_absolute_deviation": 0.0,
"median_rank": 1.0,
"standard_deviation": 5115.093330425067,
"variance": 26164179.778959002,
"z_arithmetic_mean_rank": 115.50845973212148,
"z_geometric_mean_rank": 70.74995798983477,
"z_hits_at_k": 3261.7296455042897,
"z_inverse_harmonic_mean_rank": 6892.916409762793},