{"both": {"optimistic": {"adjusted_arithmetic_mean_rank": 0.06118292256164995,
"adjusted_arithmetic_mean_rank_index": 0.9388629579186202,
"adjusted_geometric_mean_rank_index": 0.9995075331623134,
"adjusted_hits_at_k": 0.659216730543712,
"adjusted_inverse_harmonic_mean_rank": 0.5506793648404884,
"arithmetic_mean_rank": 1252.0004,
"count": 10000.0,
"geometric_mean_rank": 8.415399113296017,
"harmonic_mean_rank": 1.8155334696197074,
"hits_at_1": 0.49,
"hits_at_10": 0.6593,
"hits_at_3": 0.5824,
"hits_at_5": 0.6161,
"inverse_arithmetic_mean_rank": 0.0007987217895457543,
"inverse_geometric_mean_rank": 0.11882977700012318,
"inverse_harmonic_mean_rank": 0.5508022940549072,
"inverse_median_rank": 0.5,
"median_absolute_deviation": 1.482602218505602,
"median_rank": 2.0,
"standard_deviation": 5284.622583080067,
"variance": 27927235.845599834,
"z_arithmetic_mean_rank": 162.61165740860508,
"z_geometric_mean_rank": 100.03159579639888,
"z_hits_at_k": 4216.687567215211,
"z_inverse_harmonic_mean_rank": 8691.80519665932},
"pessimistic": {"adjusted_arithmetic_mean_rank": 0.06118293233527664,
"adjusted_arithmetic_mean_rank_index": 0.9388629481445159,
"adjusted_geometric_mean_rank_index": 0.9995075329617765,
"adjusted_hits_at_k": 0.659216730543712,
"adjusted_inverse_harmonic_mean_rank": 0.5506793636760182,
"arithmetic_mean_rank": 1252.0006,
"count": 10000.0,
"geometric_mean_rank": 8.415402132912554,
"harmonic_mean_rank": 1.8155334734569395,
"hits_at_1": 0.49,
"hits_at_10": 0.6593,
"hits_at_3": 0.5824,
"hits_at_5": 0.6161,
"inverse_arithmetic_mean_rank": 0.000798721661954475,
"inverse_geometric_mean_rank": 0.11882973436159515,
"inverse_harmonic_mean_rank": 0.5508022928907556,
"inverse_median_rank": 0.5,
"median_absolute_deviation": 1.482602218505602,
"median_rank": 2.0,
"standard_deviation": 5284.622645771375,
"variance": 27927236.50819964,
"z_arithmetic_mean_rank": 162.61165571572403,
"z_geometric_mean_rank": 100.03159577632896,
"z_hits_at_k": 4216.687567215211,
"z_inverse_harmonic_mean_rank": 8691.80517827957},
"realistic": {"adjusted_arithmetic_mean_rank": 0.061182926875789856,
"adjusted_arithmetic_mean_rank_index": 0.9388629536042694,
"adjusted_geometric_mean_rank_index": 0.9995075331332189,
"adjusted_hits_at_k": 0.659216730543712,
"adjusted_inverse_harmonic_mean_rank": 0.550679420845154,
"arithmetic_mean_rank": 1252.00048828125,
"count": 10000.0,
"geometric_mean_rank": 8.415399551391602,
"harmonic_mean_rank": 1.8155332850697927,
"hits_at_1": 0.49,
"hits_at_10": 0.6593,
"hits_at_3": 0.5824,
"hits_at_5": 0.6161,
"inverse_arithmetic_mean_rank": 0.0007987217395566404,
"inverse_geometric_mean_rank": 0.11882977187633514,
"inverse_harmonic_mean_rank": 0.5508023500442505,
"inverse_median_rank": 0.5,
"median_absolute_deviation": 1.482602218505602,
"median_rank": 2.0,
"standard_deviation": 5284.623046875,
"variance": 27927240.0,
"z_arithmetic_mean_rank": 162.61165666135682,
"z_geometric_mean_rank": 100.03159579348707,
"z_hits_at_k": 4216.687567215211,
"z_inverse_harmonic_mean_rank": 8691.806080624969}},
"head": {"optimistic": {"adjusted_arithmetic_mean_rank": 0.06130523379188963,
"adjusted_arithmetic_mean_rank_index": 0.9387406417745541,
"adjusted_geometric_mean_rank_index": 0.9994852500997865,
"adjusted_hits_at_k": 0.6511147488558958,
"adjusted_inverse_harmonic_mean_rank": 0.5446072644082917,
"arithmetic_mean_rank": 1254.4742,
"count": 5000.0,
"geometric_mean_rank": 8.751136475500514,
"harmonic_mean_rank": 1.8357655903053955,
"hits_at_1": 0.484,
"hits_at_10": 0.6512,
"hits_at_3": 0.5776,
"hits_at_5": 0.6084,
"inverse_arithmetic_mean_rank": 0.0007971467248987663,
"inverse_geometric_mean_rank": 0.11427087245177556,
"inverse_harmonic_mean_rank": 0.5447318575317894,
"inverse_median_rank": 0.5,
"median_absolute_deviation": 1.482602218505602,
"median_rank": 2.0,
"standard_deviation": 5298.69915505064,
"variance": 28076212.735734362,
"z_arithmetic_mean_rank": 114.96881573187679,
"z_geometric_mean_rank": 70.73667739596515,
"z_hits_at_k": 2944.9685780620475,
"z_inverse_harmonic_mean_rank": 6078.193866118993},
"pessimistic": {"adjusted_arithmetic_mean_rank": 0.06130524356574289,
"adjusted_arithmetic_mean_rank_index": 0.9387406320002231,
"adjusted_geometric_mean_rank_index": 0.9994852500787433,
"adjusted_hits_at_k": 0.6511147488558958,
"adjusted_inverse_harmonic_mean_rank": 0.5446072644017345,
"arithmetic_mean_rank": 1254.4744,
"count": 5000.0,
"geometric_mean_rank": 8.751136792369769,
"harmonic_mean_rank": 1.8357655903274874,
"hits_at_1": 0.484,
"hits_at_10": 0.6512,
"hits_at_3": 0.5776,
"hits_at_5": 0.6084,
"inverse_arithmetic_mean_rank": 0.0007971465978102064,
"inverse_geometric_mean_rank": 0.11427086831415013,
"inverse_harmonic_mean_rank": 0.544731857525234,
"inverse_median_rank": 0.5,
"median_absolute_deviation": 1.482602218505602,
"median_rank": 2.0,
"standard_deviation": 5298.699316185496,
"variance": 28076214.44334465,
"z_arithmetic_mean_rank": 114.96881453480147,
"z_geometric_mean_rank": 70.73667739447585,
"z_hits_at_k": 2944.9685780620475,
"z_inverse_harmonic_mean_rank": 6078.193866045811},
"realistic": {"adjusted_arithmetic_mean_rank": 0.06130523590128569,
"adjusted_arithmetic_mean_rank_index": 0.9387406396650548,
"adjusted_geometric_mean_rank_index": 0.9994852501429121,
"adjusted_hits_at_k": 0.6511147488558958,
"adjusted_inverse_harmonic_mean_rank": 0.5446072622683729,
"arithmetic_mean_rank": 1254.4742431640625,
"count": 5000.0,
"geometric_mean_rank": 8.75113582611084,
"harmonic_mean_rank": 1.8357655975150244,
"hits_at_1": 0.484,
"hits_at_10": 0.6512,
"hits_at_3": 0.5776,
"hits_at_5": 0.6084,
"inverse_arithmetic_mean_rank": 0.0007971466984599829,
"inverse_geometric_mean_rank": 0.114270880818367,
"inverse_harmonic_mean_rank": 0.544731855392456,
"inverse_median_rank": 0.5,
"median_absolute_deviation": 1.482602218505602,
"median_rank": 2.0,
"standard_deviation": 5298.69921875,
"variance": 28076212.0,
"z_arithmetic_mean_rank": 114.96881547352362,
"z_geometric_mean_rank": 70.73667739901728,
"z_hits_at_k": 2944.9685780620475,
"z_inverse_harmonic_mean_rank": 6078.193842236019}},
"tail": {"optimistic": {"adjusted_arithmetic_mean_rank": 0.06106061700237172,
"adjusted_arithmetic_mean_rank_index": 0.9389852683912198,
"adjusted_geometric_mean_rank_index": 0.9995290089938966,
"adjusted_hits_at_k": 0.6673187121390414,
"adjusted_inverse_harmonic_mean_rank": 0.5567514652020297,
"arithmetic_mean_rank": 1249.5266,
"count": 5000.0,
"geometric_mean_rank": 8.092542315426861,
"harmonic_mean_rank": 1.7957424472231132,
"hits_at_1": 0.496,
"hits_at_10": 0.6674,
"hits_at_3": 0.5872,
"hits_at_5": 0.6238,
"inverse_arithmetic_mean_rank": 0.0008003030907865427,
"inverse_geometric_mean_rank": 0.1235705617619934,
"inverse_harmonic_mean_rank": 0.556872730578025,
"inverse_median_rank": 0.5,
"median_absolute_deviation": 1.482602218505602,
"median_rank": 2.0,
"standard_deviation": 5270.507254154238,
"variance": 27778246.716092445,
"z_arithmetic_mean_rank": 114.9987949441879,
"z_geometric_mean_rank": 70.73977238520533,
"z_hits_at_k": 3018.3290245770854,
"z_inverse_harmonic_mean_rank": 6213.876507176226},
"pessimistic": {"adjusted_arithmetic_mean_rank": 0.06106062677577183,
"adjusted_arithmetic_mean_rank_index": 0.9389852586173421,
"adjusted_geometric_mean_rank_index": 0.9995290086276969,
"adjusted_hits_at_k": 0.6673187121390414,
"adjusted_inverse_harmonic_mean_rank": 0.5567514628796466,
"arithmetic_mean_rank": 1249.5268,
"count": 5000.0,
"geometric_mean_rank": 8.092547829943321,
"harmonic_mean_rank": 1.7957424547100322,
"hits_at_1": 0.496,
"hits_at_10": 0.6674,
"hits_at_3": 0.5872,
"hits_at_5": 0.6238,
"inverse_arithmetic_mean_rank": 0.0008003029626895557,
"inverse_geometric_mean_rank": 0.1235704775571285,
"inverse_harmonic_mean_rank": 0.5568727282562772,
"inverse_median_rank": 0.5,
"median_absolute_deviation": 1.482602218505602,
"median_rank": 2.0,
"standard_deviation": 5270.507217875881,
"variance": 27778246.333681762,
"z_arithmetic_mean_rank": 114.9987937471679,
"z_geometric_mean_rank": 70.73977235928822,