{"both": {"optimistic": {"adjusted_arithmetic_mean_rank": 0.051511664847876185,
"adjusted_arithmetic_mean_rank_index": 0.948534688271803,
"adjusted_geometric_mean_rank_index": 0.9997627028598215,
"adjusted_hits_at_k": 0.7625419777842007,
"adjusted_inverse_harmonic_mean_rank": 0.6594323456462591,
"arithmetic_mean_rank": 1054.0952,
"count": 10000.0,
"geometric_mean_rank": 4.573140094333206,
"harmonic_mean_rank": 1.5162415521527612,
"hits_at_1": 0.6014,
"hits_at_10": 0.7626,
"hits_at_3": 0.6923,
"hits_at_5": 0.7231,
"inverse_arithmetic_mean_rank": 0.0009486809161070082,
"inverse_geometric_mean_rank": 0.21866813160592813,
"inverse_harmonic_mean_rank": 0.6595255212338688,
"inverse_median_rank": 1.0,
"median_absolute_deviation": 0.0,
"median_rank": 1.0,
"standard_deviation": 4886.880861995405,
"variance": 23881604.559336957,
"z_arithmetic_mean_rank": 164.28680721558734,
"z_geometric_mean_rank": 100.05713340486477,
"z_hits_at_k": 4877.608725965318,
"z_inverse_harmonic_mean_rank": 10408.338962172023},
"pessimistic": {"adjusted_arithmetic_mean_rank": 0.051511664847876185,
"adjusted_arithmetic_mean_rank_index": 0.948534688271803,
"adjusted_geometric_mean_rank_index": 0.9997627028598215,
"adjusted_hits_at_k": 0.7625419777842007,
"adjusted_inverse_harmonic_mean_rank": 0.6594323456462591,
"arithmetic_mean_rank": 1054.0952,
"count": 10000.0,
"geometric_mean_rank": 4.573140094333206,
"harmonic_mean_rank": 1.5162415521527612,
"hits_at_1": 0.6014,
"hits_at_10": 0.7626,
"hits_at_3": 0.6923,
"hits_at_5": 0.7231,
"inverse_arithmetic_mean_rank": 0.0009486809161070082,
"inverse_geometric_mean_rank": 0.21866813160592813,
"inverse_harmonic_mean_rank": 0.6595255212338688,
"inverse_median_rank": 1.0,
"median_absolute_deviation": 0.0,
"median_rank": 1.0,
"standard_deviation": 4886.880861995405,
"variance": 23881604.559336957,
"z_arithmetic_mean_rank": 164.28680721558734,
"z_geometric_mean_rank": 100.05713340486477,
"z_hits_at_k": 4877.608725965318,
"z_inverse_harmonic_mean_rank": 10408.338962172023},
"realistic": {"adjusted_arithmetic_mean_rank": 0.05151166557326254,
"adjusted_arithmetic_mean_rank_index": 0.9485346875463813,
"adjusted_geometric_mean_rank_index": 0.9997627027931651,
"adjusted_hits_at_k": 0.7625419777842007,
"adjusted_inverse_harmonic_mean_rank": 0.6594323380593015,
"arithmetic_mean_rank": 1054.09521484375,
"count": 10000.0,
"geometric_mean_rank": 4.573141098022461,
"harmonic_mean_rank": 1.5162415695903173,
"hits_at_1": 0.6014,
"hits_at_10": 0.7626,
"hits_at_3": 0.6923,
"hits_at_5": 0.7231,
"inverse_arithmetic_mean_rank": 0.0009486809140071273,
"inverse_geometric_mean_rank": 0.21866808831691742,
"inverse_harmonic_mean_rank": 0.6595255136489868,
"inverse_median_rank": 1.0,
"median_absolute_deviation": 0.0,
"median_rank": 1.0,
"standard_deviation": 4886.880859375,
"variance": 23881604.0,
"z_arithmetic_mean_rank": 164.28680708994384,
"z_geometric_mean_rank": 100.05713339819374,
"z_hits_at_k": 4877.608725965318,
"z_inverse_harmonic_mean_rank": 10408.338842421108}},
"head": {"optimistic": {"adjusted_arithmetic_mean_rank": 0.05157208862347621,
"adjusted_arithmetic_mean_rank_index": 0.9484742626178768,
"adjusted_geometric_mean_rank_index": 0.999757229002112,
"adjusted_hits_at_k": 0.7617417808987225,
"adjusted_inverse_harmonic_mean_rank": 0.6512391207527679,
"arithmetic_mean_rank": 1055.3072,
"count": 5000.0,
"geometric_mean_rank": 4.655661003807851,
"harmonic_mean_rank": 1.5353093359418044,
"hits_at_1": 0.5912,
"hits_at_10": 0.7618,
"hits_at_3": 0.6844,
"hits_at_5": 0.7178,
"inverse_arithmetic_mean_rank": 0.0009475913743410449,
"inverse_geometric_mean_rank": 0.2147922709969869,
"inverse_harmonic_mean_rank": 0.6513345399457043,
"inverse_median_rank": 1.0,
"median_absolute_deviation": 0.0,
"median_rank": 1.0,
"standard_deviation": 4896.712064112832,
"variance": 23977789.038828157,
"z_arithmetic_mean_rank": 116.16090523065944,
"z_geometric_mean_rank": 70.7559261881513,
"z_hits_at_k": 3445.330662967748,
"z_inverse_harmonic_mean_rank": 7268.279157893537},
"pessimistic": {"adjusted_arithmetic_mean_rank": 0.05157208862347621,
"adjusted_arithmetic_mean_rank_index": 0.9484742626178768,
"adjusted_geometric_mean_rank_index": 0.999757229002112,
"adjusted_hits_at_k": 0.7617417808987225,
"adjusted_inverse_harmonic_mean_rank": 0.6512391207527679,
"arithmetic_mean_rank": 1055.3072,
"count": 5000.0,
"geometric_mean_rank": 4.655661003807851,
"harmonic_mean_rank": 1.5353093359418044,
"hits_at_1": 0.5912,
"hits_at_10": 0.7618,
"hits_at_3": 0.6844,
"hits_at_5": 0.7178,
"inverse_arithmetic_mean_rank": 0.0009475913743410449,
"inverse_geometric_mean_rank": 0.2147922709969869,
"inverse_harmonic_mean_rank": 0.6513345399457043,
"inverse_median_rank": 1.0,
"median_absolute_deviation": 0.0,
"median_rank": 1.0,
"standard_deviation": 4896.712064112832,
"variance": 23977789.038828157,
"z_arithmetic_mean_rank": 116.16090523065944,
"z_geometric_mean_rank": 70.7559261881513,
"z_hits_at_k": 3445.330662967748,
"z_inverse_harmonic_mean_rank": 7268.279157893537},
"realistic": {"adjusted_arithmetic_mean_rank": 0.051572091114663425,
"adjusted_arithmetic_mean_rank_index": 0.9484742601265679,
"adjusted_geometric_mean_rank_index": 0.9997572289636515,
"adjusted_hits_at_k": 0.7617417808987225,
"adjusted_inverse_harmonic_mean_rank": 0.6512391049574052,
"arithmetic_mean_rank": 1055.3072509765625,
"count": 5000.0,
"geometric_mean_rank": 4.655661582946777,
"harmonic_mean_rank": 1.535309373164049,
"hits_at_1": 0.5912,
"hits_at_10": 0.7618,
"hits_at_3": 0.6844,
"hits_at_5": 0.7178,
"inverse_arithmetic_mean_rank": 0.0009475913248024881,
"inverse_geometric_mean_rank": 0.21479225158691406,
"inverse_harmonic_mean_rank": 0.6513345241546631,
"inverse_median_rank": 1.0,
"median_absolute_deviation": 0.0,
"median_rank": 1.0,
"standard_deviation": 4896.7119140625,
"variance": 23977788.0,
"z_arithmetic_mean_rank": 116.16090492554551,
"z_geometric_mean_rank": 70.75592618542935,
"z_hits_at_k": 3445.330662967748,
"z_inverse_harmonic_mean_rank": 7268.27898160636}},
"tail": {"optimistic": {"adjusted_arithmetic_mean_rank": 0.05145124387382513,
"adjusted_arithmetic_mean_rank_index": 0.9485951111239561,
"adjusted_geometric_mean_rank_index": 0.9997681030195441,
"adjusted_hits_at_k": 0.7633421746605448,
"adjusted_inverse_harmonic_mean_rank": 0.6676255704444131,
"arithmetic_mean_rank": 1052.8832,
"count": 5000.0,
"geometric_mean_rank": 4.492081855893877,
"harmonic_mean_rank": 1.4976415832511227,
"hits_at_1": 0.6116,
"hits_at_10": 0.7634,
"hits_at_3": 0.7002,
"hits_at_5": 0.7284,
"inverse_arithmetic_mean_rank": 0.0009497729662701428,
"inverse_geometric_mean_rank": 0.22261393093002987,
"inverse_harmonic_mean_rank": 0.6677165025220332,
"inverse_median_rank": 1.0,
"median_absolute_deviation": 0.0,
"median_rank": 1.0,
"standard_deviation": 4877.0295408124975,
"variance": 23785417.141957764,
"z_arithmetic_mean_rank": 116.17572537224592,
"z_geometric_mean_rank": 70.75669381199812,
"z_hits_at_k": 3452.6498351535092,
"z_inverse_harmonic_mean_rank": 7451.337099345169},
"pessimistic": {"adjusted_arithmetic_mean_rank": 0.05145124387382513,
"adjusted_arithmetic_mean_rank_index": 0.9485951111239561,
"adjusted_geometric_mean_rank_index": 0.9997681030195441,
"adjusted_hits_at_k": 0.7633421746605448,
"adjusted_inverse_harmonic_mean_rank": 0.6676255704444131,
"arithmetic_mean_rank": 1052.8832,
"count": 5000.0,
"geometric_mean_rank": 4.492081855893877,
"harmonic_mean_rank": 1.4976415832511227,
"hits_at_1": 0.6116,
"hits_at_10": 0.7634,
"hits_at_3": 0.7002,
"hits_at_5": 0.7284,
"inverse_arithmetic_mean_rank": 0.0009497729662701428,
"inverse_geometric_mean_rank": 0.22261393093002987,
"inverse_harmonic_mean_rank": 0.6677165025220332,
"inverse_median_rank": 1.0,
"median_absolute_deviation": 0.0,
"median_rank": 1.0,
"standard_deviation": 4877.0295408124975,
"variance": 23785417.141957764,
"z_arithmetic_mean_rank": 116.17572537224592,
"z_geometric_mean_rank": 70.75669381199812,
"z_hits_at_k": 3452.6498351535092,
"z_inverse_harmonic_mean_rank": 7451.337099345169},