{"both": {"optimistic": {"adjusted_arithmetic_mean_rank": 0.05484554664456002,
"adjusted_arithmetic_mean_rank_index": 0.9452006435465768,
"adjusted_geometric_mean_rank_index": 0.9998757847659382,
"adjusted_hits_at_k": 0.8624663940409757,
"adjusted_inverse_harmonic_mean_rank": 0.7793458123798096,
"arithmetic_mean_rank": 1122.3172,
"count": 10000.0,
"geometric_mean_rank": 2.8703909908888683,
"harmonic_mean_rank": 1.283028059613844,
"hits_at_1": 0.734,
"hits_at_10": 0.8625,
"hits_at_3": 0.8102,
"hits_at_5": 0.8334,
"inverse_arithmetic_mean_rank": 0.0008910136991574218,
"inverse_geometric_mean_rank": 0.34838459400624444,
"inverse_harmonic_mean_rank": 0.7794061809536516,
"inverse_median_rank": 1.0,
"median_absolute_deviation": 0.0,
"median_rank": 1.0,
"standard_deviation": 5270.572400279134,
"variance": 27778933.426584154,
"z_arithmetic_mean_rank": 163.70934856300045,
"z_geometric_mean_rank": 100.06845074180245,
"z_hits_at_k": 5516.776429345141,
"z_inverse_harmonic_mean_rank": 12301.027448158808},
"pessimistic": {"adjusted_arithmetic_mean_rank": 0.05484555153137336,
"adjusted_arithmetic_mean_rank_index": 0.9452006386595246,
"adjusted_geometric_mean_rank_index": 0.9998757847654509,
"adjusted_hits_at_k": 0.8624663940409757,
"adjusted_inverse_harmonic_mean_rank": 0.7793458123797442,
"arithmetic_mean_rank": 1122.3173,
"count": 10000.0,
"geometric_mean_rank": 2.870390998225425,
"harmonic_mean_rank": 1.2830280596139514,
"hits_at_1": 0.734,
"hits_at_10": 0.8625,
"hits_at_3": 0.8102,
"hits_at_5": 0.8334,
"inverse_arithmetic_mean_rank": 0.0008910136197668877,
"inverse_geometric_mean_rank": 0.3483845931157931,
"inverse_harmonic_mean_rank": 0.7794061809535863,
"inverse_median_rank": 1.0,
"median_absolute_deviation": 0.0,
"median_rank": 1.0,
"standard_deviation": 5270.5731213048075,
"variance": 27778941.027020704,
"z_arithmetic_mean_rank": 163.7093477165599,
"z_geometric_mean_rank": 100.06845074175368,
"z_hits_at_k": 5516.776429345141,
"z_inverse_harmonic_mean_rank": 12301.027448157778},
"realistic": {"adjusted_arithmetic_mean_rank": 0.05484554961291734,
"adjusted_arithmetic_mean_rank_index": 0.9452006405780744,
"adjusted_geometric_mean_rank_index": 0.9998757847725036,
"adjusted_hits_at_k": 0.8624663940409757,
"adjusted_inverse_harmonic_mean_rank": 0.779345761726173,
"arithmetic_mean_rank": 1122.3172607421875,
"count": 10000.0,
"geometric_mean_rank": 2.8703908920288086,
"harmonic_mean_rank": 1.2830281429750774,
"hits_at_1": 0.734,
"hits_at_10": 0.8625,
"hits_at_3": 0.8102,
"hits_at_5": 0.8334,
"inverse_arithmetic_mean_rank": 0.0008910136530175805,
"inverse_geometric_mean_rank": 0.3483846187591553,
"inverse_harmonic_mean_rank": 0.7794061303138733,
"inverse_median_rank": 1.0,
"median_absolute_deviation": 0.0,
"median_rank": 1.0,
"standard_deviation": 5270.5732421875,
"variance": 27778940.0,
"z_arithmetic_mean_rank": 163.70934804885394,
"z_geometric_mean_rank": 100.06845074245952,
"z_hits_at_k": 5516.776429345141,
"z_inverse_harmonic_mean_rank": 12301.026648652654}},
"head": {"optimistic": {"adjusted_arithmetic_mean_rank": 0.05505764994950388,
"adjusted_arithmetic_mean_rank_index": 0.9449885309466998,
"adjusted_geometric_mean_rank_index": 0.9998743697026304,
"adjusted_hits_at_k": 0.8635666621099317,
"adjusted_inverse_harmonic_mean_rank": 0.7757683070540247,
"arithmetic_mean_rank": 1126.6314,
"count": 5000.0,
"geometric_mean_rank": 2.8917489444215323,
"harmonic_mean_rank": 1.288942737178219,
"hits_at_1": 0.728,
"hits_at_10": 0.8636,
"hits_at_3": 0.8094,
"hits_at_5": 0.832,
"inverse_arithmetic_mean_rank": 0.0008876017480073785,
"inverse_geometric_mean_rank": 0.3458114861350942,
"inverse_harmonic_mean_rank": 0.7758296556984536,
"inverse_median_rank": 1.0,
"median_absolute_deviation": 0.0,
"median_rank": 1.0,
"standard_deviation": 5286.62803657814,
"variance": 27948435.997134045,
"z_arithmetic_mean_rank": 115.73400303386441,
"z_geometric_mean_rank": 70.76421659958227,
"z_hits_at_k": 3905.8809364162144,
"z_inverse_harmonic_mean_rank": 8658.111034542231},
"pessimistic": {"adjusted_arithmetic_mean_rank": 0.05505765972335714,
"adjusted_arithmetic_mean_rank_index": 0.9449885211723689,
"adjusted_geometric_mean_rank_index": 0.9998743697016488,
"adjusted_hits_at_k": 0.8635666621099317,
"adjusted_inverse_harmonic_mean_rank": 0.7757683070538941,
"arithmetic_mean_rank": 1126.6316,
"count": 5000.0,
"geometric_mean_rank": 2.8917489592038246,
"harmonic_mean_rank": 1.2889427371784359,
"hits_at_1": 0.728,
"hits_at_10": 0.8636,
"hits_at_3": 0.8094,
"hits_at_5": 0.832,
"inverse_arithmetic_mean_rank": 0.0008876015904400339,
"inverse_geometric_mean_rank": 0.34581148436734516,
"inverse_harmonic_mean_rank": 0.7758296556983231,
"inverse_median_rank": 1.0,
"median_absolute_deviation": 0.0,
"median_rank": 1.0,
"standard_deviation": 5286.629474086626,
"variance": 27948451.196281433,
"z_arithmetic_mean_rank": 115.7340018367891,
"z_geometric_mean_rank": 70.76421659951279,
"z_hits_at_k": 3905.8809364162144,
"z_inverse_harmonic_mean_rank": 8658.111034540774},
"realistic": {"adjusted_arithmetic_mean_rank": 0.05505765335698983,
"adjusted_arithmetic_mean_rank_index": 0.9449885275390473,
"adjusted_geometric_mean_rank_index": 0.9998743697052364,
"adjusted_hits_at_k": 0.8635666621099317,
"adjusted_inverse_harmonic_mean_rank": 0.7757682645527136,
"arithmetic_mean_rank": 1126.6314697265625,
"count": 5000.0,
"geometric_mean_rank": 2.8917489051818848,
"harmonic_mean_rank": 1.288942807769451,
"hits_at_1": 0.728,
"hits_at_10": 0.8636,
"hits_at_3": 0.8094,
"hits_at_5": 0.832,
"inverse_arithmetic_mean_rank": 0.0008876016945578158,
"inverse_geometric_mean_rank": 0.34581148624420166,
"inverse_harmonic_mean_rank": 0.7758296132087708,
"inverse_median_rank": 1.0,
"median_absolute_deviation": 0.0,
"median_rank": 1.0,
"standard_deviation": 5286.62890625,
"variance": 27948444.0,
"z_arithmetic_mean_rank": 115.73400261652468,
"z_geometric_mean_rank": 70.7642165997667,
"z_hits_at_k": 3905.8809364162144,
"z_inverse_harmonic_mean_rank": 8658.110560198194}},
"tail": {"optimistic": {"adjusted_arithmetic_mean_rank": 0.054633453173788045,
"adjusted_arithmetic_mean_rank_index": 0.9454127463113703,
"adjusted_geometric_mean_rank_index": 0.9998772016875116,
"adjusted_hits_at_k": 0.8613661259845796,
"adjusted_inverse_harmonic_mean_rank": 0.7829233176639663,
"arithmetic_mean_rank": 1118.003,
"count": 5000.0,
"geometric_mean_rank": 2.8491907834772787,
"harmonic_mean_rank": 1.2771674164323934,
"hits_at_1": 0.74,
"hits_at_10": 0.8614,
"hits_at_3": 0.811,
"hits_at_5": 0.8348,
"inverse_arithmetic_mean_rank": 0.0008944519826869874,
"inverse_geometric_mean_rank": 0.35097684781204985,
"inverse_harmonic_mean_rank": 0.7829827062088495,
"inverse_median_rank": 1.0,
"median_absolute_deviation": 0.0,
"median_rank": 1.0,
"standard_deviation": 5254.46416215688,
"variance": 27609393.631391004,
"z_arithmetic_mean_rank": 115.78597685239195,
"z_geometric_mean_rank": 70.76441506357772,
"z_hits_at_k": 3896.018995950276,
"z_inverse_harmonic_mean_rank": 8738.169748304515},
"pessimistic": {"adjusted_arithmetic_mean_rank": 0.054633453173788045,
"adjusted_arithmetic_mean_rank_index": 0.9454127463113703,
"adjusted_geometric_mean_rank_index": 0.9998772016875116,
"adjusted_hits_at_k": 0.8613661259845796,
"adjusted_inverse_harmonic_mean_rank": 0.7829233176639663,
"arithmetic_mean_rank": 1118.003,
"count": 5000.0,
"geometric_mean_rank": 2.8491907834772787,
"harmonic_mean_rank": 1.2771674164323934,
"hits_at_1": 0.74,
"hits_at_10": 0.8614,
"hits_at_3": 0.811,
"hits_at_5": 0.8348,
"inverse_arithmetic_mean_rank": 0.0008944519826869874,
"inverse_geometric_mean_rank": 0.35097684781204985,
"inverse_harmonic_mean_rank": 0.7829827062088495,
"inverse_median_rank": 1.0,
"median_absolute_deviation": 0.0,
"median_rank": 1.0,
"standard_deviation": 5254.46416215688,
"variance": 27609393.631391004,
"z_arithmetic_mean_rank": 115.78597685239195,
"z_geometric_mean_rank": 70.76441506357772,
"z_hits_at_k": 3896.018995950276,
"z_inverse_harmonic_mean_rank": 8738.169748304515},