{"both": {"optimistic": {"adjusted_arithmetic_mean_rank": 0.054484601724468465,
"adjusted_arithmetic_mean_rank_index": 0.9455616061062349,
"adjusted_geometric_mean_rank_index": 0.9998165989459507,
"adjusted_hits_at_k": 0.8016515340969125,
"adjusted_inverse_harmonic_mean_rank": 0.7099831279097315,
"arithmetic_mean_rank": 1114.9311,
"count": 10000.0,
"geometric_mean_rank": 3.7615910544644344,
"harmonic_mean_rank": 1.4083267846473337,
"hits_at_1": 0.6583,
"hits_at_10": 0.8017,
"hits_at_3": 0.7406,
"hits_at_5": 0.7663,
"inverse_arithmetic_mean_rank": 0.0008969164103503795,
"inverse_geometric_mean_rank": 0.26584495377644857,
"inverse_harmonic_mean_rank": 0.7100624733558661,
"inverse_median_rank": 1.0,
"median_absolute_deviation": 0.0,
"median_rank": 1.0,
"standard_deviation": 5159.789211310166,
"variance": 26623424.70515279,
"z_arithmetic_mean_rank": 163.77186750635994,
"z_geometric_mean_rank": 100.06252737271774,
"z_hits_at_k": 5127.773462723587,
"z_inverse_harmonic_mean_rank": 11206.221686722842},
"pessimistic": {"adjusted_arithmetic_mean_rank": 0.054484601724468465,
"adjusted_arithmetic_mean_rank_index": 0.9455616061062349,
"adjusted_geometric_mean_rank_index": 0.9998165989459507,
"adjusted_hits_at_k": 0.8016515340969125,
"adjusted_inverse_harmonic_mean_rank": 0.7099831279097315,
"arithmetic_mean_rank": 1114.9311,
"count": 10000.0,
"geometric_mean_rank": 3.7615910544644344,
"harmonic_mean_rank": 1.4083267846473337,
"hits_at_1": 0.6583,
"hits_at_10": 0.8017,
"hits_at_3": 0.7406,
"hits_at_5": 0.7663,
"inverse_arithmetic_mean_rank": 0.0008969164103503795,
"inverse_geometric_mean_rank": 0.26584495377644857,
"inverse_harmonic_mean_rank": 0.7100624733558661,
"inverse_median_rank": 1.0,
"median_absolute_deviation": 0.0,
"median_rank": 1.0,
"standard_deviation": 5159.789211310166,
"variance": 26623424.70515279,
"z_arithmetic_mean_rank": 163.77186750635994,
"z_geometric_mean_rank": 100.06252737271774,
"z_hits_at_k": 5127.773462723587,
"z_inverse_harmonic_mean_rank": 11206.221686722842},
"realistic": {"adjusted_arithmetic_mean_rank": 0.05448460428240982,
"adjusted_arithmetic_mean_rank_index": 0.9455616035481685,
"adjusted_geometric_mean_rank_index": 0.9998165989207134,
"adjusted_hits_at_k": 0.8016515340969125,
"adjusted_inverse_harmonic_mean_rank": 0.7099831583768981,
"arithmetic_mean_rank": 1114.93115234375,
"count": 10000.0,
"geometric_mean_rank": 3.7615914344787598,
"harmonic_mean_rank": 1.4083267242357678,
"hits_at_1": 0.6583,
"hits_at_10": 0.8017,
"hits_at_3": 0.7406,
"hits_at_5": 0.7663,
"inverse_arithmetic_mean_rank": 0.0008969163754954934,
"inverse_geometric_mean_rank": 0.2658449411392212,
"inverse_harmonic_mean_rank": 0.7100625038146973,
"inverse_median_rank": 1.0,
"median_absolute_deviation": 0.0,
"median_rank": 1.0,
"standard_deviation": 5159.7890625,
"variance": 26623424.0,
"z_arithmetic_mean_rank": 163.77186706330122,
"z_geometric_mean_rank": 100.06252737019197,
"z_hits_at_k": 5127.773462723587,
"z_inverse_harmonic_mean_rank": 11206.222167610076}},
"head": {"optimistic": {"adjusted_arithmetic_mean_rank": 0.054535169075395344,
"adjusted_arithmetic_mean_rank_index": 0.9455110373553132,
"adjusted_geometric_mean_rank_index": 0.9998141962222168,
"adjusted_hits_at_k": 0.8009513618759269,
"adjusted_inverse_harmonic_mean_rank": 0.7064693472237963,
"arithmetic_mean_rank": 1115.94,
"count": 5000.0,
"geometric_mean_rank": 3.7978450091288556,
"harmonic_mean_rank": 1.4153286919320767,
"hits_at_1": 0.6544,
"hits_at_10": 0.801,
"hits_at_3": 0.7352,
"hits_at_5": 0.7624,
"inverse_arithmetic_mean_rank": 0.0008961055253866695,
"inverse_geometric_mean_rank": 0.2633072170128866,
"inverse_harmonic_mean_rank": 0.7065496557092275,
"inverse_median_rank": 1.0,
"median_absolute_deviation": 0.0,
"median_rank": 1.0,
"standard_deviation": 5157.325528488579,
"variance": 26598006.6068,
"z_arithmetic_mean_rank": 115.79799508911094,
"z_geometric_mean_rank": 70.75995793536347,
"z_hits_at_k": 3622.674186731794,
"z_inverse_harmonic_mean_rank": 7884.686697233469},
"pessimistic": {"adjusted_arithmetic_mean_rank": 0.054535169075395344,
"adjusted_arithmetic_mean_rank_index": 0.9455110373553132,
"adjusted_geometric_mean_rank_index": 0.9998141962222168,
"adjusted_hits_at_k": 0.8009513618759269,
"adjusted_inverse_harmonic_mean_rank": 0.7064693472237963,
"arithmetic_mean_rank": 1115.94,
"count": 5000.0,
"geometric_mean_rank": 3.7978450091288556,
"harmonic_mean_rank": 1.4153286919320767,
"hits_at_1": 0.6544,
"hits_at_10": 0.801,
"hits_at_3": 0.7352,
"hits_at_5": 0.7624,
"inverse_arithmetic_mean_rank": 0.0008961055253866695,
"inverse_geometric_mean_rank": 0.2633072170128866,
"inverse_harmonic_mean_rank": 0.7065496557092275,
"inverse_median_rank": 1.0,
"median_absolute_deviation": 0.0,
"median_rank": 1.0,
"standard_deviation": 5157.325528488579,
"variance": 26598006.6068,
"z_arithmetic_mean_rank": 115.79799508911094,
"z_geometric_mean_rank": 70.75995793536347,
"z_hits_at_k": 3622.674186731794,
"z_inverse_harmonic_mean_rank": 7884.686697233469},
"realistic": {"adjusted_arithmetic_mean_rank": 0.054535166211961764,
"adjusted_arithmetic_mean_rank_index": 0.9455110402188867,
"adjusted_geometric_mean_rank_index": 0.999814196230342,
"adjusted_hits_at_k": 0.8009513618759269,
"adjusted_inverse_harmonic_mean_rank": 0.7064693359817079,
"arithmetic_mean_rank": 1115.93994140625,
"count": 5000.0,
"geometric_mean_rank": 3.797844886779785,
"harmonic_mean_rank": 1.4153287144455649,
"hits_at_1": 0.6544,
"hits_at_10": 0.801,
"hits_at_3": 0.7352,
"hits_at_5": 0.7624,
"inverse_arithmetic_mean_rank": 0.0008961056009866297,
"inverse_geometric_mean_rank": 0.26330721378326416,
"inverse_harmonic_mean_rank": 0.7065496444702148,
"inverse_median_rank": 1.0,
"median_absolute_deviation": 0.0,
"median_rank": 1.0,
"standard_deviation": 5157.32568359375,
"variance": 26598006.0,
"z_arithmetic_mean_rank": 115.7979954398166,
"z_geometric_mean_rank": 70.75995793593852,
"z_hits_at_k": 3622.674186731794,
"z_inverse_harmonic_mean_rank": 7884.686571763985}},
"tail": {"optimistic": {"adjusted_arithmetic_mean_rank": 0.05443403671809733,
"adjusted_arithmetic_mean_rank_index": 0.9456121725124212,
"adjusted_geometric_mean_rank_index": 0.9998189968836325,
"adjusted_hits_at_k": 0.8023517063099056,
"adjusted_inverse_harmonic_mean_rank": 0.7134969085547803,
"arithmetic_mean_rank": 1113.9222,
"count": 5000.0,
"geometric_mean_rank": 3.7256831774376358,
"harmonic_mean_rank": 1.4013938159140789,
"hits_at_1": 0.6622,
"hits_at_10": 0.8024,
"hits_at_3": 0.746,
"hits_at_5": 0.7702,
"inverse_arithmetic_mean_rank": 0.0008977287641811969,
"inverse_geometric_mean_rank": 0.268407149071585,
"inverse_harmonic_mean_rank": 0.7135752910025052,
"inverse_median_rank": 1.0,
"median_absolute_deviation": 0.0,
"median_rank": 1.0,
"standard_deviation": 5162.251521162753,
"variance": 26648840.76774716,
"z_arithmetic_mean_rank": 115.81040084877738,
"z_geometric_mean_rank": 70.76029572882997,
"z_hits_at_k": 3629.0926644501815,
"z_inverse_harmonic_mean_rank": 7963.3049127272425},
"pessimistic": {"adjusted_arithmetic_mean_rank": 0.05443403671809733,
"adjusted_arithmetic_mean_rank_index": 0.9456121725124212,
"adjusted_geometric_mean_rank_index": 0.9998189968836325,
"adjusted_hits_at_k": 0.8023517063099056,
"adjusted_inverse_harmonic_mean_rank": 0.7134969085547803,
"arithmetic_mean_rank": 1113.9222,
"count": 5000.0,
"geometric_mean_rank": 3.7256831774376358,
"harmonic_mean_rank": 1.4013938159140789,
"hits_at_1": 0.6622,
"hits_at_10": 0.8024,
"hits_at_3": 0.746,
"hits_at_5": 0.7702,
"inverse_arithmetic_mean_rank": 0.0008977287641811969,
"inverse_geometric_mean_rank": 0.268407149071585,
"inverse_harmonic_mean_rank": 0.7135752910025052,
"inverse_median_rank": 1.0,
"median_absolute_deviation": 0.0,
"median_rank": 1.0,
"standard_deviation": 5162.251521162753,
"variance": 26648840.76774716,
"z_arithmetic_mean_rank": 115.81040084877738,
"z_geometric_mean_rank": 70.76029572882997,
"z_hits_at_k": 3629.0926644501815,
"z_inverse_harmonic_mean_rank": 7963.3049127272425},