{"both": {"optimistic": {"adjusted_arithmetic_mean_rank": 0.05406798133999647,
"adjusted_arithmetic_mean_rank_index": 0.9459782468511624,
"adjusted_geometric_mean_rank_index": 0.9998378210742384,
"adjusted_hits_at_k": 0.822956739965474,
"adjusted_inverse_harmonic_mean_rank": 0.7321015087474859,
"arithmetic_mean_rank": 1106.4057,
"count": 10000.0,
"geometric_mean_rank": 3.4420354230097665,
"harmonic_mean_rank": 1.3657940646310356,
"hits_at_1": 0.6847,
"hits_at_10": 0.823,
"hits_at_3": 0.7596,
"hits_at_5": 0.7869,
"inverse_arithmetic_mean_rank": 0.0009038275923560408,
"inverse_geometric_mean_rank": 0.29052577242961236,
"inverse_harmonic_mean_rank": 0.7321748028463914,
"inverse_median_rank": 1.0,
"median_absolute_deviation": 0.0,
"median_rank": 1.0,
"standard_deviation": 5164.216271023853,
"variance": 26669129.693907503,
"z_arithmetic_mean_rank": 163.84402994658106,
"z_geometric_mean_rank": 100.06465130204131,
"z_hits_at_k": 5264.052462543309,
"z_inverse_harmonic_mean_rank": 11555.333474419793},
"pessimistic": {"adjusted_arithmetic_mean_rank": 0.05406798133999647,
"adjusted_arithmetic_mean_rank_index": 0.9459782468511624,
"adjusted_geometric_mean_rank_index": 0.9998378210742384,
"adjusted_hits_at_k": 0.822956739965474,
"adjusted_inverse_harmonic_mean_rank": 0.7321015087474859,
"arithmetic_mean_rank": 1106.4057,
"count": 10000.0,
"geometric_mean_rank": 3.4420354230097665,
"harmonic_mean_rank": 1.3657940646310356,
"hits_at_1": 0.6847,
"hits_at_10": 0.823,
"hits_at_3": 0.7596,
"hits_at_5": 0.7869,
"inverse_arithmetic_mean_rank": 0.0009038275923560408,
"inverse_geometric_mean_rank": 0.29052577242961236,
"inverse_harmonic_mean_rank": 0.7321748028463914,
"inverse_median_rank": 1.0,
"median_absolute_deviation": 0.0,
"median_rank": 1.0,
"standard_deviation": 5164.216271023853,
"variance": 26669129.693907503,
"z_arithmetic_mean_rank": 163.84402994658106,
"z_geometric_mean_rank": 100.06465130204131,
"z_hits_at_k": 5264.052462543309,
"z_inverse_harmonic_mean_rank": 11555.333474419793},
"realistic": {"adjusted_arithmetic_mean_rank": 0.05406797839072826,
"adjusted_arithmetic_mean_rank_index": 0.9459782498005748,
"adjusted_geometric_mean_rank_index": 0.9998378210416664,
"adjusted_hits_at_k": 0.822956739965474,
"adjusted_inverse_harmonic_mean_rank": 0.7321015196514837,
"arithmetic_mean_rank": 1106.4056396484375,
"count": 10000.0,
"geometric_mean_rank": 3.4420359134674072,
"harmonic_mean_rank": 1.3657940442963548,
"hits_at_1": 0.6847,
"hits_at_10": 0.823,
"hits_at_3": 0.7596,
"hits_at_5": 0.7869,
"inverse_arithmetic_mean_rank": 0.000903827662114054,
"inverse_geometric_mean_rank": 0.29052573442459106,
"inverse_harmonic_mean_rank": 0.732174813747406,
"inverse_median_rank": 1.0,
"median_absolute_deviation": 0.0,
"median_rank": 1.0,
"standard_deviation": 5164.21630859375,
"variance": 26669128.0,
"z_arithmetic_mean_rank": 163.84403045742113,
"z_geometric_mean_rank": 100.06465129878148,
"z_hits_at_k": 5264.052462543309,
"z_inverse_harmonic_mean_rank": 11555.33364652616}},
"head": {"optimistic": {"adjusted_arithmetic_mean_rank": 0.053985663497002796,
"adjusted_arithmetic_mean_rank_index": 0.9460605697889526,
"adjusted_geometric_mean_rank_index": 0.9998347867678749,
"adjusted_hits_at_k": 0.8193558590693084,
"adjusted_inverse_harmonic_mean_rank": 0.7281350866697702,
"arithmetic_mean_rank": 1104.6956,
"count": 5000.0,
"geometric_mean_rank": 3.4877912734511693,
"harmonic_mean_rank": 1.373231253647439,
"hits_at_1": 0.6808,
"hits_at_10": 0.8194,
"hits_at_3": 0.7548,
"hits_at_5": 0.7818,
"inverse_arithmetic_mean_rank": 0.0009052267430050414,
"inverse_geometric_mean_rank": 0.28671440507691276,
"inverse_harmonic_mean_rank": 0.7282094675196915,
"inverse_median_rank": 1.0,
"median_absolute_deviation": 0.0,
"median_rank": 1.0,
"standard_deviation": 5165.418579567453,
"variance": 26681549.102140643,
"z_arithmetic_mean_rank": 115.8652970576103,
"z_geometric_mean_rank": 70.76141519227195,
"z_hits_at_k": 3705.917065233285,
"z_inverse_harmonic_mean_rank": 8126.491339241925},
"pessimistic": {"adjusted_arithmetic_mean_rank": 0.053985663497002796,
"adjusted_arithmetic_mean_rank_index": 0.9460605697889526,
"adjusted_geometric_mean_rank_index": 0.9998347867678749,
"adjusted_hits_at_k": 0.8193558590693084,
"adjusted_inverse_harmonic_mean_rank": 0.7281350866697702,
"arithmetic_mean_rank": 1104.6956,
"count": 5000.0,
"geometric_mean_rank": 3.4877912734511693,
"harmonic_mean_rank": 1.373231253647439,
"hits_at_1": 0.6808,
"hits_at_10": 0.8194,
"hits_at_3": 0.7548,
"hits_at_5": 0.7818,
"inverse_arithmetic_mean_rank": 0.0009052267430050414,
"inverse_geometric_mean_rank": 0.28671440507691276,
"inverse_harmonic_mean_rank": 0.7282094675196915,
"inverse_median_rank": 1.0,
"median_absolute_deviation": 0.0,
"median_rank": 1.0,
"standard_deviation": 5165.418579567453,
"variance": 26681549.102140643,
"z_arithmetic_mean_rank": 115.8652970576103,
"z_geometric_mean_rank": 70.76141519227195,
"z_hits_at_k": 3705.917065233285,
"z_inverse_harmonic_mean_rank": 8126.491339241925},
"realistic": {"adjusted_arithmetic_mean_rank": 0.05398566137806195,
"adjusted_arithmetic_mean_rank_index": 0.946060571907997,
"adjusted_geometric_mean_rank_index": 0.9998347867661237,
"adjusted_hits_at_k": 0.8193558590693084,
"adjusted_inverse_harmonic_mean_rank": 0.7281351147021818,
"arithmetic_mean_rank": 1104.695556640625,
"count": 5000.0,
"geometric_mean_rank": 3.4877912998199463,
"harmonic_mean_rank": 1.3732312007993892,
"hits_at_1": 0.6808,
"hits_at_10": 0.8194,
"hits_at_3": 0.7548,
"hits_at_5": 0.7818,
"inverse_arithmetic_mean_rank": 0.000905226799659431,
"inverse_geometric_mean_rank": 0.2867144048213959,
"inverse_harmonic_mean_rank": 0.7282094955444336,
"inverse_median_rank": 1.0,
"median_absolute_deviation": 0.0,
"median_rank": 1.0,
"standard_deviation": 5165.41845703125,
"variance": 26681548.0,
"z_arithmetic_mean_rank": 115.86529731713249,
"z_geometric_mean_rank": 70.76141519214802,
"z_hits_at_k": 3705.917065233285,
"z_inverse_harmonic_mean_rank": 8126.491652103033}},
"tail": {"optimistic": {"adjusted_arithmetic_mean_rank": 0.05415029536632253,
"adjusted_arithmetic_mean_rank_index": 0.9458959277304624,
"adjusted_geometric_mean_rank_index": 0.9998408315670404,
"adjusted_hits_at_k": 0.8265576208205345,
"adjusted_inverse_harmonic_mean_rank": 0.7360679307790476,
"arithmetic_mean_rank": 1108.1158,
"count": 5000.0,
"geometric_mean_rank": 3.396879837230287,
"harmonic_mean_rank": 1.3584369988053373,
"hits_at_1": 0.6886,
"hits_at_10": 0.8266,
"hits_at_3": 0.7644,
"hits_at_5": 0.792,
"inverse_arithmetic_mean_rank": 0.0009024327601862549,
"inverse_geometric_mean_rank": 0.29438780525582847,
"inverse_harmonic_mean_rank": 0.736140138173091,
"inverse_median_rank": 1.0,
"median_absolute_deviation": 0.0,
"median_rank": 1.0,
"standard_deviation": 5163.0131160777,
"variance": 26656704.436790362,
"z_arithmetic_mean_rank": 115.84515273385198,
"z_geometric_mean_rank": 70.76184103719068,
"z_hits_at_k": 3738.5777021163217,
"z_inverse_harmonic_mean_rank": 8215.219013557555},
"pessimistic": {"adjusted_arithmetic_mean_rank": 0.05415029536632253,
"adjusted_arithmetic_mean_rank_index": 0.9458959277304624,
"adjusted_geometric_mean_rank_index": 0.9998408315670404,
"adjusted_hits_at_k": 0.8265576208205345,
"adjusted_inverse_harmonic_mean_rank": 0.7360679307790476,
"arithmetic_mean_rank": 1108.1158,
"count": 5000.0,
"geometric_mean_rank": 3.396879837230287,
"harmonic_mean_rank": 1.3584369988053373,
"hits_at_1": 0.6886,
"hits_at_10": 0.8266,
"hits_at_3": 0.7644,
"hits_at_5": 0.792,
"inverse_arithmetic_mean_rank": 0.0009024327601862549,
"inverse_geometric_mean_rank": 0.29438780525582847,
"inverse_harmonic_mean_rank": 0.736140138173091,
"inverse_median_rank": 1.0,
"median_absolute_deviation": 0.0,
"median_rank": 1.0,
"standard_deviation": 5163.0131160777,
"variance": 26656704.436790362,
"z_arithmetic_mean_rank": 115.84515273385198,
"z_geometric_mean_rank": 70.76184103719068,
"z_hits_at_k": 3738.5777021163217,
"z_inverse_harmonic_mean_rank": 8215.219013557555},