{"MRR": 0.7794061303138733,
"evaluation_time": "days: 0.0, hours: 0.0, minutes: 1.0, seconds: 35.30786895751953",
"hit_at_1": 0.734,
"hit_at_10": 0.8334,
"hit_at_3": 0.8102,
"hit_at_5": 0.8334,
"training_time": "days: 0.0, hours: 9.0, minutes: 58.0, seconds: 56.932618856430054"}