{"MRR": 0.4889456927776337,
"evaluation_time": "days: 0.0, hours: 0.0, minutes: 0.0, seconds: 37.9991729259491",
"hit_at_1": 0.4032,
"hit_at_10": 0.5831,
"hit_at_3": 0.536,
"hit_at_5": 0.5831,
"training_time": "days: 0.0, hours: 5.0, minutes: 37.0, seconds: 41.15116500854492"}