{"MRR": 0.2893062233924866,
"evaluation_time": "days: 0.0, hours: 0.0, minutes: 0.0, seconds: 39.721144914627075",
"hit_at_1": 0.2398,
"hit_at_10": 0.3368,
"hit_at_3": 0.3097,
"hit_at_5": 0.3368,
"training_time": "days: 0.0, hours: 5.0, minutes: 3.0, seconds: 28.780108213424683"}