{"both": {"optimistic": {"adjusted_arithmetic_mean_rank": 0.035728147160324075,
"adjusted_arithmetic_mean_rank_index": 0.9643189773080973,
"adjusted_geometric_mean_rank_index": 0.9995084283099426,
"adjusted_hits_at_k": 0.6437129422356038,
"adjusted_inverse_harmonic_mean_rank": 0.4888058576258456,
"arithmetic_mean_rank": 731.1134,
"count": 10000.0,
"geometric_mean_rank": 8.401920282993018,
"harmonic_mean_rank": 2.0452168202353747,
"hits_at_1": 0.4032,
"hits_at_10": 0.6438,
"hits_at_3": 0.536,
"hits_at_5": 0.5831,
"inverse_arithmetic_mean_rank": 0.0013677768729173888,
"inverse_geometric_mean_rank": 0.11902041037263564,
"inverse_harmonic_mean_rank": 0.4889457147555214,
"inverse_median_rank": 0.3333333333333333,
"median_absolute_deviation": 2.965204437011204,
"median_rank": 3.0,
"standard_deviation": 3832.4910341891787,
"variance": 14687987.527140439,
"z_arithmetic_mean_rank": 167.02065604790093,
"z_geometric_mean_rank": 100.03168538356339,
"z_hits_at_k": 4117.517403027151,
"z_inverse_harmonic_mean_rank": 7715.20700562387},
"pessimistic": {"adjusted_arithmetic_mean_rank": 0.03572815693395076,
"adjusted_arithmetic_mean_rank_index": 0.964318967533993,
"adjusted_geometric_mean_rank_index": 0.9995084282832575,
"adjusted_hits_at_k": 0.6437129422356038,
"adjusted_inverse_harmonic_mean_rank": 0.4888058576058174,
"arithmetic_mean_rank": 731.1136,
"count": 10000.0,
"geometric_mean_rank": 8.401920684807841,
"harmonic_mean_rank": 2.045216820319128,
"hits_at_1": 0.4032,
"hits_at_10": 0.6438,
"hits_at_3": 0.536,
"hits_at_5": 0.5831,
"inverse_arithmetic_mean_rank": 0.0013677764987547762,
"inverse_geometric_mean_rank": 0.11902040468058415,
"inverse_harmonic_mean_rank": 0.48894571473549864,
"inverse_median_rank": 0.3333333333333333,
"median_absolute_deviation": 2.965204437011204,
"median_rank": 3.0,
"standard_deviation": 3832.491872123807,
"variance": 14687993.949895041,
"z_arithmetic_mean_rank": 167.0206543550199,
"z_geometric_mean_rank": 100.03168538089272,
"z_hits_at_k": 4117.517403027151,
"z_inverse_harmonic_mean_rank": 7715.207005307749},
"realistic": {"adjusted_arithmetic_mean_rank": 0.035728153287929866,
"adjusted_arithmetic_mean_rank_index": 0.964318971180192,
"adjusted_geometric_mean_rank_index": 0.9995084283709125,
"adjusted_hits_at_k": 0.6437129422356038,
"adjusted_inverse_harmonic_mean_rank": 0.4888058356419434,
"arithmetic_mean_rank": 731.113525390625,
"count": 10000.0,
"geometric_mean_rank": 8.4019193649292,
"harmonic_mean_rank": 2.0452169121669455,
"hits_at_1": 0.4032,
"hits_at_10": 0.6438,
"hits_at_3": 0.536,
"hits_at_5": 0.5831,
"inverse_arithmetic_mean_rank": 0.0013677766546607018,
"inverse_geometric_mean_rank": 0.11902042478322983,
"inverse_harmonic_mean_rank": 0.4889456927776337,
"inverse_median_rank": 0.3333333432674408,
"median_absolute_deviation": 2.965204437011204,
"median_rank": 3.0,
"standard_deviation": 3832.49169921875,
"variance": 14687992.0,
"z_arithmetic_mean_rank": 167.02065498654386,
"z_geometric_mean_rank": 100.03168538966531,
"z_hits_at_k": 4117.517403027151,
"z_inverse_harmonic_mean_rank": 7715.206658634665}},
"head": {"optimistic": {"adjusted_arithmetic_mean_rank": 0.03579295511016779,
"adjusted_arithmetic_mean_rank_index": 0.9642541672835492,
"adjusted_geometric_mean_rank_index": 0.9995079808169652,
"adjusted_hits_at_k": 0.644313086849646,
"adjusted_inverse_harmonic_mean_rank": 0.4881839265631137,
"arithmetic_mean_rank": 732.4226,
"count": 5000.0,
"geometric_mean_rank": 8.408855902029758,
"harmonic_mean_rank": 2.0478208902658386,
"hits_at_1": 0.4016,
"hits_at_10": 0.6444,
"hits_at_3": 0.5352,
"hits_at_5": 0.5838,
"inverse_arithmetic_mean_rank": 0.0013653319818367157,
"inverse_geometric_mean_rank": 0.11892224241333671,
"inverse_harmonic_mean_rank": 0.4883239568232868,
"inverse_median_rank": 0.3333333333333333,
"median_absolute_deviation": 2.965204437011204,
"median_rank": 3.0,
"standard_deviation": 3834.5712753330376,
"variance": 14703936.865609238,
"z_arithmetic_mean_rank": 118.09349115593139,
"z_geometric_mean_rank": 70.73828611946345,
"z_hits_at_k": 2914.204905572366,
"z_inverse_harmonic_mean_rank": 5448.470378370197},
"pessimistic": {"adjusted_arithmetic_mean_rank": 0.03579297465787433,
"adjusted_arithmetic_mean_rank_index": 0.9642541477348873,
"adjusted_geometric_mean_rank_index": 0.9995079807635525,
"adjusted_hits_at_k": 0.644313086849646,
"adjusted_inverse_harmonic_mean_rank": 0.4881839265230572,
"arithmetic_mean_rank": 732.423,
"count": 5000.0,
"geometric_mean_rank": 8.408856706322805,
"harmonic_mean_rank": 2.0478208904337722,
"hits_at_1": 0.4016,
"hits_at_10": 0.6444,
"hits_at_3": 0.5352,
"hits_at_5": 0.5838,
"inverse_arithmetic_mean_rank": 0.0013653312361845546,
"inverse_geometric_mean_rank": 0.1189222310386236,
"inverse_harmonic_mean_rank": 0.48832395678324125,
"inverse_median_rank": 0.3333333333333333,
"median_absolute_deviation": 2.965204437011204,
"median_rank": 3.0,
"standard_deviation": 3834.5729501563796,
"variance": 14703949.710071,
"z_arithmetic_mean_rank": 118.09348876178075,
"z_geometric_mean_rank": 70.73828611568327,
"z_hits_at_k": 2914.204905572366,
"z_inverse_harmonic_mean_rank": 5448.470377923139},
"realistic": {"adjusted_arithmetic_mean_rank": 0.035792964421099305,
"adjusted_arithmetic_mean_rank_index": 0.9642541579721626,
"adjusted_geometric_mean_rank_index": 0.9995079807210996,
"adjusted_hits_at_k": 0.644313086849646,
"adjusted_inverse_harmonic_mean_rank": 0.4881838966573041,
"arithmetic_mean_rank": 732.4227905273438,
"count": 5000.0,
"geometric_mean_rank": 8.408857345581055,
"harmonic_mean_rank": 2.047821015643652,
"hits_at_1": 0.4016,
"hits_at_10": 0.6444,
"hits_at_3": 0.5352,
"hits_at_5": 0.5838,
"inverse_arithmetic_mean_rank": 0.0013653315836563706,
"inverse_geometric_mean_rank": 0.11892221868038177,
"inverse_harmonic_mean_rank": 0.48832392692565924,
"inverse_median_rank": 0.3333333432674408,
"median_absolute_deviation": 2.965204437011204,
"median_rank": 3.0,
"standard_deviation": 3834.572265625,
"variance": 14703945.0,
"z_arithmetic_mean_rank": 118.09349001555348,
"z_geometric_mean_rank": 70.73828611267875,
"z_hits_at_k": 2914.204905572366,
"z_inverse_harmonic_mean_rank": 5448.470044600671}},
"tail": {"optimistic": {"adjusted_arithmetic_mean_rank": 0.03566334221530162,
"adjusted_arithmetic_mean_rank_index": 0.9643837843275811,
"adjusted_geometric_mean_rank_index": 0.999508924472157,
"adjusted_hits_at_k": 0.6431127976284124,
"adjusted_inverse_harmonic_mean_rank": 0.48942778868134085,
"arithmetic_mean_rank": 729.8042,
"count": 5000.0,
"geometric_mean_rank": 8.394990384450477,
"harmonic_mean_rank": 2.0426193646198287,
"hits_at_1": 0.4048,
"hits_at_10": 0.6432,
"hits_at_3": 0.5368,
"hits_at_5": 0.5824,
"inverse_arithmetic_mean_rank": 0.0013702305358067272,
"inverse_geometric_mean_rank": 0.11911865936764363,
"inverse_harmonic_mean_rank": 0.48956747268775624,
"inverse_median_rank": 0.3333333333333333,
"median_absolute_deviation": 2.965204437011204,
"median_rank": 3.0,
"standard_deviation": 3830.409215823077,
"variance": 14672034.76066236,
"z_arithmetic_mean_rank": 118.10938551932715,
"z_geometric_mean_rank": 70.73835094122167,
"z_hits_at_k": 2908.843986910945,
"z_inverse_harmonic_mean_rank": 5462.480169571913},
"pessimistic": {"adjusted_arithmetic_mean_rank": 0.03566334221530162,
"adjusted_arithmetic_mean_rank_index": 0.9643837843275811,
"adjusted_geometric_mean_rank_index": 0.999508924472157,
"adjusted_hits_at_k": 0.6431127976284124,
"adjusted_inverse_harmonic_mean_rank": 0.48942778868134085,
"arithmetic_mean_rank": 729.8042,
"count": 5000.0,
"geometric_mean_rank": 8.394990384450477,
"harmonic_mean_rank": 2.0426193646198287,
"hits_at_1": 0.4048,
"hits_at_10": 0.6432,
"hits_at_3": 0.5368,
"hits_at_5": 0.5824,
"inverse_arithmetic_mean_rank": 0.0013702305358067272,
"inverse_geometric_mean_rank": 0.11911865936764363,
"inverse_harmonic_mean_rank": 0.48956747268775624,
"inverse_median_rank": 0.3333333333333333,
"median_absolute_deviation": 2.965204437011204,
"median_rank": 3.0,