{"MRR": 0.25295695662498474,
"evaluation_time": "days: 0.0, hours: 0.0, minutes: 0.0, seconds: 40.052830934524536",
"hit_at_1": 0.2111,
"hit_at_10": 0.2936,
"hit_at_3": 0.2679,
"hit_at_5": 0.2936,
"training_time": "days: 0.0, hours: 5.0, minutes: 0.0, seconds: 15.159296035766602"}