{"MRR": 0.6586088538169861,
"evaluation_time": "days: 0.0, hours: 0.0, minutes: 0.0, seconds: 39.07739591598511",
"hit_at_1": 0.5525,
"hit_at_10": 0.785,
"hit_at_3": 0.7339,
"hit_at_5": 0.785,
"training_time": "days: 0.0, hours: 5.0, minutes: 46.0, seconds: 13.84093689918518"}