{"both": {"optimistic": {"adjusted_arithmetic_mean_rank": 0.020437640523371842,
"adjusted_arithmetic_mean_rank_index": 0.9796102312000846,
"adjusted_geometric_mean_rank_index": 0.9998966254370542,
"adjusted_hits_at_k": 0.8884727486223184,
"adjusted_inverse_harmonic_mean_rank": 0.6967648884145017,
"arithmetic_mean_rank": 418.2202,
"count": 10000.0,
"geometric_mean_rank": 2.556579212536439,
"harmonic_mean_rank": 1.4350334863987826,
"hits_at_1": 0.5859,
"hits_at_10": 0.8885,
"hits_at_3": 0.78,
"hits_at_5": 0.8343,
"inverse_arithmetic_mean_rank": 0.0023910848878174705,
"inverse_geometric_mean_rank": 0.39114766915744337,
"inverse_harmonic_mean_rank": 0.6968478502264784,
"inverse_median_rank": 1.0,
"median_absolute_deviation": 0.0,
"median_rank": 1.0,
"standard_deviation": 2902.4424599485105,
"variance": 8424172.23331196,
"z_arithmetic_mean_rank": 169.6691108817611,
"z_geometric_mean_rank": 100.07053649455571,
"z_hits_at_k": 5683.126382176726,
"z_inverse_harmonic_mean_rank": 10997.587824495944},
"pessimistic": {"adjusted_arithmetic_mean_rank": 0.020437640523371842,
"adjusted_arithmetic_mean_rank_index": 0.9796102312000846,
"adjusted_geometric_mean_rank_index": 0.9998966254370542,
"adjusted_hits_at_k": 0.8884727486223184,
"adjusted_inverse_harmonic_mean_rank": 0.6967648884145017,
"arithmetic_mean_rank": 418.2202,
"count": 10000.0,
"geometric_mean_rank": 2.556579212536439,
"harmonic_mean_rank": 1.4350334863987826,
"hits_at_1": 0.5859,
"hits_at_10": 0.8885,
"hits_at_3": 0.78,
"hits_at_5": 0.8343,
"inverse_arithmetic_mean_rank": 0.0023910848878174705,
"inverse_geometric_mean_rank": 0.39114766915744337,
"inverse_harmonic_mean_rank": 0.6968478502264784,
"inverse_median_rank": 1.0,
"median_absolute_deviation": 0.0,
"median_rank": 1.0,
"standard_deviation": 2902.4424599485105,
"variance": 8424172.23331196,
"z_arithmetic_mean_rank": 169.6691108817611,
"z_geometric_mean_rank": 100.07053649455571,
"z_hits_at_k": 5683.126382176726,
"z_inverse_harmonic_mean_rank": 10997.587824495944},
"realistic": {"adjusted_arithmetic_mean_rank": 0.020437641248758198,
"adjusted_arithmetic_mean_rank_index": 0.9796102304746628,
"adjusted_geometric_mean_rank_index": 0.9998966254436641,
"adjusted_hits_at_k": 0.8884727486223184,
"adjusted_inverse_harmonic_mean_rank": 0.6967648942343848,
"arithmetic_mean_rank": 418.22021484375,
"count": 10000.0,
"geometric_mean_rank": 2.556579113006592,
"harmonic_mean_rank": 1.4350334744170534,
"hits_at_1": 0.5859,
"hits_at_10": 0.8885,
"hits_at_3": 0.78,
"hits_at_5": 0.8343,
"inverse_arithmetic_mean_rank": 0.002391084795817733,
"inverse_geometric_mean_rank": 0.3911476731300354,
"inverse_harmonic_mean_rank": 0.6968478560447693,
"inverse_median_rank": 1.0,
"median_absolute_deviation": 0.0,
"median_rank": 1.0,
"standard_deviation": 2902.442626953125,
"variance": 8424173.0,
"z_arithmetic_mean_rank": 169.6691107561176,
"z_geometric_mean_rank": 100.07053649521724,
"z_hits_at_k": 5683.126382176726,
"z_inverse_harmonic_mean_rank": 10997.587916355733}},
"head": {"optimistic": {"adjusted_arithmetic_mean_rank": 0.02030534631826229,
"adjusted_arithmetic_mean_rank_index": 0.979742532980523,
"adjusted_geometric_mean_rank_index": 0.9998980178784409,
"adjusted_hits_at_k": 0.8909733590174674,
"adjusted_inverse_harmonic_mean_rank": 0.6984723258461295,
"arithmetic_mean_rank": 415.5034,
"count": 5000.0,
"geometric_mean_rank": 2.535653220988683,
"harmonic_mean_rank": 1.431526872496933,
"hits_at_1": 0.5876,
"hits_at_10": 0.891,
"hits_at_3": 0.7826,
"hits_at_5": 0.836,
"inverse_arithmetic_mean_rank": 0.0024067191748611445,
"inverse_geometric_mean_rank": 0.39437569448478743,
"inverse_harmonic_mean_rank": 0.6985548222757114,
"inverse_median_rank": 1.0,
"median_absolute_deviation": 0.0,
"median_rank": 1.0,
"standard_deviation": 2889.8975352749862,
"variance": 8351507.76438844,
"z_arithmetic_mean_rank": 119.99037191570886,
"z_geometric_mean_rank": 70.76589025447927,
"z_hits_at_k": 4029.840440271695,
"z_inverse_harmonic_mean_rank": 7795.434405790445},
"pessimistic": {"adjusted_arithmetic_mean_rank": 0.02030534631826229,
"adjusted_arithmetic_mean_rank_index": 0.979742532980523,
"adjusted_geometric_mean_rank_index": 0.9998980178784409,
"adjusted_hits_at_k": 0.8909733590174674,
"adjusted_inverse_harmonic_mean_rank": 0.6984723258461295,
"arithmetic_mean_rank": 415.5034,
"count": 5000.0,
"geometric_mean_rank": 2.535653220988683,
"harmonic_mean_rank": 1.431526872496933,
"hits_at_1": 0.5876,
"hits_at_10": 0.891,
"hits_at_3": 0.7826,
"hits_at_5": 0.836,
"inverse_arithmetic_mean_rank": 0.0024067191748611445,
"inverse_geometric_mean_rank": 0.39437569448478743,
"inverse_harmonic_mean_rank": 0.6985548222757114,
"inverse_median_rank": 1.0,
"median_absolute_deviation": 0.0,
"median_rank": 1.0,
"standard_deviation": 2889.8975352749862,
"variance": 8351507.76438844,
"z_arithmetic_mean_rank": 119.99037191570886,
"z_geometric_mean_rank": 70.76589025447927,
"z_hits_at_k": 4029.840440271695,
"z_inverse_harmonic_mean_rank": 7795.434405790445},
"realistic": {"adjusted_arithmetic_mean_rank": 0.020305345705010264,
"adjusted_arithmetic_mean_rank_index": 0.979742533593805,
"adjusted_geometric_mean_rank_index": 0.9998980178538582,
"adjusted_hits_at_k": 0.8909733590174674,
"adjusted_inverse_harmonic_mean_rank": 0.6984723174299624,
"arithmetic_mean_rank": 415.5033874511719,
"count": 5000.0,
"geometric_mean_rank": 2.535653591156006,
"harmonic_mean_rank": 1.4315268897392064,
"hits_at_1": 0.5876,
"hits_at_10": 0.891,
"hits_at_3": 0.7826,
"hits_at_5": 0.836,
"inverse_arithmetic_mean_rank": 0.0024067191407084465,
"inverse_geometric_mean_rank": 0.39437562227249146,
"inverse_harmonic_mean_rank": 0.6985548138618469,
"inverse_median_rank": 1.0,
"median_absolute_deviation": 0.0,
"median_rank": 1.0,
"standard_deviation": 2889.8974609375,
"variance": 8351508.0,
"z_arithmetic_mean_rank": 119.99037199081832,
"z_geometric_mean_rank": 70.76589025273948,
"z_hits_at_k": 4029.840440271695,
"z_inverse_harmonic_mean_rank": 7795.434311860197}},
"tail": {"optimistic": {"adjusted_arithmetic_mean_rank": 0.020569928594659247,
"adjusted_arithmetic_mean_rank_index": 0.9794779355541192,
"adjusted_geometric_mean_rank_index": 0.9998952319114341,
"adjusted_hits_at_k": 0.8859721382557149,
"adjusted_inverse_harmonic_mean_rank": 0.6950574510027421,
"arithmetic_mean_rank": 420.937,
"count": 5000.0,
"geometric_mean_rank": 2.5776779000658983,
"harmonic_mean_rank": 1.4385573218225007,
"hits_at_1": 0.5842,
"hits_at_10": 0.886,
"hits_at_3": 0.7774,
"hits_at_5": 0.8326,
"inverse_arithmetic_mean_rank": 0.0023756524135440694,
"inverse_geometric_mean_rank": 0.38794606571070617,
"inverse_harmonic_mean_rank": 0.6951408781772458,
"inverse_median_rank": 1.0,
"median_absolute_deviation": 0.0,
"median_rank": 1.0,
"standard_deviation": 2914.930863713752,
"variance": 8496821.940231,
"z_arithmetic_mean_rank": 119.95798662116468,
"z_geometric_mean_rank": 70.76569111852446,
"z_hits_at_k": 4007.3137036604844,
"z_inverse_harmonic_mean_rank": 7757.503007839385},
"pessimistic": {"adjusted_arithmetic_mean_rank": 0.020569928594659247,
"adjusted_arithmetic_mean_rank_index": 0.9794779355541192,
"adjusted_geometric_mean_rank_index": 0.9998952319114341,
"adjusted_hits_at_k": 0.8859721382557149,
"adjusted_inverse_harmonic_mean_rank": 0.6950574510027421,
"arithmetic_mean_rank": 420.937,
"count": 5000.0,
"geometric_mean_rank": 2.5776779000658983,
"harmonic_mean_rank": 1.4385573218225007,
"hits_at_1": 0.5842,
"hits_at_10": 0.886,
"hits_at_3": 0.7774,
"hits_at_5": 0.8326,
"inverse_arithmetic_mean_rank": 0.0023756524135440694,
"inverse_geometric_mean_rank": 0.38794606571070617,
"inverse_harmonic_mean_rank": 0.6951408781772458,
"inverse_median_rank": 1.0,
"median_absolute_deviation": 0.0,
"median_rank": 1.0,
"standard_deviation": 2914.930863713752,
"variance": 8496821.940231,
"z_arithmetic_mean_rank": 119.95798662116468,
"z_geometric_mean_rank": 70.76569111852446,
"z_hits_at_k": 4007.3137036604844,
"z_inverse_harmonic_mean_rank": 7757.503007839385},