{"both": {"optimistic": {"adjusted_arithmetic_mean_rank": 0.13166379427923242,
"adjusted_arithmetic_mean_rank_index": 0.8683786417640734,
"adjusted_geometric_mean_rank_index": 0.9934824769766466,
"adjusted_hits_at_k": 0.3263353919025242,
"adjusted_inverse_harmonic_mean_rank": 0.25275250245752345,
"arithmetic_mean_rank": 2694.2669,
"count": 10000.0,
"geometric_mean_rank": 99.13865777296908,
"harmonic_mean_rank": 3.9532419835427444,
"hits_at_1": 0.2111,
"hits_at_10": 0.3265,
"hits_at_3": 0.2679,
"hits_at_5": 0.2936,
"inverse_arithmetic_mean_rank": 0.00037115847728374645,
"inverse_geometric_mean_rank": 0.010086882579044333,
"inverse_harmonic_mean_rank": 0.25295694120495965,
"inverse_median_rank": 0.0071174377224199285,
"median_absolute_deviation": 206.82300948153147,
"median_rank": 140.5,
"standard_deviation": 6037.771876583646,
"variance": 36454689.2336644,
"z_arithmetic_mean_rank": 150.40372932439107,
"z_geometric_mean_rank": 99.4286028573578,
"z_hits_at_k": 2087.4081709709167,
"z_inverse_harmonic_mean_rank": 3989.3913856120303},
"pessimistic": {"adjusted_arithmetic_mean_rank": 0.13166381382648576,
"adjusted_arithmetic_mean_rank_index": 0.8683786222158647,
"adjusted_geometric_mean_rank_index": 0.9934824755057448,
"adjusted_hits_at_k": 0.3263353919025242,
"adjusted_inverse_harmonic_mean_rank": 0.2527525021619302,
"arithmetic_mean_rank": 2694.2673,
"count": 10000.0,
"geometric_mean_rank": 99.13867992131118,
"harmonic_mean_rank": 3.953241988161048,
"hits_at_1": 0.2111,
"hits_at_10": 0.3265,
"hits_at_3": 0.2679,
"hits_at_5": 0.2936,
"inverse_arithmetic_mean_rank": 0.0003711584221803085,
"inverse_geometric_mean_rank": 0.010086880325557337,
"inverse_harmonic_mean_rank": 0.25295694090944726,
"inverse_median_rank": 0.0071174377224199285,
"median_absolute_deviation": 206.82300948153147,
"median_rank": 140.5,
"standard_deviation": 6037.772249253089,
"variance": 36454693.73385071,
"z_arithmetic_mean_rank": 150.40372593862898,
"z_geometric_mean_rank": 99.42860271014865,
"z_hits_at_k": 2087.4081709709167,
"z_inverse_harmonic_mean_rank": 3989.3913809464498},
"realistic": {"adjusted_arithmetic_mean_rank": 0.1316638035565421,
"adjusted_arithmetic_mean_rank_index": 0.8683786324863103,
"adjusted_geometric_mean_rank_index": 0.9934824735067185,
"adjusted_hits_at_k": 0.3263353919025242,
"adjusted_inverse_harmonic_mean_rank": 0.25275251788176845,
"arithmetic_mean_rank": 2694.26708984375,
"count": 10000.0,
"geometric_mean_rank": 99.13871002197266,
"harmonic_mean_rank": 3.9532417425567226,
"hits_at_1": 0.2111,
"hits_at_10": 0.3265,
"hits_at_3": 0.2679,
"hits_at_5": 0.2936,
"inverse_arithmetic_mean_rank": 0.00037115844315849245,
"inverse_geometric_mean_rank": 0.010086877271533012,
"inverse_harmonic_mean_rank": 0.25295695662498474,
"inverse_median_rank": 0.007117437664419413,
"median_absolute_deviation": 206.82300948153147,
"median_rank": 140.5,
"standard_deviation": 6037.77197265625,
"variance": 36454688.0,
"z_arithmetic_mean_rank": 150.40372771747664,
"z_geometric_mean_rank": 99.42860251008435,
"z_hits_at_k": 2087.4081709709167,
"z_inverse_harmonic_mean_rank": 3989.3916290650113}},
"head": {"optimistic": {"adjusted_arithmetic_mean_rank": 0.13167008674969172,
"adjusted_arithmetic_mean_rank_index": 0.8683723499699582,
"adjusted_geometric_mean_rank_index": 0.993443750982829,
"adjusted_hits_at_k": 0.32503507032098183,
"adjusted_inverse_harmonic_mean_rank": 0.25147401104756395,
"arithmetic_mean_rank": 2694.3332,
"count": 5000.0,
"geometric_mean_rank": 99.7244113663033,
"harmonic_mean_rank": 3.973318310420584,
"hits_at_1": 0.2102,
"hits_at_10": 0.3252,
"hits_at_3": 0.2648,
"hits_at_5": 0.2924,
"inverse_arithmetic_mean_rank": 0.00037114934411230206,
"inverse_geometric_mean_rank": 0.010027635022350186,
"inverse_harmonic_mean_rank": 0.25167880393004505,
"inverse_median_rank": 0.006944444444444444,
"median_absolute_deviation": 212.01211724630107,
"median_rank": 144.0,
"standard_deviation": 6039.821308232369,
"variance": 36479441.43537776,
"z_arithmetic_mean_rank": 106.35071738411989,
"z_geometric_mean_rank": 70.30910172740819,
"z_hits_at_k": 1470.12192635085,
"z_inverse_harmonic_mean_rank": 2806.623949642585},
"pessimistic": {"adjusted_arithmetic_mean_rank": 0.1316701160712515,
"adjusted_arithmetic_mean_rank_index": 0.8683723206469653,
"adjusted_geometric_mean_rank_index": 0.9934437480781393,
"adjusted_hits_at_k": 0.32503507032098183,
"adjusted_inverse_harmonic_mean_rank": 0.2514740104567151,
"arithmetic_mean_rank": 2694.3338,
"count": 5000.0,
"geometric_mean_rank": 99.72445510530463,
"harmonic_mean_rank": 3.973318319745916,
"hits_at_1": 0.2102,
"hits_at_10": 0.3252,
"hits_at_3": 0.2648,
"hits_at_5": 0.2924,
"inverse_arithmetic_mean_rank": 0.00037114926146121914,
"inverse_geometric_mean_rank": 0.010027630624244013,
"inverse_harmonic_mean_rank": 0.2516788033393578,
"inverse_median_rank": 0.006944444444444444,
"median_absolute_deviation": 212.01211724630107,
"median_rank": 144.0,
"standard_deviation": 6039.82133652789,
"variance": 36479441.77717755,
"z_arithmetic_mean_rank": 106.35071379289394,
"z_geometric_mean_rank": 70.30910152183426,
"z_hits_at_k": 1470.12192635085,
"z_inverse_harmonic_mean_rank": 2806.623943048303},
"realistic": {"adjusted_arithmetic_mean_rank": 0.13167010121957604,
"adjusted_arithmetic_mean_rank_index": 0.8683723354993667,
"adjusted_geometric_mean_rank_index": 0.9934437520197719,
"adjusted_hits_at_k": 0.32503507032098183,
"adjusted_inverse_harmonic_mean_rank": 0.2514740017373929,
"arithmetic_mean_rank": 2694.33349609375,
"count": 5000.0,
"geometric_mean_rank": 99.72439575195312,
"harmonic_mean_rank": 3.973318457362451,
"hits_at_1": 0.2102,
"hits_at_10": 0.3252,
"hits_at_3": 0.2648,
"hits_at_5": 0.2924,
"inverse_arithmetic_mean_rank": 0.00037114930455572903,
"inverse_geometric_mean_rank": 0.010027636773884296,
"inverse_harmonic_mean_rank": 0.25167879462242126,
"inverse_median_rank": 0.0069444444961845875,
"median_absolute_deviation": 212.01211724630107,
"median_rank": 144.0,
"standard_deviation": 6039.8212890625,
"variance": 36479440.0,
"z_arithmetic_mean_rank": 106.3507156118873,
"z_geometric_mean_rank": 70.30910180079586,
"z_hits_at_k": 1470.12192635085,
"z_inverse_harmonic_mean_rank": 2806.6238457346353}},
"tail": {"optimistic": {"adjusted_arithmetic_mean_rank": 0.1316575021005236,
"adjusted_arithmetic_mean_rank_index": 0.8683849332664552,
"adjusted_geometric_mean_rank_index": 0.993521623288994,
"adjusted_hits_at_k": 0.32763571346922304,
"adjusted_inverse_harmonic_mean_rank": 0.2540309938526062,
"arithmetic_mean_rank": 2694.2006,
"count": 5000.0,
"geometric_mean_rank": 98.55634473413295,
"harmonic_mean_rank": 3.933367519459601,
"hits_at_1": 0.212,
"hits_at_10": 0.3278,
"hits_at_3": 0.271,
"hits_at_5": 0.2948,
"inverse_arithmetic_mean_rank": 0.00037116761090469656,
"inverse_geometric_mean_rank": 0.01014648019564458,
"inverse_harmonic_mean_rank": 0.25423507847987425,
"inverse_median_rank": 0.007246376811594203,
"median_absolute_deviation": 203.11650393526747,
"median_rank": 138.0,
"standard_deviation": 6035.721748321376,
"variance": 36429937.023159645,
"z_arithmetic_mean_rank": 106.35227647865959,
"z_geometric_mean_rank": 70.31461104064094,
"z_hits_at_k": 1481.9191571629858,
"z_inverse_harmonic_mean_rank": 2835.2277873620646},
"pessimistic": {"adjusted_arithmetic_mean_rank": 0.1316575118739237,
"adjusted_arithmetic_mean_rank_index": 0.8683849234925775,
"adjusted_geometric_mean_rank_index": 0.993521623235217,
"adjusted_hits_at_k": 0.32763571346922304,
"adjusted_inverse_harmonic_mean_rank": 0.25403099385226857,
"arithmetic_mean_rank": 2694.2008,
"count": 5000.0,
"geometric_mean_rank": 98.55634554394666,
"harmonic_mean_rank": 3.9333675194648237,
"hits_at_1": 0.212,
"hits_at_10": 0.3278,
"hits_at_3": 0.271,
"hits_at_5": 0.2948,
"inverse_arithmetic_mean_rank": 0.0003711675833516195,
"inverse_geometric_mean_rank": 0.0101464801122734,
"inverse_harmonic_mean_rank": 0.2542350784795367,
"inverse_median_rank": 0.007246376811594203,