{"both": {"optimistic": {"adjusted_arithmetic_mean_rank": 0.01722897843170725,
"adjusted_arithmetic_mean_rank_index": 0.9828190501007393,
"adjusted_geometric_mean_rank_index": 0.9999260379464352,
"adjusted_hits_at_k": 0.9271822071722402,
"adjusted_inverse_harmonic_mean_rank": 0.7449832569967908,
"arithmetic_mean_rank": 352.5606,
"count": 10000.0,
"geometric_mean_rank": 2.113695592171411,
"harmonic_mean_rank": 1.3421863465318373,
"hits_at_1": 0.6202,
"hits_at_10": 0.9272,
"hits_at_3": 0.864,
"hits_at_5": 0.9058,
"inverse_arithmetic_mean_rank": 0.0028363918146270457,
"inverse_geometric_mean_rank": 0.4731050221724192,
"inverse_harmonic_mean_rank": 0.7450530267901809,
"inverse_median_rank": 1.0,
"median_absolute_deviation": 0.0,
"median_rank": 1.0,
"standard_deviation": 2672.8580022379865,
"variance": 7144169.90012764,
"z_arithmetic_mean_rank": 170.22488034242477,
"z_geometric_mean_rank": 100.07348012444558,
"z_hits_at_k": 5930.731888891432,
"z_inverse_harmonic_mean_rank": 11758.656230862278},
"pessimistic": {"adjusted_arithmetic_mean_rank": 0.01722897843170725,
"adjusted_arithmetic_mean_rank_index": 0.9828190501007393,
"adjusted_geometric_mean_rank_index": 0.9999260379464352,
"adjusted_hits_at_k": 0.9271822071722402,
"adjusted_inverse_harmonic_mean_rank": 0.7449832569967908,
"arithmetic_mean_rank": 352.5606,
"count": 10000.0,
"geometric_mean_rank": 2.113695592171411,
"harmonic_mean_rank": 1.3421863465318373,
"hits_at_1": 0.6202,
"hits_at_10": 0.9272,
"hits_at_3": 0.864,
"hits_at_5": 0.9058,
"inverse_arithmetic_mean_rank": 0.0028363918146270457,
"inverse_geometric_mean_rank": 0.4731050221724192,
"inverse_harmonic_mean_rank": 0.7450530267901809,
"inverse_median_rank": 1.0,
"median_absolute_deviation": 0.0,
"median_rank": 1.0,
"standard_deviation": 2672.8580022379865,
"variance": 7144169.90012764,
"z_arithmetic_mean_rank": 170.22488034242477,
"z_geometric_mean_rank": 100.07348012444558,
"z_hits_at_k": 5930.731888891432,
"z_inverse_harmonic_mean_rank": 11758.656230862278},
"realistic": {"adjusted_arithmetic_mean_rank": 0.01722897881826182,
"adjusted_arithmetic_mean_rank_index": 0.9828190497141658,
"adjusted_geometric_mean_rank_index": 0.9999260379444881,
"adjusted_hits_at_k": 0.9271822071722402,
"adjusted_inverse_harmonic_mean_rank": 0.7449832831159773,
"arithmetic_mean_rank": 352.56060791015625,
"count": 10000.0,
"geometric_mean_rank": 2.1136956214904785,
"harmonic_mean_rank": 1.3421862994919327,
"hits_at_1": 0.6202,
"hits_at_10": 0.9272,
"hits_at_3": 0.864,
"hits_at_5": 0.9058,
"inverse_arithmetic_mean_rank": 0.002836391795426607,
"inverse_geometric_mean_rank": 0.4731050133705139,
"inverse_harmonic_mean_rank": 0.7450530529022216,
"inverse_median_rank": 1.0,
"median_absolute_deviation": 0.0,
"median_rank": 1.0,
"standard_deviation": 2672.85791015625,
"variance": 7144169.5,
"z_arithmetic_mean_rank": 170.22488027546999,
"z_geometric_mean_rank": 100.07348012425071,
"z_hits_at_k": 5930.731888891432,
"z_inverse_harmonic_mean_rank": 11758.656643121925}},
"head": {"optimistic": {"adjusted_arithmetic_mean_rank": 0.017049949462825606,
"adjusted_arithmetic_mean_rank_index": 0.9829980889325906,
"adjusted_geometric_mean_rank_index": 0.9999262186864913,
"adjusted_hits_at_k": 0.9273822556391572,
"adjusted_inverse_harmonic_mean_rank": 0.7440939069165026,
"arithmetic_mean_rank": 348.889,
"count": 5000.0,
"geometric_mean_rank": 2.111003674037664,
"harmonic_mean_rank": 1.3437899514993945,
"hits_at_1": 0.6174,
"hits_at_10": 0.9274,
"hits_at_3": 0.8656,
"hits_at_5": 0.9058,
"inverse_arithmetic_mean_rank": 0.002866241125400915,
"inverse_geometric_mean_rank": 0.4737083181325426,
"inverse_harmonic_mean_rank": 0.7441639215148206,
"inverse_median_rank": 1.0,
"median_absolute_deviation": 0.0,
"median_rank": 1.0,
"standard_deviation": 2653.2599980927234,
"variance": 7039788.617478999,
"z_arithmetic_mean_rank": 120.38908418585254,
"z_geometric_mean_rank": 70.76788611330878,
"z_hits_at_k": 4194.516569481166,
"z_inverse_harmonic_mean_rank": 8304.60281456272},
"pessimistic": {"adjusted_arithmetic_mean_rank": 0.017049949462825606,
"adjusted_arithmetic_mean_rank_index": 0.9829980889325906,
"adjusted_geometric_mean_rank_index": 0.9999262186864913,
"adjusted_hits_at_k": 0.9273822556391572,
"adjusted_inverse_harmonic_mean_rank": 0.7440939069165026,
"arithmetic_mean_rank": 348.889,
"count": 5000.0,
"geometric_mean_rank": 2.111003674037664,
"harmonic_mean_rank": 1.3437899514993945,
"hits_at_1": 0.6174,
"hits_at_10": 0.9274,
"hits_at_3": 0.8656,
"hits_at_5": 0.9058,
"inverse_arithmetic_mean_rank": 0.002866241125400915,
"inverse_geometric_mean_rank": 0.4737083181325426,
"inverse_harmonic_mean_rank": 0.7441639215148206,
"inverse_median_rank": 1.0,
"median_absolute_deviation": 0.0,
"median_rank": 1.0,
"standard_deviation": 2653.2599980927234,
"variance": 7039788.617478999,
"z_arithmetic_mean_rank": 120.38908418585254,
"z_geometric_mean_rank": 70.76788611330878,
"z_hits_at_k": 4194.516569481166,
"z_inverse_harmonic_mean_rank": 8304.60281456272},
"realistic": {"adjusted_arithmetic_mean_rank": 0.017049949832685773,
"adjusted_arithmetic_mean_rank_index": 0.9829980885627123,
"adjusted_geometric_mean_rank_index": 0.9999262186889302,
"adjusted_hits_at_k": 0.9273822556391572,
"adjusted_inverse_harmonic_mean_rank": 0.7440939158202251,
"arithmetic_mean_rank": 348.8890075683594,
"count": 5000.0,
"geometric_mean_rank": 2.1110036373138428,
"harmonic_mean_rank": 1.3437899354257057,
"hits_at_1": 0.6174,
"hits_at_10": 0.9274,
"hits_at_3": 0.8656,
"hits_at_5": 0.9058,
"inverse_arithmetic_mean_rank": 0.0028662411496043205,
"inverse_geometric_mean_rank": 0.4737083315849304,
"inverse_harmonic_mean_rank": 0.7441639304161072,
"inverse_median_rank": 1.0,
"median_absolute_deviation": 0.0,
"median_rank": 1.0,
"standard_deviation": 2653.260009765625,
"variance": 7039788.5,
"z_arithmetic_mean_rank": 120.38908414055307,
"z_geometric_mean_rank": 70.76788611348138,
"z_hits_at_k": 4194.516569481166,
"z_inverse_harmonic_mean_rank": 8304.602913934426}},
"tail": {"optimistic": {"adjusted_arithmetic_mean_rank": 0.017407999099908943,
"adjusted_arithmetic_mean_rank_index": 0.9826400195704308,
"adjusted_geometric_mean_rank_index": 0.9999258643699167,
"adjusted_hits_at_k": 0.9269821587076069,
"adjusted_inverse_harmonic_mean_rank": 0.7458726070667304,
"arithmetic_mean_rank": 356.2322,
"count": 5000.0,
"geometric_mean_rank": 2.116390942996124,
"harmonic_mean_rank": 1.340586564310241,
"hits_at_1": 0.623,
"hits_at_10": 0.927,
"hits_at_3": 0.8624,
"hits_at_5": 0.9058,
"inverse_arithmetic_mean_rank": 0.0028071578032530468,
"inverse_geometric_mean_rank": 0.47250249454589144,
"inverse_harmonic_mean_rank": 0.7459421320655413,
"inverse_median_rank": 1.0,
"median_absolute_deviation": 0.0,
"median_rank": 1.0,
"standard_deviation": 2692.3083444292115,
"variance": 7248524.221483161,
"z_arithmetic_mean_rank": 120.34525132448758,
"z_geometric_mean_rank": 70.76785907275205,
"z_hits_at_k": 4192.8048831774995,
"z_inverse_harmonic_mean_rank": 8324.648537236297},
"pessimistic": {"adjusted_arithmetic_mean_rank": 0.017407999099908943,
"adjusted_arithmetic_mean_rank_index": 0.9826400195704308,
"adjusted_geometric_mean_rank_index": 0.9999258643699167,
"adjusted_hits_at_k": 0.9269821587076069,
"adjusted_inverse_harmonic_mean_rank": 0.7458726070667304,
"arithmetic_mean_rank": 356.2322,
"count": 5000.0,
"geometric_mean_rank": 2.116390942996124,
"harmonic_mean_rank": 1.340586564310241,
"hits_at_1": 0.623,
"hits_at_10": 0.927,
"hits_at_3": 0.8624,
"hits_at_5": 0.9058,
"inverse_arithmetic_mean_rank": 0.0028071578032530468,
"inverse_geometric_mean_rank": 0.47250249454589144,
"inverse_harmonic_mean_rank": 0.7459421320655413,
"inverse_median_rank": 1.0,
"median_absolute_deviation": 0.0,
"median_rank": 1.0,
"standard_deviation": 2692.3083444292115,
"variance": 7248524.221483161,
"z_arithmetic_mean_rank": 120.34525132448758,
"z_geometric_mean_rank": 70.76785907275205,
"z_hits_at_k": 4192.8048831774995,
"z_inverse_harmonic_mean_rank": 8324.648537236297},