{"both": {"optimistic": {"adjusted_arithmetic_mean_rank": 0.09372645563875463,
"adjusted_arithmetic_mean_rank_index": 0.906317834422079,
"adjusted_geometric_mean_rank_index": 0.9961585213465789,
"adjusted_hits_at_k": 0.3782480766245123,
"adjusted_inverse_harmonic_mean_rank": 0.2891117379029573,
"arithmetic_mean_rank": 1917.9463,
"count": 10000.0,
"geometric_mean_rank": 58.84368655997224,
"harmonic_mean_rank": 3.4565450004309377,
"hits_at_1": 0.2398,
"hits_at_10": 0.3784,
"hits_at_3": 0.3097,
"hits_at_5": 0.3368,
"inverse_arithmetic_mean_rank": 0.000521391031646715,
"inverse_geometric_mean_rank": 0.01699417657968831,
"inverse_harmonic_mean_rank": 0.2893062291610053,
"inverse_median_rank": 0.017543859649122806,
"median_absolute_deviation": 83.0257242363137,
"median_rank": 57.0,
"standard_deviation": 4990.441738184738,
"variance": 24904508.742216308,
"z_arithmetic_mean_rank": 156.97482145964753,
"z_geometric_mean_rank": 99.69642373900676,
"z_hits_at_k": 2419.468269123197,
"z_inverse_harmonic_mean_rank": 4563.277773533473},
"pessimistic": {"adjusted_arithmetic_mean_rank": 0.09372648495963466,
"adjusted_arithmetic_mean_rank_index": 0.906317805099766,
"adjusted_geometric_mean_rank_index": 0.9961585205450965,
"adjusted_hits_at_k": 0.3782480766245123,
"adjusted_inverse_harmonic_mean_rank": 0.289111737784402,
"arithmetic_mean_rank": 1917.9469,
"count": 10000.0,
"geometric_mean_rank": 58.843698628423816,
"harmonic_mean_rank": 3.456545001847014,
"hits_at_1": 0.2398,
"hits_at_10": 0.3784,
"hits_at_3": 0.3097,
"hits_at_5": 0.3368,
"inverse_arithmetic_mean_rank": 0.0005213908685376014,
"inverse_geometric_mean_rank": 0.016994173094295618,
"inverse_harmonic_mean_rank": 0.28930622904248243,
"inverse_median_rank": 0.017543859649122806,
"median_absolute_deviation": 83.0257242363137,
"median_rank": 57.0,
"standard_deviation": 4990.442124810224,
"variance": 24904512.601080388,
"z_arithmetic_mean_rank": 156.97481638100442,
"z_geometric_mean_rank": 99.69642365879369,
"z_hits_at_k": 2419.468269123197,
"z_inverse_harmonic_mean_rank": 4563.277771662221},
"realistic": {"adjusted_arithmetic_mean_rank": 0.09372647300030437,
"adjusted_arithmetic_mean_rank_index": 0.9063178170596808,
"adjusted_geometric_mean_rank_index": 0.9961585199201717,
"adjusted_hits_at_k": 0.3782480766245123,
"adjusted_inverse_harmonic_mean_rank": 0.28911173213285996,
"arithmetic_mean_rank": 1917.9466552734375,
"count": 10000.0,
"geometric_mean_rank": 58.84370803833008,
"harmonic_mean_rank": 3.4565450693514896,
"hits_at_1": 0.2398,
"hits_at_10": 0.3784,
"hits_at_3": 0.3097,
"hits_at_5": 0.3368,
"inverse_arithmetic_mean_rank": 0.0005213909316807985,
"inverse_geometric_mean_rank": 0.0169941708445549,
"inverse_harmonic_mean_rank": 0.2893062233924866,
"inverse_median_rank": 0.017543859779834747,
"median_absolute_deviation": 83.0257242363137,
"median_rank": 57.0,
"standard_deviation": 4990.44189453125,
"variance": 24904510.0,
"z_arithmetic_mean_rank": 156.9748184524692,
"z_geometric_mean_rank": 99.69642359625067,
"z_hits_at_k": 2419.468269123197,
"z_inverse_harmonic_mean_rank": 4563.277682459491}},
"head": {"optimistic": {"adjusted_arithmetic_mean_rank": 0.09379879993306474,
"adjusted_arithmetic_mean_rank_index": 0.9062454876190359,
"adjusted_geometric_mean_rank_index": 0.996145930955958,
"adjusted_hits_at_k": 0.37664768201546517,
"adjusted_inverse_harmonic_mean_rank": 0.28748699483871887,
"arithmetic_mean_rank": 1919.3822,
"count": 5000.0,
"geometric_mean_rank": 59.034814837207605,
"harmonic_mean_rank": 3.4760611605958047,
"hits_at_1": 0.2374,
"hits_at_10": 0.3768,
"hits_at_3": 0.309,
"hits_at_5": 0.3346,
"inverse_arithmetic_mean_rank": 0.0005210009762516293,
"inverse_geometric_mean_rank": 0.016939157050929455,
"inverse_harmonic_mean_rank": 0.28768193475301157,
"inverse_median_rank": 0.017241379310344827,
"median_absolute_deviation": 84.50832645481931,
"median_rank": 58.0,
"standard_deviation": 4990.14845167187,
"variance": 24901581.56972316,
"z_arithmetic_mean_rank": 110.98909095590196,
"z_geometric_mean_rank": 70.5003434020662,
"z_hits_at_k": 1703.5639117137266,
"z_inverse_harmonic_mean_rank": 3208.5537649157354},
"pessimistic": {"adjusted_arithmetic_mean_rank": 0.09379883902847781,
"adjusted_arithmetic_mean_rank_index": 0.9062454485217122,
"adjusted_geometric_mean_rank_index": 0.9961459299406008,
"adjusted_hits_at_k": 0.37664768201546517,
"adjusted_inverse_harmonic_mean_rank": 0.2874869946806495,
"arithmetic_mean_rank": 1919.383,
"count": 5000.0,
"geometric_mean_rank": 59.034830126519886,
"harmonic_mean_rank": 3.476061162505235,
"hits_at_1": 0.2374,
"hits_at_10": 0.3768,
"hits_at_3": 0.309,
"hits_at_5": 0.3346,
"inverse_arithmetic_mean_rank": 0.000521000759098106,
"inverse_geometric_mean_rank": 0.016939152663891135,
"inverse_harmonic_mean_rank": 0.2876819345949854,
"inverse_median_rank": 0.017241379310344827,
"median_absolute_deviation": 84.50832645481931,
"median_rank": 58.0,
"standard_deviation": 4990.149034999957,
"variance": 24901587.391510997,
"z_arithmetic_mean_rank": 110.98908616760069,
"z_geometric_mean_rank": 70.50034333020622,
"z_hits_at_k": 1703.5639117137266,
"z_inverse_harmonic_mean_rank": 3208.5537631515717},
"realistic": {"adjusted_arithmetic_mean_rank": 0.09379881793451715,
"adjusted_arithmetic_mean_rank_index": 0.9062454696167037,
"adjusted_geometric_mean_rank_index": 0.9961459308294652,
"adjusted_hits_at_k": 0.37664768201546517,
"adjusted_inverse_harmonic_mean_rank": 0.2874869973040942,
"arithmetic_mean_rank": 1919.382568359375,
"count": 5000.0,
"geometric_mean_rank": 59.03481674194336,
"harmonic_mean_rank": 3.476061130814822,
"hits_at_1": 0.2374,
"hits_at_10": 0.3768,
"hits_at_3": 0.309,
"hits_at_5": 0.3346,
"inverse_arithmetic_mean_rank": 0.0005210008821450174,
"inverse_geometric_mean_rank": 0.016939155757427216,
"inverse_harmonic_mean_rank": 0.2876819372177124,
"inverse_median_rank": 0.017241379246115685,
"median_absolute_deviation": 84.50832645481931,
"median_rank": 58.0,
"standard_deviation": 4990.14892578125,
"variance": 24901584.0,
"z_arithmetic_mean_rank": 110.98908875113239,
"z_geometric_mean_rank": 70.50034339311392,
"z_hits_at_k": 1703.5639117137266,
"z_inverse_harmonic_mean_rank": 3208.55379243103}},
"tail": {"optimistic": {"adjusted_arithmetic_mean_rank": 0.09365411469868846,
"adjusted_arithmetic_mean_rank_index": 0.9063901778705978,
"adjusted_geometric_mean_rank_index": 0.9961714535259943,
"adjusted_hits_at_k": 0.37984847121529053,
"adjusted_inverse_harmonic_mean_rank": 0.29073648094829013,
"arithmetic_mean_rank": 1916.5104,
"count": 5000.0,
"geometric_mean_rank": 58.65317707045498,
"harmonic_mean_rank": 3.4372467616407847,
"hits_at_1": 0.2422,
"hits_at_10": 0.38,
"hits_at_3": 0.3104,
"hits_at_5": 0.339,
"inverse_arithmetic_mean_rank": 0.0005217816715213234,
"inverse_geometric_mean_rank": 0.01704937481560098,
"inverse_harmonic_mean_rank": 0.29093052356899907,
"inverse_median_rank": 0.017699115044247787,
"median_absolute_deviation": 82.2844231270609,
"median_rank": 56.5,
"standard_deviation": 4990.73459433497,
"variance": 24907431.79109184,
"z_arithmetic_mean_rank": 111.00683015288672,
"z_geometric_mean_rank": 70.5021477565723,
"z_hits_at_k": 1718.0810979139164,
"z_inverse_harmonic_mean_rank": 3244.895975420744},
"pessimistic": {"adjusted_arithmetic_mean_rank": 0.09365413424548867,
"adjusted_arithmetic_mean_rank_index": 0.9063901583228424,
"adjusted_geometric_mean_rank_index": 0.9961714529370823,
"adjusted_hits_at_k": 0.37984847121529053,
"adjusted_inverse_harmonic_mean_rank": 0.29073648086924875,
"arithmetic_mean_rank": 1916.5108,
"count": 5000.0,
"geometric_mean_rank": 58.653185938741224,
"harmonic_mean_rank": 3.437246762574376,
"hits_at_1": 0.2422,
"hits_at_10": 0.38,
"hits_at_3": 0.3104,
"hits_at_5": 0.339,
"inverse_arithmetic_mean_rank": 0.0005217815626189009,
"inverse_geometric_mean_rank": 0.017049372237757446,
"inverse_harmonic_mean_rank": 0.29093052348997933,
"inverse_median_rank": 0.017699115044247787,
"median_absolute_deviation": 82.2844231270609,