{"MRR": 0.7450530529022216,
"evaluation_time": "days: 0.0, hours: 0.0, minutes: 0.0, seconds: 38.562073945999146",
"hit_at_1": 0.6202,
"hit_at_10": 0.9058,
"hit_at_3": 0.864,
"hit_at_5": 0.9058,
"training_time": "days: 0.0, hours: 9.0, minutes: 57.0, seconds: 41.23388385772705"}