{"both": {"optimistic": {"adjusted_arithmetic_mean_rank": 0.02266108683803776,
"adjusted_arithmetic_mean_rank_index": 0.9773866762244375,
"adjusted_geometric_mean_rank_index": 0.999863284439191,
"adjusted_hits_at_k": 0.8420614081386912,
"adjusted_inverse_harmonic_mean_rank": 0.6585154716278507,
"arithmetic_mean_rank": 463.7191,
"count": 10000.0,
"geometric_mean_rank": 3.058616684037374,
"harmonic_mean_rank": 1.5183517910892306,
"hits_at_1": 0.5525,
"hits_at_10": 0.8421,
"hits_at_3": 0.7339,
"hits_at_5": 0.785,
"inverse_arithmetic_mean_rank": 0.0021564779194991105,
"inverse_geometric_mean_rank": 0.32694518578248255,
"inverse_harmonic_mean_rank": 0.6586088980621698,
"inverse_median_rank": 1.0,
"median_absolute_deviation": 0.0,
"median_rank": 1.0,
"standard_deviation": 3033.437060661584,
"variance": 9201740.400995191,
"z_arithmetic_mean_rank": 169.2839897553182,
"z_geometric_mean_rank": 100.06719969807241,
"z_hits_at_k": 5386.255697123435,
"z_inverse_harmonic_mean_rank": 10393.867218964082},
"pessimistic": {"adjusted_arithmetic_mean_rank": 0.02266108683803776,
"adjusted_arithmetic_mean_rank_index": 0.9773866762244375,
"adjusted_geometric_mean_rank_index": 0.999863284439191,
"adjusted_hits_at_k": 0.8420614081386912,
"adjusted_inverse_harmonic_mean_rank": 0.6585154716278507,
"arithmetic_mean_rank": 463.7191,
"count": 10000.0,
"geometric_mean_rank": 3.058616684037374,
"harmonic_mean_rank": 1.5183517910892306,
"hits_at_1": 0.5525,
"hits_at_10": 0.8421,
"hits_at_3": 0.7339,
"hits_at_5": 0.785,
"inverse_arithmetic_mean_rank": 0.0021564779194991105,
"inverse_geometric_mean_rank": 0.32694518578248255,
"inverse_harmonic_mean_rank": 0.6586088980621698,
"inverse_median_rank": 1.0,
"median_absolute_deviation": 0.0,
"median_rank": 1.0,
"standard_deviation": 3033.437060661584,
"variance": 9201740.400995191,
"z_arithmetic_mean_rank": 169.2839897553182,
"z_geometric_mean_rank": 100.06719969807241,
"z_hits_at_k": 5386.255697123435,
"z_inverse_harmonic_mean_rank": 10393.867218964082},
"realistic": {"adjusted_arithmetic_mean_rank": 0.022661086138898938,
"adjusted_arithmetic_mean_rank_index": 0.9773866769236105,
"adjusted_geometric_mean_rank_index": 0.9998632844264026,
"adjusted_hits_at_k": 0.8420614081386912,
"adjusted_inverse_harmonic_mean_rank": 0.6585154273705587,
"arithmetic_mean_rank": 463.7190856933594,
"count": 10000.0,
"geometric_mean_rank": 3.058616876602173,
"harmonic_mean_rank": 1.5183518930917372,
"hits_at_1": 0.5525,
"hits_at_10": 0.8421,
"hits_at_3": 0.7339,
"hits_at_5": 0.785,
"inverse_arithmetic_mean_rank": 0.002156477887183428,
"inverse_geometric_mean_rank": 0.32694515585899353,
"inverse_harmonic_mean_rank": 0.6586088538169861,
"inverse_median_rank": 1.0,
"median_absolute_deviation": 0.0,
"median_rank": 1.0,
"standard_deviation": 3033.437255859375,
"variance": 9201742.0,
"z_arithmetic_mean_rank": 169.2839898764154,
"z_geometric_mean_rank": 100.06719969679253,
"z_hits_at_k": 5386.255697123435,
"z_inverse_harmonic_mean_rank": 10393.86652041646}},
"head": {"optimistic": {"adjusted_arithmetic_mean_rank": 0.02257235248819287,
"adjusted_arithmetic_mean_rank_index": 0.9774754160182498,
"adjusted_geometric_mean_rank_index": 0.9998621512728618,
"adjusted_hits_at_k": 0.8419613827959619,
"adjusted_inverse_harmonic_mean_rank": 0.6561481108418458,
"arithmetic_mean_rank": 461.8926,
"count": 5000.0,
"geometric_mean_rank": 3.07573483079732,
"harmonic_mean_rank": 1.5238276658684997,
"hits_at_1": 0.5498,
"hits_at_10": 0.842,
"hits_at_3": 0.7304,
"hits_at_5": 0.7796,
"inverse_arithmetic_mean_rank": 0.0021650054579787593,
"inverse_geometric_mean_rank": 0.32512555698462825,
"inverse_harmonic_mean_rank": 0.6562421869601992,
"inverse_median_rank": 1.0,
"median_absolute_deviation": 0.0,
"median_rank": 1.0,
"standard_deviation": 3029.1391024951695,
"variance": 9175683.70226524,
"z_arithmetic_mean_rank": 119.71271508412066,
"z_geometric_mean_rank": 70.76335186333455,
"z_hits_at_k": 3808.1610355666376,
"z_inverse_harmonic_mean_rank": 7323.066883651638},
"pessimistic": {"adjusted_arithmetic_mean_rank": 0.02257235248819287,
"adjusted_arithmetic_mean_rank_index": 0.9774754160182498,
"adjusted_geometric_mean_rank_index": 0.9998621512728618,
"adjusted_hits_at_k": 0.8419613827959619,
"adjusted_inverse_harmonic_mean_rank": 0.6561481108418458,
"arithmetic_mean_rank": 461.8926,
"count": 5000.0,
"geometric_mean_rank": 3.07573483079732,
"harmonic_mean_rank": 1.5238276658684997,
"hits_at_1": 0.5498,
"hits_at_10": 0.842,
"hits_at_3": 0.7304,
"hits_at_5": 0.7796,
"inverse_arithmetic_mean_rank": 0.0021650054579787593,
"inverse_geometric_mean_rank": 0.32512555698462825,
"inverse_harmonic_mean_rank": 0.6562421869601992,
"inverse_median_rank": 1.0,
"median_absolute_deviation": 0.0,
"median_rank": 1.0,
"standard_deviation": 3029.1391024951695,
"variance": 9175683.70226524,
"z_arithmetic_mean_rank": 119.71271508412066,
"z_geometric_mean_rank": 70.76335186333455,
"z_hits_at_k": 3808.1610355666376,
"z_inverse_harmonic_mean_rank": 7323.066883651638},
"realistic": {"adjusted_arithmetic_mean_rank": 0.02257235291054932,
"adjusted_arithmetic_mean_rank_index": 0.9774754155958727,
"adjusted_geometric_mean_rank_index": 0.9998621512713379,
"adjusted_hits_at_k": 0.8419613827959619,
"adjusted_inverse_harmonic_mean_rank": 0.6561481156745032,
"arithmetic_mean_rank": 461.8926086425781,
"count": 5000.0,
"geometric_mean_rank": 3.075734853744507,
"harmonic_mean_rank": 1.5238276546498943,
"hits_at_1": 0.5498,
"hits_at_10": 0.842,
"hits_at_3": 0.7304,
"hits_at_5": 0.7796,
"inverse_arithmetic_mean_rank": 0.002165005309507251,
"inverse_geometric_mean_rank": 0.3251255452632904,
"inverse_harmonic_mean_rank": 0.6562421917915344,
"inverse_median_rank": 1.0,
"median_absolute_deviation": 0.0,
"median_rank": 1.0,
"standard_deviation": 3029.13916015625,
"variance": 9175684.0,
"z_arithmetic_mean_rank": 119.71271503239157,
"z_geometric_mean_rank": 70.7633518632267,
"z_hits_at_k": 3808.1610355666376,
"z_inverse_harmonic_mean_rank": 7323.066937587439}},
"tail": {"optimistic": {"adjusted_arithmetic_mean_rank": 0.02274981707371363,
"adjusted_arithmetic_mean_rank_index": 0.9772979405452477,
"adjusted_geometric_mean_rank_index": 0.9998644248734161,
"adjusted_hits_at_k": 0.8421614334802788,
"adjusted_inverse_harmonic_mean_rank": 0.6608828323863087,
"arithmetic_mean_rank": 465.5456,
"count": 5000.0,
"geometric_mean_rank": 3.0415938091277708,
"harmonic_mean_rank": 1.5129151305062296,
"hits_at_1": 0.5552,
"hits_at_10": 0.8422,
"hits_at_3": 0.7374,
"hits_at_5": 0.7904,
"inverse_arithmetic_mean_rank": 0.0021480172941168384,
"inverse_geometric_mean_rank": 0.32877499848895575,
"inverse_harmonic_mean_rank": 0.6609756091641403,
"inverse_median_rank": 1.0,
"median_absolute_deviation": 0.0,
"median_rank": 1.0,
"standard_deviation": 3037.7278396065435,
"variance": 9227790.427520638,
"z_arithmetic_mean_rank": 119.69099968596589,
"z_geometric_mean_rank": 70.76351080876091,
"z_hits_at_k": 3809.1548338349903,
"z_inverse_harmonic_mean_rank": 7376.081721978369},
"pessimistic": {"adjusted_arithmetic_mean_rank": 0.02274981707371363,
"adjusted_arithmetic_mean_rank_index": 0.9772979405452477,
"adjusted_geometric_mean_rank_index": 0.9998644248734161,
"adjusted_hits_at_k": 0.8421614334802788,
"adjusted_inverse_harmonic_mean_rank": 0.6608828323863087,
"arithmetic_mean_rank": 465.5456,
"count": 5000.0,
"geometric_mean_rank": 3.0415938091277708,
"harmonic_mean_rank": 1.5129151305062296,
"hits_at_1": 0.5552,
"hits_at_10": 0.8422,
"hits_at_3": 0.7374,
"hits_at_5": 0.7904,
"inverse_arithmetic_mean_rank": 0.0021480172941168384,
"inverse_geometric_mean_rank": 0.32877499848895575,
"inverse_harmonic_mean_rank": 0.6609756091641403,
"inverse_median_rank": 1.0,
"median_absolute_deviation": 0.0,
"median_rank": 1.0,
"standard_deviation": 3037.7278396065435,
"variance": 9227790.427520638,
"z_arithmetic_mean_rank": 119.69099968596589,
"z_geometric_mean_rank": 70.76351080876091,
"z_hits_at_k": 3809.1548338349903,
"z_inverse_harmonic_mean_rank": 7376.081721978369},