{"both": {"optimistic": {"adjusted_arithmetic_mean_rank": 0.020810455513065797,
"adjusted_arithmetic_mean_rank_index": 0.9792373979907276,
"adjusted_geometric_mean_rank_index": 0.9998509979816339,
"adjusted_hits_at_k": 0.8420614081386912,
"adjusted_inverse_harmonic_mean_rank": 0.6231231934921149,
"arithmetic_mean_rank": 425.8492,
"count": 10000.0,
"geometric_mean_rank": 3.2436220072441753,
"harmonic_mean_rank": 1.604553587356552,
"hits_at_1": 0.505,
"hits_at_10": 0.8421,
"hits_at_3": 0.7027,
"hits_at_5": 0.768,
"inverse_arithmetic_mean_rank": 0.002348249098507171,
"inverse_geometric_mean_rank": 0.30829732865501597,
"inverse_harmonic_mean_rank": 0.6232263028668718,
"inverse_median_rank": 1.0,
"median_absolute_deviation": 0.0,
"median_rank": 1.0,
"standard_deviation": 2965.4604035561424,
"variance": 8793955.40505936,
"z_arithmetic_mean_rank": 169.60453593437484,
"z_geometric_mean_rank": 100.0659700585596,
"z_hits_at_k": 5386.255697123435,
"z_inverse_harmonic_mean_rank": 9835.24307819769},
"pessimistic": {"adjusted_arithmetic_mean_rank": 0.020810455513065797,
"adjusted_arithmetic_mean_rank_index": 0.9792373979907276,
"adjusted_geometric_mean_rank_index": 0.9998509979816339,
"adjusted_hits_at_k": 0.8420614081386912,
"adjusted_inverse_harmonic_mean_rank": 0.6231231934921149,
"arithmetic_mean_rank": 425.8492,
"count": 10000.0,
"geometric_mean_rank": 3.2436220072441753,
"harmonic_mean_rank": 1.604553587356552,
"hits_at_1": 0.505,
"hits_at_10": 0.8421,
"hits_at_3": 0.7027,
"hits_at_5": 0.768,
"inverse_arithmetic_mean_rank": 0.002348249098507171,
"inverse_geometric_mean_rank": 0.30829732865501597,
"inverse_harmonic_mean_rank": 0.6232263028668718,
"inverse_median_rank": 1.0,
"median_absolute_deviation": 0.0,
"median_rank": 1.0,
"standard_deviation": 2965.4604035561424,
"variance": 8793955.40505936,
"z_arithmetic_mean_rank": 169.60453593437484,
"z_geometric_mean_rank": 100.0659700585596,
"z_hits_at_k": 5386.255697123435,
"z_inverse_harmonic_mean_rank": 9835.24307819769},
"realistic": {"adjusted_arithmetic_mean_rank": 0.020810456131075884,
"adjusted_arithmetic_mean_rank_index": 0.9792373973726873,
"adjusted_geometric_mean_rank_index": 0.9998509979936592,
"adjusted_hits_at_k": 0.8420614081386912,
"adjusted_inverse_harmonic_mean_rank": 0.6231231756011223,
"arithmetic_mean_rank": 425.8492126464844,
"count": 10000.0,
"geometric_mean_rank": 3.243621826171875,
"harmonic_mean_rank": 1.6045536334059616,
"hits_at_1": 0.505,
"hits_at_10": 0.8421,
"hits_at_3": 0.7027,
"hits_at_5": 0.768,
"inverse_arithmetic_mean_rank": 0.002348249079659581,
"inverse_geometric_mean_rank": 0.308297336101532,
"inverse_harmonic_mean_rank": 0.6232262849807739,
"inverse_median_rank": 1.0,
"median_absolute_deviation": 0.0,
"median_rank": 1.0,
"standard_deviation": 2965.46044921875,
"variance": 8793956.0,
"z_arithmetic_mean_rank": 169.60453582732987,
"z_geometric_mean_rank": 100.0659700597631,
"z_hits_at_k": 5386.255697123435,
"z_inverse_harmonic_mean_rank": 9835.242795810093}},
"head": {"optimistic": {"adjusted_arithmetic_mean_rank": 0.020702457976511535,
"adjusted_arithmetic_mean_rank_index": 0.9793454019147699,
"adjusted_geometric_mean_rank_index": 0.9998504681786016,
"adjusted_hits_at_k": 0.8399608939705944,
"adjusted_inverse_harmonic_mean_rank": 0.6226901506498946,
"arithmetic_mean_rank": 423.6294,
"count": 5000.0,
"geometric_mean_rank": 3.2516596013122037,
"harmonic_mean_rank": 1.6056689601999063,
"hits_at_1": 0.5068,
"hits_at_10": 0.84,
"hits_at_3": 0.6972,
"hits_at_5": 0.7676,
"inverse_arithmetic_mean_rank": 0.0023605538236959,
"inverse_geometric_mean_rank": 0.30753526586745156,
"inverse_harmonic_mean_rank": 0.6227933806950466,
"inverse_median_rank": 1.0,
"median_absolute_deviation": 0.0,
"median_rank": 1.0,
"standard_deviation": 2946.324117753449,
"variance": 8680825.80685564,
"z_arithmetic_mean_rank": 119.94173474555964,
"z_geometric_mean_rank": 70.76252501444449,
"z_hits_at_k": 3799.1128965990843,
"z_inverse_harmonic_mean_rank": 6949.652899479902},
"pessimistic": {"adjusted_arithmetic_mean_rank": 0.020702457976511535,
"adjusted_arithmetic_mean_rank_index": 0.9793454019147699,
"adjusted_geometric_mean_rank_index": 0.9998504681786016,
"adjusted_hits_at_k": 0.8399608939705944,
"adjusted_inverse_harmonic_mean_rank": 0.6226901506498946,
"arithmetic_mean_rank": 423.6294,
"count": 5000.0,
"geometric_mean_rank": 3.2516596013122037,
"harmonic_mean_rank": 1.6056689601999063,
"hits_at_1": 0.5068,
"hits_at_10": 0.84,
"hits_at_3": 0.6972,
"hits_at_5": 0.7676,
"inverse_arithmetic_mean_rank": 0.0023605538236959,
"inverse_geometric_mean_rank": 0.30753526586745156,
"inverse_harmonic_mean_rank": 0.6227933806950466,
"inverse_median_rank": 1.0,
"median_absolute_deviation": 0.0,
"median_rank": 1.0,
"standard_deviation": 2946.324117753449,
"variance": 8680825.80685564,
"z_arithmetic_mean_rank": 119.94173474555964,
"z_geometric_mean_rank": 70.76252501444449,
"z_hits_at_k": 3799.1128965990843,
"z_inverse_harmonic_mean_rank": 6949.652899479902},
"realistic": {"adjusted_arithmetic_mean_rank": 0.020702457709257733,
"adjusted_arithmetic_mean_rank_index": 0.9793454021820368,
"adjusted_geometric_mean_rank_index": 0.9998504681607483,
"adjusted_hits_at_k": 0.8399608939705944,
"adjusted_inverse_harmonic_mean_rank": 0.6226901463994554,
"arithmetic_mean_rank": 423.62939453125,
"count": 5000.0,
"geometric_mean_rank": 3.251659870147705,
"harmonic_mean_rank": 1.6056689711552752,
"hits_at_1": 0.5068,
"hits_at_10": 0.84,
"hits_at_3": 0.6972,
"hits_at_5": 0.7676,
"inverse_arithmetic_mean_rank": 0.0023605539463460445,
"inverse_geometric_mean_rank": 0.30753523111343384,
"inverse_harmonic_mean_rank": 0.6227933764457703,
"inverse_median_rank": 1.0,
"median_absolute_deviation": 0.0,
"median_rank": 1.0,
"standard_deviation": 2946.32421875,
"variance": 8680826.0,
"z_arithmetic_mean_rank": 119.94173477829217,
"z_geometric_mean_rank": 70.76252501318096,
"z_hits_at_k": 3799.1128965990843,
"z_inverse_harmonic_mean_rank": 6949.652852042059}},
"tail": {"optimistic": {"adjusted_arithmetic_mean_rank": 0.020918448042313194,
"adjusted_arithmetic_mean_rank_index": 0.979129399074533,
"adjusted_geometric_mean_rank_index": 0.9998515413144314,
"adjusted_hits_at_k": 0.8441619222828102,
"adjusted_inverse_harmonic_mean_rank": 0.6235562363292959,
"arithmetic_mean_rank": 428.069,
"count": 5000.0,
"geometric_mean_rank": 3.2356042808518346,
"harmonic_mean_rank": 1.6034397630179402,
"hits_at_1": 0.5032,
"hits_at_10": 0.8442,
"hits_at_3": 0.7082,
"hits_at_5": 0.7684,
"inverse_arithmetic_mean_rank": 0.0023360719883943944,
"inverse_geometric_mean_rank": 0.30906127981037623,
"inverse_harmonic_mean_rank": 0.6236592250386966,
"inverse_median_rank": 1.0,
"median_absolute_deviation": 0.0,
"median_rank": 1.0,
"standard_deviation": 2984.472340002333,
"variance": 8907075.148239002,
"z_arithmetic_mean_rank": 119.91530088743087,
"z_geometric_mean_rank": 70.76259899927676,
"z_hits_at_k": 3818.2031840553327,
"z_inverse_harmonic_mean_rank": 6959.481366472591},
"pessimistic": {"adjusted_arithmetic_mean_rank": 0.020918448042313194,
"adjusted_arithmetic_mean_rank_index": 0.979129399074533,
"adjusted_geometric_mean_rank_index": 0.9998515413144314,
"adjusted_hits_at_k": 0.8441619222828102,
"adjusted_inverse_harmonic_mean_rank": 0.6235562363292959,
"arithmetic_mean_rank": 428.069,
"count": 5000.0,
"geometric_mean_rank": 3.2356042808518346,
"harmonic_mean_rank": 1.6034397630179402,
"hits_at_1": 0.5032,
"hits_at_10": 0.8442,
"hits_at_3": 0.7082,
"hits_at_5": 0.7684,
"inverse_arithmetic_mean_rank": 0.0023360719883943944,
"inverse_geometric_mean_rank": 0.30906127981037623,
"inverse_harmonic_mean_rank": 0.6236592250386966,
"inverse_median_rank": 1.0,
"median_absolute_deviation": 0.0,
"median_rank": 1.0,
"standard_deviation": 2984.472340002333,
"variance": 8907075.148239002,
"z_arithmetic_mean_rank": 119.91530088743087,
"z_geometric_mean_rank": 70.76259899927676,
"z_hits_at_k": 3818.2031840553327,
"z_inverse_harmonic_mean_rank": 6959.481366472591},