{"both": {"optimistic": {"adjusted_arithmetic_mean_rank": 0.04707079765939233,
"adjusted_arithmetic_mean_rank_index": 0.9529757724877828,
"adjusted_geometric_mean_rank_index": 0.9997073204304193,
"adjusted_hits_at_k": 0.731034278964497,
"adjusted_inverse_harmonic_mean_rank": 0.5882844886006064,
"arithmetic_mean_rank": 963.2207,
"count": 10000.0,
"geometric_mean_rank": 5.4070699885987885,
"harmonic_mean_rank": 1.6995324244878427,
"hits_at_1": 0.5119,
"hits_at_10": 0.7311,
"hits_at_3": 0.6323,
"hits_at_5": 0.6758,
"inverse_arithmetic_mean_rank": 0.001038183668602637,
"inverse_geometric_mean_rank": 0.18494304717870766,
"inverse_harmonic_mean_rank": 0.5883971294642124,
"inverse_median_rank": 1.0,
"median_absolute_deviation": 0.0,
"median_rank": 1.0,
"standard_deviation": 4703.453966479476,
"variance": 22122479.21479151,
"z_arithmetic_mean_rank": 165.0560058073101,
"z_geometric_mean_rank": 100.05159068246562,
"z_hits_at_k": 4676.069360034743,
"z_inverse_harmonic_mean_rank": 9285.356419000633},
"pessimistic": {"adjusted_arithmetic_mean_rank": 0.04707080254620567,
"adjusted_arithmetic_mean_rank_index": 0.9529757676007307,
"adjusted_geometric_mean_rank_index": 0.9997073204289546,
"adjusted_hits_at_k": 0.731034278964497,
"adjusted_inverse_harmonic_mean_rank": 0.58828448860044,
"arithmetic_mean_rank": 963.2208,
"count": 10000.0,
"geometric_mean_rank": 5.407070010654509,
"harmonic_mean_rank": 1.6995324244883234,
"hits_at_1": 0.5119,
"hits_at_10": 0.7311,
"hits_at_3": 0.6323,
"hits_at_5": 0.6758,
"inverse_arithmetic_mean_rank": 0.0010381835608201152,
"inverse_geometric_mean_rank": 0.1849430464243153,
"inverse_harmonic_mean_rank": 0.588397129464046,
"inverse_median_rank": 1.0,
"median_absolute_deviation": 0.0,
"median_rank": 1.0,
"standard_deviation": 4703.454467223783,
"variance": 22122483.925247356,
"z_arithmetic_mean_rank": 165.0560049608696,
"z_geometric_mean_rank": 100.05159068231902,
"z_hits_at_k": 4676.069360034743,
"z_inverse_harmonic_mean_rank": 9285.356418998006},
"realistic": {"adjusted_arithmetic_mean_rank": 0.04707080377745357,
"adjusted_arithmetic_mean_rank_index": 0.9529757663694225,
"adjusted_geometric_mean_rank_index": 0.999707320482377,
"adjusted_hits_at_k": 0.731034278964497,
"adjusted_inverse_harmonic_mean_rank": 0.5882844447910647,
"arithmetic_mean_rank": 963.2208251953125,
"count": 10000.0,
"geometric_mean_rank": 5.407069206237793,
"harmonic_mean_rank": 1.699532550993171,
"hits_at_1": 0.5119,
"hits_at_10": 0.7311,
"hits_at_3": 0.6323,
"hits_at_5": 0.6758,
"inverse_arithmetic_mean_rank": 0.001038183574564755,
"inverse_geometric_mean_rank": 0.1849430799484253,
"inverse_harmonic_mean_rank": 0.5883970856666565,
"inverse_median_rank": 1.0,
"median_absolute_deviation": 0.0,
"median_rank": 1.0,
"standard_deviation": 4703.4541015625,
"variance": 22122480.0,
"z_arithmetic_mean_rank": 165.05600474760624,
"z_geometric_mean_rank": 100.05159068766558,
"z_hits_at_k": 4676.069360034743,
"z_inverse_harmonic_mean_rank": 9285.355727520206}},
"head": {"optimistic": {"adjusted_arithmetic_mean_rank": 0.04793076139792804,
"adjusted_arithmetic_mean_rank_index": 0.9521157678011117,
"adjusted_geometric_mean_rank_index": 0.9996998788152011,
"adjusted_hits_at_k": 0.7273333731024002,
"adjusted_inverse_harmonic_mean_rank": 0.5805158956581774,
"arithmetic_mean_rank": 980.7956,
"count": 5000.0,
"geometric_mean_rank": 5.519243736813928,
"harmonic_mean_rank": 1.7222652218957306,
"hits_at_1": 0.5012,
"hits_at_10": 0.7274,
"hits_at_3": 0.6276,
"hits_at_5": 0.6742,
"inverse_arithmetic_mean_rank": 0.0010195804304179179,
"inverse_geometric_mean_rank": 0.18118424329222793,
"inverse_harmonic_mean_rank": 0.5806306643638084,
"inverse_median_rank": 1.0,
"median_absolute_deviation": 0.0,
"median_rank": 1.0,
"standard_deviation": 4785.329002547332,
"variance": 22899373.66262064,
"z_arithmetic_mean_rank": 116.60688521678914,
"z_geometric_mean_rank": 70.75186733718806,
"z_hits_at_k": 3289.702672725831,
"z_inverse_harmonic_mean_rank": 6478.9590348335905},
"pessimistic": {"adjusted_arithmetic_mean_rank": 0.04793077117178131,
"adjusted_arithmetic_mean_rank_index": 0.9521157580267807,
"adjusted_geometric_mean_rank_index": 0.9996998788122109,
"adjusted_hits_at_k": 0.7273333731024002,
"adjusted_inverse_harmonic_mean_rank": 0.5805158956578446,
"arithmetic_mean_rank": 980.7958,
"count": 5000.0,
"geometric_mean_rank": 5.519243781840494,
"harmonic_mean_rank": 1.7222652218967176,
"hits_at_1": 0.5012,
"hits_at_10": 0.7274,
"hits_at_3": 0.6276,
"hits_at_5": 0.6742,
"inverse_arithmetic_mean_rank": 0.0010195802225091094,
"inverse_geometric_mean_rank": 0.181184241814108,
"inverse_harmonic_mean_rank": 0.5806306643634757,
"inverse_median_rank": 1.0,
"median_absolute_deviation": 0.0,
"median_rank": 1.0,
"standard_deviation": 4785.3299861663,
"variance": 22899383.07650236,
"z_arithmetic_mean_rank": 116.60688401971382,
"z_geometric_mean_rank": 70.75186733697645,
"z_hits_at_k": 3289.702672725831,
"z_inverse_harmonic_mean_rank": 6478.959034829876},
"realistic": {"adjusted_arithmetic_mean_rank": 0.04793076703411979,
"adjusted_arithmetic_mean_rank_index": 0.9521157621646444,
"adjusted_geometric_mean_rank_index": 0.9996998787531709,
"adjusted_hits_at_k": 0.7273333731024002,
"adjusted_inverse_harmonic_mean_rank": 0.5805158913502583,
"arithmetic_mean_rank": 980.7957153320312,
"count": 5000.0,
"geometric_mean_rank": 5.51924467086792,
"harmonic_mean_rank": 1.7222652346703737,
"hits_at_1": 0.5012,
"hits_at_10": 0.7274,
"hits_at_3": 0.6276,
"hits_at_5": 0.6742,
"inverse_arithmetic_mean_rank": 0.001019580289721489,
"inverse_geometric_mean_rank": 0.18118421733379364,
"inverse_harmonic_mean_rank": 0.5806306600570679,
"inverse_median_rank": 1.0,
"median_absolute_deviation": 0.0,
"median_rank": 1.0,
"standard_deviation": 4785.32958984375,
"variance": 22899378.0,
"z_arithmetic_mean_rank": 116.6068845264835,
"z_geometric_mean_rank": 70.751867332798,
"z_hits_at_k": 3289.702672725831,
"z_inverse_harmonic_mean_rank": 6478.958986754233}},
"tail": {"optimistic": {"adjusted_arithmetic_mean_rank": 0.04621087379308404,
"adjusted_arithmetic_mean_rank_index": 0.9538357372983791,
"adjusted_geometric_mean_rank_index": 0.9997146395196763,
"adjusted_hits_at_k": 0.734735184784347,
"adjusted_inverse_harmonic_mean_rank": 0.5960530814526392,
"arithmetic_mean_rank": 945.6458,
"count": 5000.0,
"geometric_mean_rank": 5.297176072619484,
"harmonic_mean_rank": 1.6773919258359093,
"hits_at_1": 0.5226,
"hits_at_10": 0.7348,
"hits_at_3": 0.637,
"hits_at_5": 0.6774,
"inverse_arithmetic_mean_rank": 0.0010574783920152767,
"inverse_geometric_mean_rank": 0.1887798302889891,
"inverse_harmonic_mean_rank": 0.5961635945646163,
"inverse_median_rank": 1.0,
"median_absolute_deviation": 0.0,
"median_rank": 1.0,
"standard_deviation": 4620.061364607873,
"variance": 21344967.012742363,
"z_arithmetic_mean_rank": 116.81755194301223,
"z_geometric_mean_rank": 70.75291003406117,
"z_hits_at_k": 3323.2584270026164,
"z_inverse_harmonic_mean_rank": 6652.519968716286},
"pessimistic": {"adjusted_arithmetic_mean_rank": 0.04621087379308404,
"adjusted_arithmetic_mean_rank_index": 0.9538357372983791,
"adjusted_geometric_mean_rank_index": 0.9997146395196763,
"adjusted_hits_at_k": 0.734735184784347,
"adjusted_inverse_harmonic_mean_rank": 0.5960530814526392,
"arithmetic_mean_rank": 945.6458,
"count": 5000.0,
"geometric_mean_rank": 5.297176072619484,
"harmonic_mean_rank": 1.6773919258359093,
"hits_at_1": 0.5226,
"hits_at_10": 0.7348,
"hits_at_3": 0.637,
"hits_at_5": 0.6774,
"inverse_arithmetic_mean_rank": 0.0010574783920152767,
"inverse_geometric_mean_rank": 0.1887798302889891,
"inverse_harmonic_mean_rank": 0.5961635945646163,
"inverse_median_rank": 1.0,
"median_absolute_deviation": 0.0,
"median_rank": 1.0,
"standard_deviation": 4620.061364607873,
"variance": 21344967.012742363,
"z_arithmetic_mean_rank": 116.81755194301223,
"z_geometric_mean_rank": 70.75291003406117,
"z_hits_at_k": 3323.2584270026164,
"z_inverse_harmonic_mean_rank": 6652.519968716286},