{"MRR": 0.5883970856666565,
"evaluation_time": "days: 0.0, hours: 0.0, minutes: 0.0, seconds: 22.618193864822388",
"hit_at_1": 0.5119,
"hit_at_10": 0.6758,
"hit_at_3": 0.6323,
"hit_at_5": 0.6758,
"training_time": "days: 0.0, hours: 9.0, minutes: 24.0, seconds: 43.71052312850952"}