{"both": {"optimistic": {"adjusted_arithmetic_mean_rank": 0.0479004515073449,
"adjusted_arithmetic_mean_rank_index": 0.9521460780942139,
"adjusted_geometric_mean_rank_index": 0.9997704279797155,
"adjusted_hits_at_k": 0.7734446418202253,
"adjusted_inverse_harmonic_mean_rank": 0.641189779923866,
"arithmetic_mean_rank": 980.1981,
"count": 10000.0,
"geometric_mean_rank": 4.4568178512341285,
"harmonic_mean_rank": 1.5593619145533417,
"hits_at_1": 0.5712,
"hits_at_10": 0.7735,
"hits_at_3": 0.68,
"hits_at_5": 0.7237,
"inverse_arithmetic_mean_rank": 0.0010202019367309527,
"inverse_geometric_mean_rank": 0.22437533535795995,
"inverse_harmonic_mean_rank": 0.6412879464780545,
"inverse_median_rank": 1.0,
"median_absolute_deviation": 0.0,
"median_rank": 1.0,
"standard_deviation": 4788.153834731753,
"variance": 22926417.145056386,
"z_arithmetic_mean_rank": 164.91230221421068,
"z_geometric_mean_rank": 100.05790654167973,
"z_hits_at_k": 4947.347744652406,
"z_inverse_harmonic_mean_rank": 10120.4022104613},
"pessimistic": {"adjusted_arithmetic_mean_rank": 0.04790045639415824,
"adjusted_arithmetic_mean_rank_index": 0.9521460732071617,
"adjusted_geometric_mean_rank_index": 0.9997704279787574,
"adjusted_hits_at_k": 0.7734446418202253,
"adjusted_inverse_harmonic_mean_rank": 0.6411897799237612,
"arithmetic_mean_rank": 980.1982,
"count": 10000.0,
"geometric_mean_rank": 4.456817865660055,
"harmonic_mean_rank": 1.5593619145535964,
"hits_at_1": 0.5712,
"hits_at_10": 0.7735,
"hits_at_3": 0.68,
"hits_at_5": 0.7237,
"inverse_arithmetic_mean_rank": 0.0010202018326497641,
"inverse_geometric_mean_rank": 0.2243753346316969,
"inverse_harmonic_mean_rank": 0.6412879464779497,
"inverse_median_rank": 1.0,
"median_absolute_deviation": 0.0,
"median_rank": 1.0,
"standard_deviation": 4788.1544594882025,
"variance": 22926423.127916757,
"z_arithmetic_mean_rank": 164.91230136777017,
"z_geometric_mean_rank": 100.05790654158385,
"z_hits_at_k": 4947.347744652406,
"z_inverse_harmonic_mean_rank": 10120.402210459646},
"realistic": {"adjusted_arithmetic_mean_rank": 0.047900455473108464,
"adjusted_arithmetic_mean_rank_index": 0.9521460741282566,
"adjusted_geometric_mean_rank_index": 0.9997704279629429,
"adjusted_hits_at_k": 0.7734446418202253,
"adjusted_inverse_harmonic_mean_rank": 0.6411898159194962,
"arithmetic_mean_rank": 980.1981811523438,
"count": 10000.0,
"geometric_mean_rank": 4.456818103790283,
"harmonic_mean_rank": 1.5593618270499738,
"hits_at_1": 0.5712,
"hits_at_10": 0.7735,
"hits_at_3": 0.68,
"hits_at_5": 0.7237,
"inverse_arithmetic_mean_rank": 0.001020201831124723,
"inverse_geometric_mean_rank": 0.22437532246112823,
"inverse_harmonic_mean_rank": 0.6412879824638367,
"inverse_median_rank": 1.0,
"median_absolute_deviation": 0.0,
"median_rank": 1.0,
"standard_deviation": 4788.154296875,
"variance": 22926422.0,
"z_arithmetic_mean_rank": 164.91230152730435,
"z_geometric_mean_rank": 100.05790654000111,
"z_hits_at_k": 4947.347744652406,
"z_inverse_harmonic_mean_rank": 10120.402778608619}},
"head": {"optimistic": {"adjusted_arithmetic_mean_rank": 0.04810657347049972,
"adjusted_arithmetic_mean_rank_index": 0.9519399471363131,
"adjusted_geometric_mean_rank_index": 0.9997623591815831,
"adjusted_hits_at_k": 0.766142856314531,
"adjusted_inverse_harmonic_mean_rank": 0.6360223250201407,
"arithmetic_mean_rank": 984.3932,
"count": 5000.0,
"geometric_mean_rank": 4.57841043764353,
"harmonic_mean_rank": 1.572025720679504,
"hits_at_1": 0.566,
"hits_at_10": 0.7662,
"hits_at_3": 0.6766,
"hits_at_5": 0.719,
"inverse_arithmetic_mean_rank": 0.0010158542338569588,
"inverse_geometric_mean_rank": 0.21841641626928748,
"inverse_harmonic_mean_rank": 0.6361219074505681,
"inverse_median_rank": 1.0,
"median_absolute_deviation": 0.0,
"median_rank": 1.0,
"standard_deviation": 4788.740230811623,
"variance": 22932032.998193763,
"z_arithmetic_mean_rank": 116.58535222597831,
"z_geometric_mean_rank": 70.75628926689629,
"z_hits_at_k": 3465.2365686963653,
"z_inverse_harmonic_mean_rank": 7098.449189531784},
"pessimistic": {"adjusted_arithmetic_mean_rank": 0.04810658324435299,
"adjusted_arithmetic_mean_rank_index": 0.9519399373619822,
"adjusted_geometric_mean_rank_index": 0.9997623591796148,
"adjusted_hits_at_k": 0.766142856314531,
"adjusted_inverse_harmonic_mean_rank": 0.636022325019931,
"arithmetic_mean_rank": 984.3934,
"count": 5000.0,
"geometric_mean_rank": 4.578410467282531,
"harmonic_mean_rank": 1.5720257206800219,
"hits_at_1": 0.566,
"hits_at_10": 0.7662,
"hits_at_3": 0.6766,
"hits_at_5": 0.719,
"inverse_arithmetic_mean_rank": 0.0010158540274650357,
"inverse_geometric_mean_rank": 0.2184164148553373,
"inverse_harmonic_mean_rank": 0.6361219074503585,
"inverse_median_rank": 1.0,
"median_absolute_deviation": 0.0,
"median_rank": 1.0,
"standard_deviation": 4788.741479996225,
"variance": 22932044.962236438,
"z_arithmetic_mean_rank": 116.58535102890299,
"z_geometric_mean_rank": 70.75628926675698,
"z_hits_at_k": 3465.2365686963653,
"z_inverse_harmonic_mean_rank": 7098.449189529444},
"realistic": {"adjusted_arithmetic_mean_rank": 0.0481065788728444,
"adjusted_arithmetic_mean_rank_index": 0.9519399417337044,
"adjusted_geometric_mean_rank_index": 0.9997623592007769,
"adjusted_hits_at_k": 0.766142856314531,
"adjusted_inverse_harmonic_mean_rank": 0.6360222866462929,
"arithmetic_mean_rank": 984.393310546875,
"count": 5000.0,
"geometric_mean_rank": 4.5784101486206055,
"harmonic_mean_rank": 1.5720258154855058,
"hits_at_1": 0.566,
"hits_at_10": 0.7662,
"hits_at_3": 0.6766,
"hits_at_5": 0.719,
"inverse_arithmetic_mean_rank": 0.0010158540681004524,
"inverse_geometric_mean_rank": 0.21841643750667572,
"inverse_harmonic_mean_rank": 0.6361218690872192,
"inverse_median_rank": 1.0,
"median_absolute_deviation": 0.0,
"median_rank": 1.0,
"standard_deviation": 4788.74072265625,
"variance": 22932040.0,
"z_arithmetic_mean_rank": 116.58535156431363,
"z_geometric_mean_rank": 70.75628926825469,
"z_hits_at_k": 3465.2365686963653,
"z_inverse_harmonic_mean_rank": 7098.448761253094}},
"tail": {"optimistic": {"adjusted_arithmetic_mean_rank": 0.047694339101036994,
"adjusted_arithmetic_mean_rank_index": 0.9523521994943835,
"adjusted_geometric_mean_rank_index": 0.9997783048767085,
"adjusted_hits_at_k": 0.7807464272425674,
"adjusted_inverse_harmonic_mean_rank": 0.6463572347674627,
"arithmetic_mean_rank": 976.003,
"count": 5000.0,
"geometric_mean_rank": 4.338454498479309,
"harmonic_mean_rank": 1.5469005102010134,
"hits_at_1": 0.5764,
"hits_at_10": 0.7808,
"hits_at_3": 0.6834,
"hits_at_5": 0.7284,
"inverse_arithmetic_mean_rank": 0.0010245870145890945,
"inverse_geometric_mean_rank": 0.23049682792582346,
"inverse_harmonic_mean_rank": 0.6464539855055411,
"inverse_median_rank": 1.0,
"median_absolute_deviation": 0.0,
"median_rank": 1.0,
"standard_deviation": 4787.563690875662,
"variance": 22920766.094190996,
"z_arithmetic_mean_rank": 116.6358610630201,
"z_geometric_mean_rank": 70.7574158291154,
"z_hits_at_k": 3531.3704820704866,
"z_inverse_harmonic_mean_rank": 7213.962220840299},
"pessimistic": {"adjusted_arithmetic_mean_rank": 0.047694339101036994,
"adjusted_arithmetic_mean_rank_index": 0.9523521994943835,
"adjusted_geometric_mean_rank_index": 0.9997783048767085,
"adjusted_hits_at_k": 0.7807464272425674,
"adjusted_inverse_harmonic_mean_rank": 0.6463572347674627,
"arithmetic_mean_rank": 976.003,
"count": 5000.0,
"geometric_mean_rank": 4.338454498479309,
"harmonic_mean_rank": 1.5469005102010134,
"hits_at_1": 0.5764,
"hits_at_10": 0.7808,
"hits_at_3": 0.6834,
"hits_at_5": 0.7284,
"inverse_arithmetic_mean_rank": 0.0010245870145890945,
"inverse_geometric_mean_rank": 0.23049682792582346,
"inverse_harmonic_mean_rank": 0.6464539855055411,
"inverse_median_rank": 1.0,
"median_absolute_deviation": 0.0,
"median_rank": 1.0,
"standard_deviation": 4787.563690875662,
"variance": 22920766.094190996,
"z_arithmetic_mean_rank": 116.6358610630201,
"z_geometric_mean_rank": 70.7574158291154,
"z_hits_at_k": 3531.3704820704866,
"z_inverse_harmonic_mean_rank": 7213.962220840299},