{"MRR": 0.4533640742301941,
"evaluation_time": "days: 0.0, hours: 0.0, minutes: 0.0, seconds: 47.89922118186951",
"hit_at_1": 0.3727,
"hit_at_10": 0.5434,
"hit_at_3": 0.4909,
"hit_at_5": 0.5434,
"training_time": "days: 0.0, hours: 7.0, minutes: 12.0, seconds: 10.68698501586914"}