{"both": {"optimistic": {"adjusted_arithmetic_mean_rank": 0.05017882560395026,
"adjusted_arithmetic_mean_rank_index": 0.949867592652278,
"adjusted_geometric_mean_rank_index": 0.9993709118834585,
"adjusted_hits_at_k": 0.6080042169066061,
"adjusted_inverse_harmonic_mean_rank": 0.45321443452142,
"arithmetic_mean_rank": 1026.821,
"count": 10000.0,
"geometric_mean_rank": 10.472596131551288,
"harmonic_mean_rank": 2.205733000122167,
"hits_at_1": 0.3727,
"hits_at_10": 0.6081,
"hits_at_3": 0.4909,
"hits_at_5": 0.5434,
"inverse_arithmetic_mean_rank": 0.0009738795758949223,
"inverse_geometric_mean_rank": 0.09548730681853113,
"inverse_harmonic_mean_rank": 0.4533640290754202,
"inverse_median_rank": 0.25,
"median_absolute_deviation": 4.447806655516806,
"median_rank": 4.0,
"standard_deviation": 4761.942213693799,
"variance": 22676093.646559,
"z_arithmetic_mean_rank": 164.51766709630598,
"z_geometric_mean_rank": 100.01792261826847,
"z_hits_at_k": 3889.1061216391654,
"z_inverse_harmonic_mean_rank": 7153.439603307723},
"pessimistic": {"adjusted_arithmetic_mean_rank": 0.05017882560395026,
"adjusted_arithmetic_mean_rank_index": 0.949867592652278,
"adjusted_geometric_mean_rank_index": 0.9993709118834585,
"adjusted_hits_at_k": 0.6080042169066061,
"adjusted_inverse_harmonic_mean_rank": 0.45321443452142,
"arithmetic_mean_rank": 1026.821,
"count": 10000.0,
"geometric_mean_rank": 10.472596131551288,
"harmonic_mean_rank": 2.205733000122167,
"hits_at_1": 0.3727,
"hits_at_10": 0.6081,
"hits_at_3": 0.4909,
"hits_at_5": 0.5434,
"inverse_arithmetic_mean_rank": 0.0009738795758949223,
"inverse_geometric_mean_rank": 0.09548730681853113,
"inverse_harmonic_mean_rank": 0.4533640290754202,
"inverse_median_rank": 0.25,
"median_absolute_deviation": 4.447806655516806,
"median_rank": 4.0,
"standard_deviation": 4761.942213693799,
"variance": 22676093.646559,
"z_arithmetic_mean_rank": 164.51766709630598,
"z_geometric_mean_rank": 100.01792261826847,
"z_hits_at_k": 3889.1061216391654,
"z_inverse_harmonic_mean_rank": 7153.439603307723},
"realistic": {"adjusted_arithmetic_mean_rank": 0.050178827799198446,
"adjusted_arithmetic_mean_rank_index": 0.9498675904569226,
"adjusted_geometric_mean_rank_index": 0.9993709118176687,
"adjusted_hits_at_k": 0.6080042169066061,
"adjusted_inverse_harmonic_mean_rank": 0.4532144796885511,
"arithmetic_mean_rank": 1026.821044921875,
"count": 10000.0,
"geometric_mean_rank": 10.472597122192383,
"harmonic_mean_rank": 2.205732780432561,
"hits_at_1": 0.3727,
"hits_at_10": 0.6081,
"hits_at_3": 0.4909,
"hits_at_5": 0.5434,
"inverse_arithmetic_mean_rank": 0.0009738795342855155,
"inverse_geometric_mean_rank": 0.09548729658126831,
"inverse_harmonic_mean_rank": 0.4533640742301941,
"inverse_median_rank": 0.25,
"median_absolute_deviation": 4.447806655516806,
"median_rank": 4.0,
"standard_deviation": 4761.9423828125,
"variance": 22676094.0,
"z_arithmetic_mean_rank": 164.51766671606902,
"z_geometric_mean_rank": 100.01792261168417,
"z_hits_at_k": 3889.1061216391654,
"z_inverse_harmonic_mean_rank": 7153.440316216051}},
"head": {"optimistic": {"adjusted_arithmetic_mean_rank": 0.0495129429909807,
"adjusted_arithmetic_mean_rank_index": 0.9505335088842266,
"adjusted_geometric_mean_rank_index": 0.9993511181733074,
"adjusted_hits_at_k": 0.6025028703994638,
"adjusted_inverse_harmonic_mean_rank": 0.44557150066840084,
"arithmetic_mean_rank": 1013.1714,
"count": 5000.0,
"geometric_mean_rank": 10.770903487460833,
"harmonic_mean_rank": 2.2435449256931106,
"hits_at_1": 0.3646,
"hits_at_10": 0.6026,
"hits_at_3": 0.482,
"hits_at_5": 0.5348,
"inverse_arithmetic_mean_rank": 0.0009869998304334292,
"inverse_geometric_mean_rank": 0.09284272216942342,
"inverse_harmonic_mean_rank": 0.4457231894703711,
"inverse_median_rank": 0.25,
"median_absolute_deviation": 4.447806655516806,
"median_rank": 4.0,
"standard_deviation": 4708.331669075793,
"variance": 22168387.10602204,
"z_arithmetic_mean_rank": 116.4131038614708,
"z_geometric_mean_rank": 70.72718446266683,
"z_hits_at_k": 2725.098801150501,
"z_inverse_harmonic_mean_rank": 4972.886223290846},
"pessimistic": {"adjusted_arithmetic_mean_rank": 0.0495129429909807,
"adjusted_arithmetic_mean_rank_index": 0.9505335088842266,
"adjusted_geometric_mean_rank_index": 0.9993511181733074,
"adjusted_hits_at_k": 0.6025028703994638,
"adjusted_inverse_harmonic_mean_rank": 0.44557150066840084,
"arithmetic_mean_rank": 1013.1714,
"count": 5000.0,
"geometric_mean_rank": 10.770903487460833,
"harmonic_mean_rank": 2.2435449256931106,
"hits_at_1": 0.3646,
"hits_at_10": 0.6026,
"hits_at_3": 0.482,
"hits_at_5": 0.5348,
"inverse_arithmetic_mean_rank": 0.0009869998304334292,
"inverse_geometric_mean_rank": 0.09284272216942342,
"inverse_harmonic_mean_rank": 0.4457231894703711,
"inverse_median_rank": 0.25,
"median_absolute_deviation": 4.447806655516806,
"median_rank": 4.0,
"standard_deviation": 4708.331669075793,
"variance": 22168387.10602204,
"z_arithmetic_mean_rank": 116.4131038614708,
"z_geometric_mean_rank": 70.72718446266683,
"z_hits_at_k": 2725.098801150501,
"z_inverse_harmonic_mean_rank": 4972.886223290846},
"realistic": {"adjusted_arithmetic_mean_rank": 0.049512942341935755,
"adjusted_arithmetic_mean_rank_index": 0.9505335095333033,
"adjusted_geometric_mean_rank_index": 0.9993511181033412,
"adjusted_hits_at_k": 0.6025028703994638,
"adjusted_inverse_harmonic_mean_rank": 0.44557145738636805,
"arithmetic_mean_rank": 1013.17138671875,
"count": 5000.0,
"geometric_mean_rank": 10.770904541015625,
"harmonic_mean_rank": 2.2435451434933715,
"hits_at_1": 0.3646,
"hits_at_10": 0.6026,
"hits_at_3": 0.482,
"hits_at_5": 0.5348,
"inverse_arithmetic_mean_rank": 0.0009869998320937157,
"inverse_geometric_mean_rank": 0.0928427129983902,
"inverse_harmonic_mean_rank": 0.44572314620018005,
"inverse_median_rank": 0.25,
"median_absolute_deviation": 4.447806655516806,
"median_rank": 4.0,
"standard_deviation": 4708.33154296875,
"variance": 22168386.0,
"z_arithmetic_mean_rank": 116.41310394096408,
"z_geometric_mean_rank": 70.7271844577151,
"z_hits_at_k": 2725.098801150501,
"z_inverse_harmonic_mean_rank": 4972.885740233414}},
"tail": {"optimistic": {"adjusted_arithmetic_mean_rank": 0.05084467734326577,
"adjusted_arithmetic_mean_rank_index": 0.949201707297051,
"adjusted_geometric_mean_rank_index": 0.9993902188310126,
"adjusted_hits_at_k": 0.6135055633509489,
"adjusted_inverse_harmonic_mean_rank": 0.46085736828550505,
"arithmetic_mean_rank": 1040.4706,
"count": 5000.0,
"geometric_mean_rank": 10.18255059682447,
"harmonic_mean_rank": 2.169174488031531,
"hits_at_1": 0.3808,
"hits_at_10": 0.6136,
"hits_at_3": 0.4998,
"hits_at_5": 0.552,
"inverse_arithmetic_mean_rank": 0.0009611035621765765,
"inverse_geometric_mean_rank": 0.09820722131367164,
"inverse_harmonic_mean_rank": 0.4610048686804692,
"inverse_median_rank": 0.25,
"median_absolute_deviation": 4.447806655516806,
"median_rank": 4.0,
"standard_deviation": 4814.917191804615,
"variance": 23183427.563935637,
"z_arithmetic_mean_rank": 116.25001602543496,
"z_geometric_mean_rank": 70.72994977431222,
"z_hits_at_k": 2774.9284036498816,
"z_inverse_harmonic_mean_rank": 5143.607072339182},
"pessimistic": {"adjusted_arithmetic_mean_rank": 0.05084467734326577,
"adjusted_arithmetic_mean_rank_index": 0.949201707297051,
"adjusted_geometric_mean_rank_index": 0.9993902188310126,
"adjusted_hits_at_k": 0.6135055633509489,
"adjusted_inverse_harmonic_mean_rank": 0.46085736828550505,
"arithmetic_mean_rank": 1040.4706,
"count": 5000.0,
"geometric_mean_rank": 10.18255059682447,
"harmonic_mean_rank": 2.169174488031531,
"hits_at_1": 0.3808,
"hits_at_10": 0.6136,
"hits_at_3": 0.4998,
"hits_at_5": 0.552,
"inverse_arithmetic_mean_rank": 0.0009611035621765765,
"inverse_geometric_mean_rank": 0.09820722131367164,
"inverse_harmonic_mean_rank": 0.4610048686804692,
"inverse_median_rank": 0.25,
"median_absolute_deviation": 4.447806655516806,
"median_rank": 4.0,
"standard_deviation": 4814.917191804615,
"variance": 23183427.563935637,
"z_arithmetic_mean_rank": 116.25001602543496,