{"both": {"optimistic": {"adjusted_arithmetic_mean_rank": 0.048086179735137645,
"adjusted_arithmetic_mean_rank_index": 0.9519603407897858,
"adjusted_geometric_mean_rank_index": 0.9996216650685529,
"adjusted_hits_at_k": 0.6881237939052814,
"adjusted_inverse_harmonic_mean_rank": 0.5402914766090585,
"arithmetic_mean_rank": 983.9987,
"count": 10000.0,
"geometric_mean_rank": 6.696839463062173,
"harmonic_mean_rank": 1.8504220655503383,
"hits_at_1": 0.4624,
"hits_at_10": 0.6882,
"hits_at_3": 0.578,
"hits_at_5": 0.629,
"inverse_arithmetic_mean_rank": 0.0010162615052235334,
"inverse_geometric_mean_rank": 0.14932417082949506,
"inverse_harmonic_mean_rank": 0.5404172478361512,
"inverse_median_rank": 0.5,
"median_absolute_deviation": 1.482602218505602,
"median_rank": 2.0,
"standard_deviation": 4860.50983073775,
"variance": 23624555.814698312,
"z_arithmetic_mean_rank": 164.88013239575002,
"z_geometric_mean_rank": 100.04301821827526,
"z_hits_at_k": 4401.591937862628,
"z_inverse_harmonic_mean_rank": 8527.844992814724},
"pessimistic": {"adjusted_arithmetic_mean_rank": 0.04808618462195098,
"adjusted_arithmetic_mean_rank_index": 0.9519603359027337,
"adjusted_geometric_mean_rank_index": 0.999621665030589,
"adjusted_hits_at_k": 0.6881237939052814,
"adjusted_inverse_harmonic_mean_rank": 0.5402914765361742,
"arithmetic_mean_rank": 983.9988,
"count": 10000.0,
"geometric_mean_rank": 6.696840034708794,
"harmonic_mean_rank": 1.850422065799831,
"hits_at_1": 0.4624,
"hits_at_10": 0.6882,
"hits_at_3": 0.578,
"hits_at_5": 0.629,
"inverse_arithmetic_mean_rank": 0.0010162614019447991,
"inverse_geometric_mean_rank": 0.14932415808308674,
"inverse_harmonic_mean_rank": 0.5404172477632867,
"inverse_median_rank": 0.5,
"median_absolute_deviation": 1.482602218505602,
"median_rank": 2.0,
"standard_deviation": 4860.509834595396,
"variance": 23624555.85219856,
"z_arithmetic_mean_rank": 164.8801315493095,
"z_geometric_mean_rank": 100.04301821447581,
"z_hits_at_k": 4401.591937862628,
"z_inverse_harmonic_mean_rank": 8527.844991664331},
"realistic": {"adjusted_arithmetic_mean_rank": 0.048086183610227914,
"adjusted_arithmetic_mean_rank_index": 0.9519603369145061,
"adjusted_geometric_mean_rank_index": 0.999621664982216,
"adjusted_hits_at_k": 0.6881237939052814,
"adjusted_inverse_harmonic_mean_rank": 0.5402915423666426,
"arithmetic_mean_rank": 983.998779296875,
"count": 10000.0,
"geometric_mean_rank": 6.696840763092041,
"harmonic_mean_rank": 1.8504218404539337,
"hits_at_1": 0.4624,
"hits_at_10": 0.6882,
"hits_at_3": 0.578,
"hits_at_5": 0.629,
"inverse_arithmetic_mean_rank": 0.0010162614053115249,
"inverse_geometric_mean_rank": 0.14932414889335632,
"inverse_harmonic_mean_rank": 0.5404173135757446,
"inverse_median_rank": 0.5,
"median_absolute_deviation": 1.482602218505602,
"median_rank": 2.0,
"standard_deviation": 4860.509765625,
"variance": 23624554.0,
"z_arithmetic_mean_rank": 164.88013172454916,
"z_geometric_mean_rank": 100.04301820963461,
"z_hits_at_k": 4401.591937862628,
"z_inverse_harmonic_mean_rank": 8527.84603071835}},
"head": {"optimistic": {"adjusted_arithmetic_mean_rank": 0.047978926946829155,
"adjusted_arithmetic_mean_rank_index": 0.9520675998982805,
"adjusted_geometric_mean_rank_index": 0.9996110521046446,
"adjusted_hits_at_k": 0.6827224722967034,
"adjusted_inverse_harmonic_mean_rank": 0.5316997554796354,
"arithmetic_mean_rank": 981.7812,
"count": 5000.0,
"geometric_mean_rank": 6.85680194888345,
"harmonic_mean_rank": 1.8803075911338993,
"hits_at_1": 0.4512,
"hits_at_10": 0.6828,
"hits_at_3": 0.571,
"hits_at_5": 0.6252,
"inverse_arithmetic_mean_rank": 0.0010185568841611552,
"inverse_geometric_mean_rank": 0.14584058391286017,
"inverse_harmonic_mean_rank": 0.5318278800315648,
"inverse_median_rank": 0.5,
"median_absolute_deviation": 1.482602218505602,
"median_rank": 2.0,
"standard_deviation": 4847.505963702011,
"variance": 23498314.068126563,
"z_arithmetic_mean_rank": 116.6009860296246,
"z_geometric_mean_rank": 70.74558079482223,
"z_hits_at_k": 3087.9291737493904,
"z_inverse_harmonic_mean_rank": 5934.137136206891},
"pessimistic": {"adjusted_arithmetic_mean_rank": 0.047978936720682416,
"adjusted_arithmetic_mean_rank_index": 0.9520675901239496,
"adjusted_geometric_mean_rank_index": 0.9996110520269054,
"adjusted_hits_at_k": 0.6827224722967034,
"adjusted_inverse_harmonic_mean_rank": 0.5316997553338667,
"arithmetic_mean_rank": 981.7814,
"count": 5000.0,
"geometric_mean_rank": 6.856803119485747,
"harmonic_mean_rank": 1.880307591649132,
"hits_at_1": 0.4512,
"hits_at_10": 0.6828,
"hits_at_3": 0.571,
"hits_at_5": 0.6252,
"inverse_arithmetic_mean_rank": 0.0010185566766695723,
"inverse_geometric_mean_rank": 0.14584055901476706,
"inverse_harmonic_mean_rank": 0.5318278798858359,
"inverse_median_rank": 0.5,
"median_absolute_deviation": 1.482602218505602,
"median_rank": 2.0,
"standard_deviation": 4847.505971529488,
"variance": 23498314.144014046,
"z_arithmetic_mean_rank": 116.60098483254927,
"z_geometric_mean_rank": 70.74558078932039,
"z_hits_at_k": 3087.9291737493904,
"z_inverse_harmonic_mean_rank": 5934.137134580011},
"realistic": {"adjusted_arithmetic_mean_rank": 0.04797893237303578,
"adjusted_arithmetic_mean_rank_index": 0.9520675944718087,
"adjusted_geometric_mean_rank_index": 0.9996110520704671,
"adjusted_hits_at_k": 0.6827224722967034,
"adjusted_inverse_harmonic_mean_rank": 0.5316997424756102,
"arithmetic_mean_rank": 981.7813110351562,
"count": 5000.0,
"geometric_mean_rank": 6.856802463531494,
"harmonic_mean_rank": 1.8803076370977891,
"hits_at_1": 0.4512,
"hits_at_10": 0.6828,
"hits_at_3": 0.571,
"hits_at_5": 0.6252,
"inverse_arithmetic_mean_rank": 0.0010185567662119865,
"inverse_geometric_mean_rank": 0.1458405703306198,
"inverse_harmonic_mean_rank": 0.5318278670310974,
"inverse_median_rank": 0.5,
"median_absolute_deviation": 1.482602218505602,
"median_rank": 2.0,
"standard_deviation": 4847.505859375,
"variance": 23498314.0,
"z_arithmetic_mean_rank": 116.60098536503737,
"z_geometric_mean_rank": 70.74558079240339,
"z_hits_at_k": 3087.9291737493904,
"z_inverse_harmonic_mean_rank": 5934.136991072973}},
"tail": {"optimistic": {"adjusted_arithmetic_mean_rank": 0.04819342755066953,
"adjusted_arithmetic_mean_rank_index": 0.9518530866546037,
"adjusted_geometric_mean_rank_index": 0.9996320674912491,
"adjusted_hits_at_k": 0.6935251154522017,
"adjusted_inverse_harmonic_mean_rank": 0.5488831976385076,
"arithmetic_mean_rank": 986.2162,
"count": 5000.0,
"geometric_mean_rank": 6.540608745645595,
"harmonic_mean_rank": 1.8214716754057956,
"hits_at_1": 0.4736,
"hits_at_10": 0.6936,
"hits_at_3": 0.585,
"hits_at_5": 0.6328,
"inverse_arithmetic_mean_rank": 0.0010139764485718244,
"inverse_geometric_mean_rank": 0.15289096762831889,
"inverse_harmonic_mean_rank": 0.5490066156407376,
"inverse_median_rank": 0.5,
"median_absolute_deviation": 1.482602218505602,
"median_rank": 2.0,
"standard_deviation": 4873.477990784154,
"variance": 23750787.72665756,
"z_arithmetic_mean_rank": 116.57473403893569,
"z_geometric_mean_rank": 70.74706615515045,
"z_hits_at_k": 3136.862412463568,
"z_inverse_harmonic_mean_rank": 6126.059148765853},
"pessimistic": {"adjusted_arithmetic_mean_rank": 0.04819342755066953,
"adjusted_arithmetic_mean_rank_index": 0.9518530866546037,
"adjusted_geometric_mean_rank_index": 0.9996320674912491,
"adjusted_hits_at_k": 0.6935251154522017,
"adjusted_inverse_harmonic_mean_rank": 0.5488831976385076,
"arithmetic_mean_rank": 986.2162,
"count": 5000.0,
"geometric_mean_rank": 6.540608745645595,
"harmonic_mean_rank": 1.8214716754057956,
"hits_at_1": 0.4736,
"hits_at_10": 0.6936,
"hits_at_3": 0.585,
"hits_at_5": 0.6328,
"inverse_arithmetic_mean_rank": 0.0010139764485718244,
"inverse_geometric_mean_rank": 0.15289096762831889,
"inverse_harmonic_mean_rank": 0.5490066156407376,
"inverse_median_rank": 0.5,
"median_absolute_deviation": 1.482602218505602,
"median_rank": 2.0,
"standard_deviation": 4873.477990784154,
"variance": 23750787.72665756,
"z_arithmetic_mean_rank": 116.57473403893569,
"z_geometric_mean_rank": 70.74706615515045,