{"both": {"optimistic": {"adjusted_arithmetic_mean_rank": 0.056960613212975686,
"adjusted_arithmetic_mean_rank_index": 0.9430854736137547,
"adjusted_geometric_mean_rank_index": 0.9989139084706312,
"adjusted_hits_at_k": 0.5194825868893431,
"adjusted_inverse_harmonic_mean_rank": 0.36791592156341174,
"arithmetic_mean_rank": 1165.5983,
"count": 10000.0,
"geometric_mean_rank": 17.353998985338837,
"harmonic_mean_rank": 2.716735354072947,
"hits_at_1": 0.29,
"hits_at_10": 0.5196,
"hits_at_3": 0.4006,
"hits_at_5": 0.4498,
"inverse_arithmetic_mean_rank": 0.0008579284990377902,
"inverse_geometric_mean_rank": 0.05762360599679815,
"inverse_harmonic_mean_rank": 0.36808885285819015,
"inverse_median_rank": 0.1111111111111111,
"median_absolute_deviation": 11.860817748044816,
"median_rank": 9.0,
"standard_deviation": 4976.954220076483,
"variance": 24770073.308737114,
"z_arithmetic_mean_rank": 163.34299979444367,
"z_geometric_mean_rank": 99.97218531349311,
"z_hits_at_k": 3322.876474500884,
"z_inverse_harmonic_mean_rank": 5807.106136807695},
"pessimistic": {"adjusted_arithmetic_mean_rank": 0.05696061809978902,
"adjusted_arithmetic_mean_rank_index": 0.9430854687267025,
"adjusted_geometric_mean_rank_index": 0.9989139084645241,
"adjusted_hits_at_k": 0.5194825868893431,
"adjusted_inverse_harmonic_mean_rank": 0.3679159215631309,
"arithmetic_mean_rank": 1165.5984,
"count": 10000.0,
"geometric_mean_rank": 17.35399907729761,
"harmonic_mean_rank": 2.716735354075019,
"hits_at_1": 0.29,
"hits_at_10": 0.5196,
"hits_at_3": 0.4006,
"hits_at_5": 0.4498,
"inverse_arithmetic_mean_rank": 0.0008579284254336656,
"inverse_geometric_mean_rank": 0.05762360569145089,
"inverse_harmonic_mean_rank": 0.3680888528579094,
"inverse_median_rank": 0.1111111111111111,
"median_absolute_deviation": 11.860817748044816,
"median_rank": 9.0,
"standard_deviation": 4976.9545758342465,
"variance": 24770076.84991744,
"z_arithmetic_mean_rank": 163.34299894800316,
"z_geometric_mean_rank": 99.9721853128819,
"z_hits_at_k": 3322.876474500884,
"z_inverse_harmonic_mean_rank": 5807.106136803262},
"realistic": {"adjusted_arithmetic_mean_rank": 0.0569606175462047,
"adjusted_arithmetic_mean_rank_index": 0.9430854692803139,
"adjusted_geometric_mean_rank_index": 0.9989139085238357,
"adjusted_hits_at_k": 0.5194825868893431,
"adjusted_inverse_harmonic_mean_rank": 0.367915939950868,
"arithmetic_mean_rank": 1165.598388671875,
"count": 10000.0,
"geometric_mean_rank": 17.3539981842041,
"harmonic_mean_rank": 2.7167352183986853,
"hits_at_1": 0.29,
"hits_at_10": 0.5196,
"hits_at_3": 0.4006,
"hits_at_5": 0.4498,
"inverse_arithmetic_mean_rank": 0.0008579284185543656,
"inverse_geometric_mean_rank": 0.05762360990047455,
"inverse_harmonic_mean_rank": 0.36808887124061584,
"inverse_median_rank": 0.1111111119389534,
"median_absolute_deviation": 11.860817748044816,
"median_rank": 9.0,
"standard_deviation": 4976.95458984375,
"variance": 24770076.0,
"z_arithmetic_mean_rank": 163.342999043889,
"z_geometric_mean_rank": 99.97218531881786,
"z_hits_at_k": 3322.876474500884,
"z_inverse_harmonic_mean_rank": 5807.106427031368}},
"head": {"optimistic": {"adjusted_arithmetic_mean_rank": 0.05617049110866215,
"adjusted_arithmetic_mean_rank_index": 0.9438756354011527,
"adjusted_geometric_mean_rank_index": 0.9988858270643136,
"adjusted_hits_at_k": 0.5128809710229967,
"adjusted_inverse_harmonic_mean_rank": 0.36084474950194345,
"arithmetic_mean_rank": 1149.4032,
"count": 5000.0,
"geometric_mean_rank": 17.777286364174408,
"harmonic_mean_rank": 2.769932566174663,
"hits_at_1": 0.2832,
"hits_at_10": 0.513,
"hits_at_3": 0.394,
"hits_at_5": 0.4446,
"inverse_arithmetic_mean_rank": 0.0008700167182412577,
"inverse_geometric_mean_rank": 0.056251554906335155,
"inverse_harmonic_mean_rank": 0.361019619109725,
"inverse_median_rank": 0.1111111111111111,
"median_absolute_deviation": 11.860817748044816,
"median_rank": 9.0,
"standard_deviation": 4973.649694965435,
"variance": 24737191.28822976,
"z_arithmetic_mean_rank": 115.59770523529147,
"z_geometric_mean_rank": 70.69425436483014,
"z_hits_at_k": 2319.7421754041106,
"z_inverse_harmonic_mean_rank": 4027.277060703424},
"pessimistic": {"adjusted_arithmetic_mean_rank": 0.05617049110866215,
"adjusted_arithmetic_mean_rank_index": 0.9438756354011527,
"adjusted_geometric_mean_rank_index": 0.9988858270643136,
"adjusted_hits_at_k": 0.5128809710229967,
"adjusted_inverse_harmonic_mean_rank": 0.36084474950194345,
"arithmetic_mean_rank": 1149.4032,
"count": 5000.0,
"geometric_mean_rank": 17.777286364174408,
"harmonic_mean_rank": 2.769932566174663,
"hits_at_1": 0.2832,
"hits_at_10": 0.513,
"hits_at_3": 0.394,
"hits_at_5": 0.4446,
"inverse_arithmetic_mean_rank": 0.0008700167182412577,
"inverse_geometric_mean_rank": 0.056251554906335155,
"inverse_harmonic_mean_rank": 0.361019619109725,
"inverse_median_rank": 0.1111111111111111,
"median_absolute_deviation": 11.860817748044816,
"median_rank": 9.0,
"standard_deviation": 4973.649694965435,
"variance": 24737191.28822976,
"z_arithmetic_mean_rank": 115.59770523529147,
"z_geometric_mean_rank": 70.69425436483014,
"z_hits_at_k": 2319.7421754041106,
"z_inverse_harmonic_mean_rank": 4027.277060703424},
"realistic": {"adjusted_arithmetic_mean_rank": 0.056170491022759145,
"adjusted_arithmetic_mean_rank_index": 0.9438756354870599,
"adjusted_geometric_mean_rank_index": 0.9988858270533317,
"adjusted_hits_at_k": 0.5128809710229967,
"adjusted_inverse_harmonic_mean_rank": 0.36084474174873976,
"arithmetic_mean_rank": 1149.4031982421875,
"count": 5000.0,
"geometric_mean_rank": 17.777286529541016,
"harmonic_mean_rank": 2.769932625645049,
"hits_at_1": 0.2832,
"hits_at_10": 0.513,
"hits_at_3": 0.394,
"hits_at_5": 0.4446,
"inverse_arithmetic_mean_rank": 0.00087001669453457,
"inverse_geometric_mean_rank": 0.05625155568122864,
"inverse_harmonic_mean_rank": 0.3610196113586426,
"inverse_median_rank": 0.1111111119389534,
"median_absolute_deviation": 11.860817748044816,
"median_rank": 9.0,
"standard_deviation": 4973.64990234375,
"variance": 24737192.0,
"z_arithmetic_mean_rank": 115.59770524581263,
"z_geometric_mean_rank": 70.69425436405292,
"z_hits_at_k": 2319.7421754041106,
"z_inverse_harmonic_mean_rank": 4027.276974172307}},
"tail": {"optimistic": {"adjusted_arithmetic_mean_rank": 0.057750698683269874,
"adjusted_arithmetic_mean_rank_index": 0.9422953484640062,
"adjusted_geometric_mean_rank_index": 0.9989414276943631,
"adjusted_hits_at_k": 0.5260842026803301,
"adjusted_inverse_harmonic_mean_rank": 0.3749870935425991,
"arithmetic_mean_rank": 1181.7934,
"count": 5000.0,
"geometric_mean_rank": 16.9407903216351,
"harmonic_mean_rank": 2.6655429689523853,
"hits_at_1": 0.2968,
"hits_at_10": 0.5262,
"hits_at_3": 0.4072,
"hits_at_5": 0.455,
"inverse_arithmetic_mean_rank": 0.0008461715897211813,
"inverse_geometric_mean_rank": 0.0590291232589603,
"inverse_harmonic_mean_rank": 0.3751580866066553,
"inverse_median_rank": 0.125,
"median_absolute_deviation": 10.378215529539213,
"median_rank": 8.0,
"standard_deviation": 4980.203888066877,
"variance": 24802430.766716436,
"z_arithmetic_mean_rank": 115.40418492457748,
"z_geometric_mean_rank": 70.69818743167941,
"z_hits_at_k": 2379.5154990209285,
"z_inverse_harmonic_mean_rank": 4185.213037945241},
"pessimistic": {"adjusted_arithmetic_mean_rank": 0.05775070845666998,
"adjusted_arithmetic_mean_rank_index": 0.9422953386901285,
"adjusted_geometric_mean_rank_index": 0.9989414276824407,
"adjusted_hits_at_k": 0.5260842026803301,
"adjusted_inverse_harmonic_mean_rank": 0.3749870935420374,
"arithmetic_mean_rank": 1181.7936,
"count": 5000.0,
"geometric_mean_rank": 16.940790501173456,
"harmonic_mean_rank": 2.665542968956375,
"hits_at_1": 0.2968,
"hits_at_10": 0.5262,
"hits_at_3": 0.4072,
"hits_at_5": 0.455,
"inverse_arithmetic_mean_rank": 0.0008461714465199338,
"inverse_geometric_mean_rank": 0.059029122633370144,
"inverse_harmonic_mean_rank": 0.37515808660609373,
"inverse_median_rank": 0.125,
"median_absolute_deviation": 10.378215529539213,
"median_rank": 8.0,
"standard_deviation": 4980.204598467722,