{"both": {"optimistic": {"adjusted_arithmetic_mean_rank": 0.019287323757687748,
"adjusted_arithmetic_mean_rank_index": 0.980760604182349,
"adjusted_geometric_mean_rank_index": 0.9990863051549506,
"adjusted_hits_at_k": 0.4977772832579917,
"adjusted_inverse_harmonic_mean_rank": 0.13895521012660594,
"arithmetic_mean_rank": 394.681,
"count": 10000.0,
"geometric_mean_rank": 14.758108009122587,
"harmonic_mean_rank": 7.1843837755692235,
"hits_at_1": 0.0024,
"hits_at_10": 0.4979,
"hits_at_3": 0.1422,
"hits_at_5": 0.2772,
"inverse_arithmetic_mean_rank": 0.002533691766261867,
"inverse_geometric_mean_rank": 0.06775936315019915,
"inverse_harmonic_mean_rank": 0.139190782569347,
"inverse_median_rank": 0.09090909090909091,
"median_absolute_deviation": 10.378215529539213,
"median_rank": 11.0,
"standard_deviation": 2834.663511325286,
"variance": 8035317.222439,
"z_arithmetic_mean_rank": 169.8683562090012,
"z_geometric_mean_rank": 99.98943892576746,
"z_hits_at_k": 3184.0382446375993,
"z_inverse_harmonic_mean_rank": 2193.2392869508885},
"pessimistic": {"adjusted_arithmetic_mean_rank": 0.019287353078567788,
"adjusted_arithmetic_mean_rank_index": 0.9807605748600361,
"adjusted_geometric_mean_rank_index": 0.9990863049909198,
"adjusted_hits_at_k": 0.4977772832579917,
"adjusted_inverse_harmonic_mean_rank": 0.13895521003947967,
"arithmetic_mean_rank": 394.6816,
"count": 10000.0,
"geometric_mean_rank": 14.758110479041875,
"harmonic_mean_rank": 7.184383780065048,
"hits_at_1": 0.0024,
"hits_at_10": 0.4979,
"hits_at_3": 0.1422,
"hits_at_5": 0.2772,
"inverse_arithmetic_mean_rank": 0.0025336879145113427,
"inverse_geometric_mean_rank": 0.06775935180998333,
"inverse_harmonic_mean_rank": 0.13919078248224456,
"inverse_median_rank": 0.09090909090909091,
"median_absolute_deviation": 10.378215529539213,
"median_rank": 11.0,
"standard_deviation": 2834.6660598069466,
"variance": 8035331.670621439,
"z_arithmetic_mean_rank": 169.86835113035806,
"z_geometric_mean_rank": 99.98943890935111,
"z_hits_at_k": 3184.0382446375993,
"z_inverse_harmonic_mean_rank": 2193.2392855757057},
"realistic": {"adjusted_arithmetic_mean_rank": 0.01928733865912784,
"adjusted_arithmetic_mean_rank_index": 0.9807605892801807,
"adjusted_geometric_mean_rank_index": 0.9990863050829879,
"adjusted_hits_at_k": 0.4977772832579917,
"adjusted_inverse_harmonic_mean_rank": 0.1389552056922991,
"arithmetic_mean_rank": 394.6813049316406,
"count": 10000.0,
"geometric_mean_rank": 14.758109092712402,
"harmonic_mean_rank": 7.184384004385,
"hits_at_1": 0.0024,
"hits_at_10": 0.4979,
"hits_at_3": 0.1422,
"hits_at_5": 0.2772,
"inverse_arithmetic_mean_rank": 0.0025336898397654295,
"inverse_geometric_mean_rank": 0.06775935739278793,
"inverse_harmonic_mean_rank": 0.13919077813625336,
"inverse_median_rank": 0.09090909361839294,
"median_absolute_deviation": 10.378215529539213,
"median_rank": 11.0,
"standard_deviation": 2834.664794921875,
"variance": 8035324.5,
"z_arithmetic_mean_rank": 169.86835362793624,
"z_geometric_mean_rank": 99.98943891856537,
"z_hits_at_k": 3184.0382446375993,
"z_inverse_harmonic_mean_rank": 2193.2392169607388}},
"head": {"optimistic": {"adjusted_arithmetic_mean_rank": 0.018726810372478322,
"adjusted_arithmetic_mean_rank_index": 0.9813211460719706,
"adjusted_geometric_mean_rank_index": 0.9991309374287667,
"adjusted_hits_at_k": 0.5134811176706069,
"adjusted_inverse_harmonic_mean_rank": 0.14316857910625347,
"arithmetic_mean_rank": 383.2022,
"count": 5000.0,
"geometric_mean_rank": 14.086399031032032,
"harmonic_mean_rank": 6.973354626431368,
"hits_at_1": 0.0016,
"hits_at_10": 0.5136,
"hits_at_3": 0.1522,
"hits_at_5": 0.2972,
"inverse_arithmetic_mean_rank": 0.002609588358313183,
"inverse_geometric_mean_rank": 0.07099046376558137,
"inverse_harmonic_mean_rank": 0.1434030038010203,
"inverse_median_rank": 0.1,
"median_absolute_deviation": 8.895613311033612,
"median_rank": 10.0,
"standard_deviation": 2804.6295464669056,
"variance": 7865946.892915161,
"z_arithmetic_mean_rank": 120.18370676193378,
"z_geometric_mean_rank": 70.7116015870878,
"z_hits_at_k": 2322.4566170943763,
"z_inverse_harmonic_mean_rank": 1597.8603963170947},
"pessimistic": {"adjusted_arithmetic_mean_rank": 0.018726859241744657,
"adjusted_arithmetic_mean_rank_index": 0.9813210972003159,
"adjusted_geometric_mean_rank_index": 0.9991309371241203,
"adjusted_hits_at_k": 0.5134811176706069,
"adjusted_inverse_harmonic_mean_rank": 0.14316857893241144,
"arithmetic_mean_rank": 383.2032,
"count": 5000.0,
"geometric_mean_rank": 14.08640361841611,
"harmonic_mean_rank": 6.973354634882588,
"hits_at_1": 0.0016,
"hits_at_10": 0.5136,
"hits_at_3": 0.1522,
"hits_at_5": 0.2972,
"inverse_arithmetic_mean_rank": 0.0026095815483795546,
"inverse_geometric_mean_rank": 0.07099044064679733,
"inverse_harmonic_mean_rank": 0.14340300362722586,
"inverse_median_rank": 0.1,
"median_absolute_deviation": 8.895613311033612,
"median_rank": 10.0,
"standard_deviation": 2804.633156031241,
"variance": 7865967.139909759,
"z_arithmetic_mean_rank": 120.18370077655719,
"z_geometric_mean_rank": 70.71160156552702,
"z_hits_at_k": 2322.4566170943763,
"z_inverse_harmonic_mean_rank": 1597.8603943768976},
"realistic": {"adjusted_arithmetic_mean_rank": 0.018726834697346536,
"adjusted_arithmetic_mean_rank_index": 0.9813211217459136,
"adjusted_geometric_mean_rank_index": 0.9991309373622899,
"adjusted_hits_at_k": 0.5134811176706069,
"adjusted_inverse_harmonic_mean_rank": 0.14316858388674888,
"arithmetic_mean_rank": 383.20269775390625,
"count": 5000.0,
"geometric_mean_rank": 14.086400032043457,
"harmonic_mean_rank": 6.9733543940306,
"hits_at_1": 0.0016,
"hits_at_10": 0.5136,
"hits_at_3": 0.1522,
"hits_at_5": 0.2972,
"inverse_arithmetic_mean_rank": 0.0026095849461853504,
"inverse_geometric_mean_rank": 0.07099045813083649,
"inverse_harmonic_mean_rank": 0.14340300858020782,
"inverse_median_rank": 0.10000000149011612,
"median_absolute_deviation": 8.895613311033612,
"median_rank": 10.0,
"standard_deviation": 2804.63134765625,
"variance": 7865957.0,
"z_arithmetic_mean_rank": 120.18370378268921,
"z_geometric_mean_rank": 70.71160158238303,
"z_hits_at_k": 2322.4566170943763,
"z_inverse_harmonic_mean_rank": 1597.8604496707312}},
"tail": {"optimistic": {"adjusted_arithmetic_mean_rank": 0.01984781115468842,
"adjusted_arithmetic_mean_rank_index": 0.9802000882835279,
"adjusted_geometric_mean_rank_index": 0.9990396391383214,
"adjusted_hits_at_k": 0.48207344902464105,
"adjusted_inverse_harmonic_mean_rank": 0.1347418411959855,
"arithmetic_mean_rank": 406.1598,
"count": 5000.0,
"geometric_mean_rank": 15.461847384069955,
"harmonic_mean_rank": 7.408583926882407,
"hits_at_1": 0.0032,
"hits_at_10": 0.4822,
"hits_at_3": 0.1322,
"hits_at_5": 0.2572,
"inverse_arithmetic_mean_rank": 0.0024620851201916094,
"inverse_geometric_mean_rank": 0.06467532469828158,
"inverse_harmonic_mean_rank": 0.13497856133767364,
"inverse_median_rank": 0.09090909090909091,
"median_absolute_deviation": 10.378215529539213,
"median_rank": 11.0,
"standard_deviation": 2864.3365769867128,
"variance": 8204424.026263959,
"z_arithmetic_mean_rank": 120.04642964199068,
"z_geometric_mean_rank": 70.70513816060146,
"z_hits_at_k": 2180.451794173401,
"z_inverse_harmonic_mean_rank": 1503.847252988517},
"pessimistic": {"adjusted_arithmetic_mean_rank": 0.019847820928088525,
"adjusted_arithmetic_mean_rank_index": 0.9802000785096501,
"adjusted_geometric_mean_rank_index": 0.999039639129019,
"adjusted_hits_at_k": 0.48207344902464105,
"adjusted_inverse_harmonic_mean_rank": 0.13474184119557497,
"arithmetic_mean_rank": 406.16,
"count": 5000.0,
"geometric_mean_rank": 15.46184752415147,
"harmonic_mean_rank": 7.408583926904934,
"hits_at_1": 0.0032,
"hits_at_10": 0.4822,
"hits_at_3": 0.1322,
"hits_at_5": 0.2572,
"inverse_arithmetic_mean_rank": 0.0024620839078195785,
"inverse_geometric_mean_rank": 0.06467532411233495,
"inverse_harmonic_mean_rank": 0.13497856133726321,
"inverse_median_rank": 0.09090909090909091,
"median_absolute_deviation": 10.378215529539213,
"median_rank": 11.0,