{"both": {"optimistic": {"adjusted_arithmetic_mean_rank": 0.01765075929106608,
"adjusted_arithmetic_mean_rank_index": 0.9823972486287299,
"adjusted_geometric_mean_rank_index": 0.9989347016441134,
"adjusted_hits_at_k": 0.46556941335340557,
"adjusted_inverse_harmonic_mean_rank": 0.13833769606326882,
"arithmetic_mean_rank": 361.1916,
"count": 10000.0,
"geometric_mean_rank": 17.040902410295903,
"harmonic_mean_rank": 7.2163902288476125,
"hits_at_1": 0.0023,
"hits_at_10": 0.4657,
"hits_at_3": 0.1558,
"hits_at_5": 0.2768,
"inverse_arithmetic_mean_rank": 0.002768613666541525,
"inverse_geometric_mean_rank": 0.05868233828953873,
"inverse_harmonic_mean_rank": 0.13857343745110778,
"inverse_median_rank": 0.08333333333333333,
"median_absolute_deviation": 13.343419966550417,
"median_rank": 12.0,
"standard_deviation": 2522.9027873640794,
"variance": 6365038.47448944,
"z_arithmetic_mean_rank": 170.15182406101295,
"z_geometric_mean_rank": 99.97426631264128,
"z_hits_at_k": 2978.0202261307895,
"z_inverse_harmonic_mean_rank": 2183.4925771821677},
"pessimistic": {"adjusted_arithmetic_mean_rank": 0.017650778838319437,
"adjusted_arithmetic_mean_rank_index": 0.9823972290805212,
"adjusted_geometric_mean_rank_index": 0.998934701406809,
"adjusted_hits_at_k": 0.46556941335340557,
"adjusted_inverse_harmonic_mean_rank": 0.13833769589182696,
"arithmetic_mean_rank": 361.192,
"count": 10000.0,
"geometric_mean_rank": 17.04090598354513,
"harmonic_mean_rank": 7.216390237773226,
"hits_at_1": 0.0023,
"hits_at_10": 0.4657,
"hits_at_3": 0.1558,
"hits_at_5": 0.2768,
"inverse_arithmetic_mean_rank": 0.002768610600456267,
"inverse_geometric_mean_rank": 0.05868232598464014,
"inverse_harmonic_mean_rank": 0.13857343727971283,
"inverse_median_rank": 0.08333333333333333,
"median_absolute_deviation": 13.343419966550417,
"median_rank": 12.0,
"standard_deviation": 2522.903602426379,
"variance": 6365042.587136,
"z_arithmetic_mean_rank": 170.15182067525086,
"z_geometric_mean_rank": 99.97426628889164,
"z_hits_at_k": 2978.0202261307895,
"z_inverse_harmonic_mean_rank": 2183.492574476166},
"realistic": {"adjusted_arithmetic_mean_rank": 0.017650769210247257,
"adjusted_arithmetic_mean_rank_index": 0.9823972387090639,
"adjusted_geometric_mean_rank_index": 0.9989347018522176,
"adjusted_hits_at_k": 0.46556941335340557,
"adjusted_inverse_harmonic_mean_rank": 0.1383376965414453,
"arithmetic_mean_rank": 361.1918029785156,
"count": 10000.0,
"geometric_mean_rank": 17.0408992767334,
"harmonic_mean_rank": 7.216390203952769,
"hits_at_1": 0.0023,
"hits_at_10": 0.4657,
"hits_at_3": 0.1558,
"hits_at_5": 0.2768,
"inverse_arithmetic_mean_rank": 0.002768612001091242,
"inverse_geometric_mean_rank": 0.05868234857916832,
"inverse_harmonic_mean_rank": 0.13857343792915344,
"inverse_median_rank": 0.0833333358168602,
"median_absolute_deviation": 13.343419966550417,
"median_rank": 12.0,
"standard_deviation": 2522.903076171875,
"variance": 6365040.5,
"z_arithmetic_mean_rank": 170.15182234292052,
"z_geometric_mean_rank": 99.97426633346852,
"z_hits_at_k": 2978.0202261307895,
"z_inverse_harmonic_mean_rank": 2183.4925847296026}},
"head": {"optimistic": {"adjusted_arithmetic_mean_rank": 0.017231645395064183,
"adjusted_arithmetic_mean_rank_index": 0.9828163841205712,
"adjusted_geometric_mean_rank_index": 0.9989008646507996,
"adjusted_hits_at_k": 0.46226860374119716,
"adjusted_inverse_harmonic_mean_rank": 0.13604251751227936,
"arithmetic_mean_rank": 352.607,
"count": 5000.0,
"geometric_mean_rank": 17.55084943807411,
"harmonic_mean_rank": 7.33789353834465,
"hits_at_1": 0.0024,
"hits_at_10": 0.4624,
"hits_at_3": 0.15,
"hits_at_5": 0.269,
"inverse_arithmetic_mean_rank": 0.0028360185702495976,
"inverse_geometric_mean_rank": 0.05697729922009587,
"inverse_harmonic_mean_rank": 0.13627889186105435,
"inverse_median_rank": 0.08333333333333333,
"median_absolute_deviation": 13.343419966550417,
"median_rank": 12.0,
"standard_deviation": 2385.4586345084667,
"variance": 5690412.896950999,
"z_arithmetic_mean_rank": 120.36683055570059,
"z_geometric_mean_rank": 70.69531862156026,
"z_hits_at_k": 2090.8242595250103,
"z_inverse_harmonic_mean_rank": 1518.3286186476596},
"pessimistic": {"adjusted_arithmetic_mean_rank": 0.017231684490477253,
"adjusted_arithmetic_mean_rank_index": 0.9828163450232474,
"adjusted_geometric_mean_rank_index": 0.9989008641620012,
"adjusted_hits_at_k": 0.46226860374119716,
"adjusted_inverse_harmonic_mean_rank": 0.13604251716939558,
"arithmetic_mean_rank": 352.6078,
"count": 5000.0,
"geometric_mean_rank": 17.55085679843147,
"harmonic_mean_rank": 7.337893556802066,
"hits_at_1": 0.0024,
"hits_at_10": 0.4624,
"hits_at_3": 0.15,
"hits_at_5": 0.269,
"inverse_arithmetic_mean_rank": 0.0028360121358631317,
"inverse_geometric_mean_rank": 0.05697727532534882,
"inverse_harmonic_mean_rank": 0.1362788915182644,
"inverse_median_rank": 0.08333333333333333,
"median_absolute_deviation": 13.343419966550417,
"median_rank": 12.0,
"standard_deviation": 2385.460361435327,
"variance": 5690421.135979161,
"z_arithmetic_mean_rank": 120.36682576739932,
"z_geometric_mean_rank": 70.69531858696648,
"z_hits_at_k": 2090.8242595250103,
"z_inverse_harmonic_mean_rank": 1518.3286148208394},
"realistic": {"adjusted_arithmetic_mean_rank": 0.017231664520414264,
"adjusted_arithmetic_mean_rank_index": 0.9828163649942864,
"adjusted_geometric_mean_rank_index": 0.9989008644924907,
"adjusted_hits_at_k": 0.46226860374119716,
"adjusted_inverse_harmonic_mean_rank": 0.13604252317665474,
"arithmetic_mean_rank": 352.6073913574219,
"count": 5000.0,
"geometric_mean_rank": 17.550851821899414,
"harmonic_mean_rank": 7.337893233431618,
"hits_at_1": 0.0024,
"hits_at_10": 0.4624,
"hits_at_3": 0.15,
"hits_at_5": 0.269,
"inverse_arithmetic_mean_rank": 0.002836015308275819,
"inverse_geometric_mean_rank": 0.0569772906601429,
"inverse_harmonic_mean_rank": 0.13627889752388,
"inverse_median_rank": 0.0833333358168602,
"median_absolute_deviation": 13.343419966550417,
"median_rank": 12.0,
"standard_deviation": 2385.45947265625,
"variance": 5690416.5,
"z_arithmetic_mean_rank": 120.36682821327905,
"z_geometric_mean_rank": 70.69531861035625,
"z_hits_at_k": 2090.8242595250103,
"z_inverse_harmonic_mean_rank": 1518.3286818660079}},
"tail": {"optimistic": {"adjusted_arithmetic_mean_rank": 0.018069853754847962,
"adjusted_arithmetic_mean_rank_index": 0.9819781325710594,
"adjusted_geometric_mean_rank_index": 0.9989676594772047,
"adjusted_hits_at_k": 0.4688702229279343,
"adjusted_inverse_harmonic_mean_rank": 0.14063287458755136,
"arithmetic_mean_rank": 369.7762,
"count": 5000.0,
"geometric_mean_rank": 16.54577209962631,
"harmonic_mean_rank": 7.098845162763513,
"hits_at_1": 0.0022,
"hits_at_10": 0.469,
"hits_at_3": 0.1616,
"hits_at_5": 0.2846,
"inverse_arithmetic_mean_rank": 0.0027043384620210817,
"inverse_geometric_mean_rank": 0.0604384004553396,
"inverse_harmonic_mean_rank": 0.14086798304116124,
"inverse_median_rank": 0.08333333333333333,
"median_absolute_deviation": 13.343419966550417,
"median_rank": 12.0,
"standard_deviation": 2653.208748160152,
"variance": 7039516.661313561,
"z_arithmetic_mean_rank": 120.26418912907387,
"z_geometric_mean_rank": 70.70004393642392,
"z_hits_at_k": 2120.7326827191428,
"z_inverse_harmonic_mean_rank": 1569.5967952578999},
"pessimistic": {"adjusted_arithmetic_mean_rank": 0.018069853754847962,
"adjusted_arithmetic_mean_rank_index": 0.9819781325710594,
"adjusted_geometric_mean_rank_index": 0.9989676594772047,
"adjusted_hits_at_k": 0.4688702229279343,
"adjusted_inverse_harmonic_mean_rank": 0.14063287458755136,
"arithmetic_mean_rank": 369.7762,
"count": 5000.0,
"geometric_mean_rank": 16.54577209962631,
"harmonic_mean_rank": 7.098845162763513,
"hits_at_1": 0.0022,
"hits_at_10": 0.469,
"hits_at_3": 0.1616,
"hits_at_5": 0.2846,
"inverse_arithmetic_mean_rank": 0.0027043384620210817,
"inverse_geometric_mean_rank": 0.0604384004553396,
"inverse_harmonic_mean_rank": 0.14086798304116124,
"inverse_median_rank": 0.08333333333333333,
"median_absolute_deviation": 13.343419966550417,
"median_rank": 12.0,