{"both": {"optimistic": {"adjusted_arithmetic_mean_rank": 0.039480213121748646,
"adjusted_arithmetic_mean_rank_index": 0.9605667279812521,
"adjusted_geometric_mean_rank_index": 0.9991924705618647,
"adjusted_hits_at_k": 0.6058036792112618,
"adjusted_inverse_harmonic_mean_rank": 0.2147145631275013,
"arithmetic_mean_rank": 807.8928,
"count": 10000.0,
"geometric_mean_rank": 13.159505211841982,
"harmonic_mean_rank": 4.6526904174288655,
"hits_at_1": 0.0,
"hits_at_10": 0.6059,
"hits_at_3": 0.3645,
"hits_at_5": 0.4867,
"inverse_arithmetic_mean_rank": 0.0012377879837522998,
"inverse_geometric_mean_rank": 0.07599069903480259,
"inverse_harmonic_mean_rank": 0.21492940863935933,
"inverse_median_rank": 0.16666666666666666,
"median_absolute_deviation": 5.930408874022408,
"median_rank": 6.0,
"standard_deviation": 4314.926887805651,
"variance": 18618594.047108162,
"z_arithmetic_mean_rank": 166.37076409412603,
"z_geometric_mean_rank": 100.00006405336244,
"z_hits_at_k": 3875.03035639957,
"z_inverse_harmonic_mean_rank": 3389.008694979223},
"pessimistic": {"adjusted_arithmetic_mean_rank": 0.039480247329442025,
"adjusted_arithmetic_mean_rank_index": 0.960566693771887,
"adjusted_geometric_mean_rank_index": 0.9991924704931293,
"adjusted_hits_at_k": 0.6058036792112618,
"adjusted_inverse_harmonic_mean_rank": 0.21471456311505818,
"arithmetic_mean_rank": 807.8935,
"count": 10000.0,
"geometric_mean_rank": 13.159506246835802,
"harmonic_mean_rank": 4.652690417698155,
"hits_at_1": 0.0,
"hits_at_10": 0.6059,
"hits_at_3": 0.3645,
"hits_at_5": 0.4867,
"inverse_arithmetic_mean_rank": 0.001237786911269864,
"inverse_geometric_mean_rank": 0.07599069305814188,
"inverse_harmonic_mean_rank": 0.21492940862691962,
"inverse_median_rank": 0.16666666666666666,
"median_absolute_deviation": 5.930408874022408,
"median_rank": 6.0,
"standard_deviation": 4314.928907729274,
"variance": 18618611.47875775,
"z_arithmetic_mean_rank": 166.37075816904238,
"z_geometric_mean_rank": 100.00006404648335,
"z_hits_at_k": 3875.03035639957,
"z_inverse_harmonic_mean_rank": 3389.008694782823},
"realistic": {"adjusted_arithmetic_mean_rank": 0.03948022912319897,
"adjusted_arithmetic_mean_rank_index": 0.9605667119790198,
"adjusted_geometric_mean_rank_index": 0.99919247032987,
"adjusted_hits_at_k": 0.6058036792112618,
"adjusted_inverse_harmonic_mean_rank": 0.21471455636083295,
"arithmetic_mean_rank": 807.8931274414062,
"count": 10000.0,
"geometric_mean_rank": 13.15950870513916,
"harmonic_mean_rank": 4.652690563870438,
"hits_at_1": 0.0,
"hits_at_10": 0.6059,
"hits_at_3": 0.3645,
"hits_at_5": 0.4867,
"inverse_arithmetic_mean_rank": 0.00123778753913939,
"inverse_geometric_mean_rank": 0.07599067687988281,
"inverse_harmonic_mean_rank": 0.21492940187454226,
"inverse_median_rank": 0.1666666716337204,
"median_absolute_deviation": 5.930408874022408,
"median_rank": 6.0,
"standard_deviation": 4314.927734375,
"variance": 18618602.0,
"z_arithmetic_mean_rank": 166.37076132252926,
"z_geometric_mean_rank": 100.0000640301442,
"z_hits_at_k": 3875.03035639957,
"z_inverse_harmonic_mean_rank": 3389.008588175578}},
"head": {"optimistic": {"adjusted_arithmetic_mean_rank": 0.03863261134302782,
"adjusted_arithmetic_mean_rank_index": 0.9614143722719903,
"adjusted_geometric_mean_rank_index": 0.99918121754235,
"adjusted_hits_at_k": 0.6037031636946844,
"adjusted_inverse_harmonic_mean_rank": 0.21296259420527902,
"arithmetic_mean_rank": 790.5298,
"count": 5000.0,
"geometric_mean_rank": 13.329277908275271,
"harmonic_mean_rank": 4.690917253742301,
"hits_at_1": 0.0,
"hits_at_10": 0.6038,
"hits_at_3": 0.3618,
"hits_at_5": 0.4838,
"inverse_arithmetic_mean_rank": 0.0012649744513110069,
"inverse_geometric_mean_rank": 0.07502281870641814,
"inverse_harmonic_mean_rank": 0.2131779236144539,
"inverse_median_rank": 0.16666666666666666,
"median_absolute_deviation": 5.930408874022408,
"median_rank": 6.0,
"standard_deviation": 4240.864945964675,
"variance": 17984935.489911962,
"z_arithmetic_mean_rank": 117.74569768149203,
"z_geometric_mean_rank": 70.71516006698894,
"z_hits_at_k": 2730.5276845310327,
"z_inverse_harmonic_mean_rank": 2376.8098929376083},
"pessimistic": {"adjusted_arithmetic_mean_rank": 0.038632669986147415,
"adjusted_arithmetic_mean_rank_index": 0.9614143136260048,
"adjusted_geometric_mean_rank_index": 0.9991812174485915,
"adjusted_hits_at_k": 0.6037031636946844,
"adjusted_inverse_harmonic_mean_rank": 0.21296259419359634,
"arithmetic_mean_rank": 790.531,
"count": 5000.0,
"geometric_mean_rank": 13.329279320098337,
"harmonic_mean_rank": 4.690917253999304,
"hits_at_1": 0.0,
"hits_at_10": 0.6038,
"hits_at_3": 0.3618,
"hits_at_5": 0.4838,
"inverse_arithmetic_mean_rank": 0.0012649725311214867,
"inverse_geometric_mean_rank": 0.0750228107600811,
"inverse_harmonic_mean_rank": 0.2131779236027744,
"inverse_median_rank": 0.16666666666666666,
"median_absolute_deviation": 5.930408874022408,
"median_rank": 6.0,
"standard_deviation": 4240.8689158047555,
"variance": 17984969.161039,
"z_arithmetic_mean_rank": 117.74569049904012,
"z_geometric_mean_rank": 70.71516006035336,
"z_hits_at_k": 2730.5276845310327,
"z_inverse_harmonic_mean_rank": 2376.8098928072213},
"realistic": {"adjusted_arithmetic_mean_rank": 0.03863264044505771,
"adjusted_arithmetic_mean_rank_index": 0.9614143431685382,
"adjusted_geometric_mean_rank_index": 0.999181217346774,
"adjusted_hits_at_k": 0.6037031636946844,
"adjusted_inverse_harmonic_mean_rank": 0.21296260488272498,
"arithmetic_mean_rank": 790.5303955078125,
"count": 5000.0,
"geometric_mean_rank": 13.329280853271484,
"harmonic_mean_rank": 4.6909170188525495,
"hits_at_1": 0.0,
"hits_at_10": 0.6038,
"hits_at_3": 0.3618,
"hits_at_5": 0.4838,
"inverse_arithmetic_mean_rank": 0.0012649735435843468,
"inverse_geometric_mean_rank": 0.07502280175685883,
"inverse_harmonic_mean_rank": 0.21317793428897855,
"inverse_median_rank": 0.1666666716337204,
"median_absolute_deviation": 5.930408874022408,
"median_rank": 6.0,
"standard_deviation": 4240.86669921875,
"variance": 17984952.0,
"z_arithmetic_mean_rank": 117.7456941171535,
"z_geometric_mean_rank": 70.71516005314743,
"z_hits_at_k": 2730.5276845310327,
"z_inverse_harmonic_mean_rank": 2376.810012105292}},
"tail": {"optimistic": {"adjusted_arithmetic_mean_rank": 0.040327775601404464,
"adjusted_arithmetic_mean_rank_index": 0.9597191229934705,
"adjusted_geometric_mean_rank_index": 0.9992036600722592,
"adjusted_hits_at_k": 0.6079041947038611,
"adjusted_inverse_harmonic_mean_rank": 0.21646653202933738,
"arithmetic_mean_rank": 825.2558,
"count": 5000.0,
"geometric_mean_rank": 12.991894880741055,
"harmonic_mean_rank": 4.615081574979315,
"hits_at_1": 0.0,
"hits_at_10": 0.608,
"hits_at_3": 0.3672,
"hits_at_5": 0.4896,
"inverse_arithmetic_mean_rank": 0.001211745497577842,
"inverse_geometric_mean_rank": 0.07697106612849688,
"inverse_harmonic_mean_rank": 0.21668089366426466,
"inverse_median_rank": 0.16666666666666666,
"median_absolute_deviation": 5.930408874022408,
"median_rank": 6.0,
"standard_deviation": 4387.670185504645,
"variance": 19251649.656766362,
"z_arithmetic_mean_rank": 117.53809814102296,
"z_geometric_mean_rank": 70.71674643152583,
"z_hits_at_k": 2749.593023032923,
"z_inverse_harmonic_mean_rank": 2415.9726234019186},
"pessimistic": {"adjusted_arithmetic_mean_rank": 0.04032778537480457,
"adjusted_arithmetic_mean_rank_index": 0.9597191132195928,
"adjusted_geometric_mean_rank_index": 0.9992036600279306,
"adjusted_hits_at_k": 0.6079041947038611,
"adjusted_inverse_harmonic_mean_rank": 0.2164665320161338,
"arithmetic_mean_rank": 825.256,
"count": 5000.0,
"geometric_mean_rank": 12.991895548275817,
"harmonic_mean_rank": 4.615081575260461,
"hits_at_1": 0.0,
"hits_at_10": 0.608,
"hits_at_3": 0.3672,
"hits_at_5": 0.4896,
"inverse_arithmetic_mean_rank": 0.001211745203912483,
"inverse_geometric_mean_rank": 0.07697106217365735,
"inverse_harmonic_mean_rank": 0.2166808936510647,
"inverse_median_rank": 0.16666666666666666,
"median_absolute_deviation": 5.930408874022408,
"median_rank": 6.0,
"standard_deviation": 4387.670325316614,