{"MRR": 0.07970971614122391,
"evaluation_time": "days: 0.0, hours: 0.0, minutes: 1.0, seconds: 16.387475967407227",
"hit_at_1": 0.0,
"hit_at_10": 0.1608,
"hit_at_3": 0.1199,
"hit_at_5": 0.1608,
"training_time": "days: 0.0, hours: 5.0, minutes: 4.0, seconds: 44.99327111244202"}