{"MRR": 0.13857343792915344,
"evaluation_time": "days: 0.0, hours: 0.0, minutes: 1.0, seconds: 8.584846019744873",
"hit_at_1": 0.0023,
"hit_at_10": 0.2768,
"hit_at_3": 0.1558,
"hit_at_5": 0.2768,
"training_time": "days: 0.0, hours: 6.0, minutes: 2.0, seconds: 59.86554980278015"}