{"both": {"optimistic": {"adjusted_arithmetic_mean_rank": 0.1658666936940023,
"adjusted_arithmetic_mean_rank_index": 0.8341740708357686,
"adjusted_geometric_mean_rank_index": 0.9804283021330685,
"adjusted_hits_at_k": 0.17549853533073603,
"adjusted_inverse_harmonic_mean_rank": 0.06527047105354042,
"arithmetic_mean_rank": 3394.1688,
"count": 10000.0,
"geometric_mean_rank": 295.7040082737523,
"harmonic_mean_rank": 15.26107048367953,
"hits_at_1": 0.0,
"hits_at_10": 0.1757,
"hits_at_3": 0.102,
"hits_at_5": 0.1311,
"inverse_arithmetic_mean_rank": 0.00029462294273637776,
"inverse_geometric_mean_rank": 0.003381760043895771,
"inverse_harmonic_mean_rank": 0.06552620283547071,
"inverse_median_rank": 0.0025157232704402514,
"median_absolute_deviation": 584.88657520046,
"median_rank": 397.5,
"standard_deviation": 6719.526132526501,
"variance": 45152031.44570656,
"z_arithmetic_mean_rank": 144.4794760319484,
"z_geometric_mean_rank": 98.12212952115709,
"z_hits_at_k": 1122.5784445477207,
"z_inverse_harmonic_mean_rank": 1030.2151409938804},
"pessimistic": {"adjusted_arithmetic_mean_rank": 0.16586695269510932,
"adjusted_arithmetic_mean_rank_index": 0.834173811822004,
"adjusted_geometric_mean_rank_index": 0.980428254166056,
"adjusted_hits_at_k": 0.17549853533073603,
"adjusted_inverse_harmonic_mean_rank": 0.0652704662184266,
"arithmetic_mean_rank": 3394.1741,
"count": 10000.0,
"geometric_mean_rank": 295.7047305448069,
"harmonic_mean_rank": 15.261071609470848,
"hits_at_1": 0.0,
"hits_at_10": 0.1757,
"hits_at_3": 0.102,
"hits_at_5": 0.1311,
"inverse_arithmetic_mean_rank": 0.0002946224826829007,
"inverse_geometric_mean_rank": 0.0033817517838067666,
"inverse_harmonic_mean_rank": 0.06552619800167973,
"inverse_median_rank": 0.0025157232704402514,
"median_absolute_deviation": 584.88657520046,
"median_rank": 397.5,
"standard_deviation": 6719.529713558025,
"variance": 45152079.57138919,
"z_arithmetic_mean_rank": 144.47943117060075,
"z_geometric_mean_rank": 98.12212472057615,
"z_hits_at_k": 1122.5784445477207,
"z_inverse_harmonic_mean_rank": 1030.2150646774792},
"realistic": {"adjusted_arithmetic_mean_rank": 0.16586683203281588,
"adjusted_arithmetic_mean_rank_index": 0.8341739324901943,
"adjusted_geometric_mean_rank_index": 0.9804282797239205,
"adjusted_hits_at_k": 0.17549853533073603,
"adjusted_inverse_harmonic_mean_rank": 0.06527047799160103,
"arithmetic_mean_rank": 3394.171630859375,
"count": 10000.0,
"geometric_mean_rank": 295.704345703125,
"harmonic_mean_rank": 15.26106886824558,
"hits_at_1": 0.0,
"hits_at_10": 0.1757,
"hits_at_3": 0.102,
"hits_at_5": 0.1311,
"inverse_arithmetic_mean_rank": 0.0002946227032225579,
"inverse_geometric_mean_rank": 0.0033817561343312263,
"inverse_harmonic_mean_rank": 0.06552620977163315,
"inverse_median_rank": 0.002515723230317235,
"median_absolute_deviation": 584.88657520046,
"median_rank": 397.5,
"standard_deviation": 6719.52783203125,
"variance": 45152056.0,
"z_arithmetic_mean_rank": 144.47945207040755,
"z_geometric_mean_rank": 98.12212727842979,
"z_hits_at_k": 1122.5784445477207,
"z_inverse_harmonic_mean_rank": 1030.2152505027436}},
"head": {"optimistic": {"adjusted_arithmetic_mean_rank": 0.1656284407323263,
"adjusted_arithmetic_mean_rank_index": 0.8344123363863749,
"adjusted_geometric_mean_rank_index": 0.9803154232368557,
"adjusted_hits_at_k": 0.1747983595358773,
"adjusted_inverse_harmonic_mean_rank": 0.06456637343517974,
"arithmetic_mean_rank": 3389.2148,
"count": 5000.0,
"geometric_mean_rank": 297.4115988954248,
"harmonic_mean_rank": 15.426789071411644,
"hits_at_1": 0.0,
"hits_at_10": 0.175,
"hits_at_3": 0.1008,
"hits_at_5": 0.13,
"inverse_arithmetic_mean_rank": 0.00029505359176408645,
"inverse_geometric_mean_rank": 0.003362343646696906,
"inverse_harmonic_mean_rank": 0.06482230329143238,
"inverse_median_rank": 0.002574002574002574,
"median_absolute_deviation": 571.5431552339096,
"median_rank": 388.5,
"standard_deviation": 6678.737924957151,
"variance": 44605540.27026095,
"z_arithmetic_mean_rank": 102.19158932446499,
"z_geometric_mean_rank": 69.3799691720026,
"z_hits_at_k": 790.6066898875928,
"z_inverse_harmonic_mean_rank": 720.6053988237671},
"pessimistic": {"adjusted_arithmetic_mean_rank": 0.16562865575709818,
"adjusted_arithmetic_mean_rank_index": 0.8344121213510944,
"adjusted_geometric_mean_rank_index": 0.9803153571327436,
"adjusted_hits_at_k": 0.1747983595358773,
"adjusted_inverse_harmonic_mean_rank": 0.06456636466886229,
"arithmetic_mean_rank": 3389.2192,
"count": 5000.0,
"geometric_mean_rank": 297.4125942953153,
"harmonic_mean_rank": 15.42679115710039,
"hits_at_1": 0.0,
"hits_at_10": 0.175,
"hits_at_3": 0.1008,
"hits_at_5": 0.13,
"inverse_arithmetic_mean_rank": 0.0002950532087154469,
"inverse_geometric_mean_rank": 0.003362332393385641,
"inverse_harmonic_mean_rank": 0.06482229452751335,
"inverse_median_rank": 0.002574002574002574,
"median_absolute_deviation": 571.5431552339096,
"median_rank": 388.5,
"standard_deviation": 6678.741002370983,
"variance": 44605581.376751356,
"z_arithmetic_mean_rank": 102.191562988808,
"z_geometric_mean_rank": 69.37996449360915,
"z_hits_at_k": 790.6066898875928,
"z_inverse_harmonic_mean_rank": 720.6053009855993},
"realistic": {"adjusted_arithmetic_mean_rank": 0.16562856218008895,
"adjusted_arithmetic_mean_rank_index": 0.8344122149326769,
"adjusted_geometric_mean_rank_index": 0.9803153954160903,
"adjusted_hits_at_k": 0.1747983595358773,
"adjusted_inverse_harmonic_mean_rank": 0.06456637141177134,
"arithmetic_mean_rank": 3389.21728515625,
"count": 5000.0,
"geometric_mean_rank": 297.4120178222656,
"harmonic_mean_rank": 15.42678955282242,
"hits_at_1": 0.0,
"hits_at_10": 0.175,
"hits_at_3": 0.1008,
"hits_at_5": 0.13,
"inverse_arithmetic_mean_rank": 0.00029505338170565665,
"inverse_geometric_mean_rank": 0.0033623389899730682,
"inverse_harmonic_mean_rank": 0.06482230126857758,
"inverse_median_rank": 0.002574002603068948,
"median_absolute_deviation": 571.5431552339096,
"median_rank": 388.5,
"standard_deviation": 6678.7392578125,
"variance": 44605556.0,
"z_arithmetic_mean_rank": 102.19157444986895,
"z_geometric_mean_rank": 69.37996720304056,
"z_hits_at_k": 790.6066898875928,
"z_inverse_harmonic_mean_rank": 720.6053762411295}},
"tail": {"optimistic": {"adjusted_arithmetic_mean_rank": 0.16610493560907738,
"adjusted_arithmetic_mean_rank_index": 0.8339358163328865,
"adjusted_geometric_mean_rank_index": 0.9805424784146255,
"adjusted_hits_at_k": 0.17619871111760202,
"adjusted_inverse_harmonic_mean_rank": 0.06597456866370818,
"arithmetic_mean_rank": 3399.1228,
"count": 5000.0,
"geometric_mean_rank": 294.00622179469565,
"harmonic_mean_rank": 15.098874440354027,
"hits_at_1": 0.0,
"hits_at_10": 0.1764,
"hits_at_3": 0.1032,
"hits_at_5": 0.1322,
"inverse_arithmetic_mean_rank": 0.0002941935489944641,
"inverse_geometric_mean_rank": 0.0034012885642205875,
"inverse_harmonic_mean_rank": 0.06623010237950908,
"inverse_median_rank": 0.0024390243902439024,
"median_absolute_deviation": 603.41910293178,
"median_rank": 410.0,
"standard_deviation": 6760.064610410181,
"variance": 45698473.53692015,
"z_arithmetic_mean_rank": 102.13324656667886,
"z_geometric_mean_rank": 69.39603664619528,
"z_hits_at_k": 796.9590454830842,
"z_inverse_harmonic_mean_rank": 736.3390092592549},
"pessimistic": {"adjusted_arithmetic_mean_rank": 0.16610523858448054,
"adjusted_arithmetic_mean_rank_index": 0.8339355133426771,
"adjusted_geometric_mean_rank_index": 0.9805424483825462,
"adjusted_hits_at_k": 0.17619871111760202,
"adjusted_inverse_harmonic_mean_rank": 0.06597456775979792,
"arithmetic_mean_rank": 3399.129,
"count": 5000.0,
"geometric_mean_rank": 294.006674040684,
"harmonic_mean_rank": 15.098874646367506,
"hits_at_1": 0.0,
"hits_at_10": 0.1764,
"hits_at_3": 0.1032,
"hits_at_5": 0.1322,
"inverse_arithmetic_mean_rank": 0.0002941930123864084,
"inverse_geometric_mean_rank": 0.0034012833323015727,
"inverse_harmonic_mean_rank": 0.06623010147584611,
"inverse_median_rank": 0.0024390243902439024,
"median_absolute_deviation": 603.41910293178,
"median_rank": 410.0,