{"both": {"optimistic": {"adjusted_arithmetic_mean_rank": 0.1373111081714214,
"adjusted_arithmetic_mean_rank_index": 0.8627310518847088,
"adjusted_geometric_mean_rank_index": 0.9883188399453623,
"adjusted_hits_at_k": 0.22050953364459855,
"adjusted_inverse_harmonic_mean_rank": 0.07945786614899618,
"arithmetic_mean_rank": 2809.8292,
"count": 10000.0,
"geometric_mean_rank": 176.89095809645724,
"harmonic_mean_rank": 12.54552198877865,
"hits_at_1": 0.0,
"hits_at_10": 0.2207,
"hits_at_3": 0.1199,
"hits_at_5": 0.1608,
"inverse_arithmetic_mean_rank": 0.0003558935183675933,
"inverse_geometric_mean_rank": 0.005653200201757672,
"inverse_harmonic_mean_rank": 0.07970971641470563,
"inverse_median_rank": 0.005076142131979695,
"median_absolute_deviation": 289.1074326085924,
"median_rank": 197.0,
"standard_deviation": 6645.403848542794,
"variance": 44161392.31022737,
"z_arithmetic_mean_rank": 149.4255631895981,
"z_geometric_mean_rank": 98.91182150732784,
"z_hits_at_k": 1410.4918244485416,
"z_inverse_harmonic_mean_rank": 1254.1459477228757},
"pessimistic": {"adjusted_arithmetic_mean_rank": 0.13731125966263494,
"adjusted_arithmetic_mean_rank_index": 0.8627309003860918,
"adjusted_geometric_mean_rank_index": 0.9883188318123731,
"adjusted_hits_at_k": 0.22050953364459855,
"adjusted_inverse_harmonic_mean_rank": 0.07945786581616832,
"arithmetic_mean_rank": 2809.8323,
"count": 10000.0,
"geometric_mean_rank": 176.89108056025896,
"harmonic_mean_rank": 12.545522041148137,
"hits_at_1": 0.0,
"hits_at_10": 0.2207,
"hits_at_3": 0.1199,
"hits_at_5": 0.1608,
"inverse_arithmetic_mean_rank": 0.0003558931257214176,
"inverse_geometric_mean_rank": 0.005653196287979847,
"inverse_harmonic_mean_rank": 0.07970971608196882,
"inverse_median_rank": 0.005076142131979695,
"median_absolute_deviation": 289.1074326085924,
"median_rank": 197.0,
"standard_deviation": 6645.408087091169,
"variance": 44161448.64397671,
"z_arithmetic_mean_rank": 149.42553694994194,
"z_geometric_mean_rank": 98.91182069337111,
"z_hits_at_k": 1410.4918244485416,
"z_inverse_harmonic_mean_rank": 1254.145942469592},
"realistic": {"adjusted_arithmetic_mean_rank": 0.1373111749451443,
"adjusted_arithmetic_mean_rank_index": 0.8627309851077226,
"adjusted_geometric_mean_rank_index": 0.988318836732827,
"adjusted_hits_at_k": 0.22050953364459855,
"adjusted_inverse_harmonic_mean_rank": 0.07945786587543961,
"arithmetic_mean_rank": 2809.83056640625,
"count": 10000.0,
"geometric_mean_rank": 176.89100646972656,
"harmonic_mean_rank": 12.545522031821973,
"hits_at_1": 0.0,
"hits_at_10": 0.2207,
"hits_at_3": 0.1199,
"hits_at_5": 0.1608,
"inverse_arithmetic_mean_rank": 0.00035589333856478333,
"inverse_geometric_mean_rank": 0.005653198808431625,
"inverse_harmonic_mean_rank": 0.07970971614122391,
"inverse_median_rank": 0.005076142027974129,
"median_absolute_deviation": 289.1074326085924,
"median_rank": 197.0,
"standard_deviation": 6645.40576171875,
"variance": 44161420.0,
"z_arithmetic_mean_rank": 149.42555162378193,
"z_geometric_mean_rank": 98.91182118581449,
"z_hits_at_k": 1410.4918244485416,
"z_inverse_harmonic_mean_rank": 1254.1459434051174}},
"head": {"optimistic": {"adjusted_arithmetic_mean_rank": 0.13738699922893094,
"adjusted_arithmetic_mean_rank_index": 0.8626551580957464,
"adjusted_geometric_mean_rank_index": 0.9880416294936641,
"adjusted_hits_at_k": 0.21800891816381682,
"adjusted_inverse_harmonic_mean_rank": 0.07847714330746913,
"arithmetic_mean_rank": 2811.317,
"count": 5000.0,
"geometric_mean_rank": 181.06989759635158,
"harmonic_mean_rank": 12.701756728499484,
"hits_at_1": 0.0,
"hits_at_10": 0.2182,
"hits_at_3": 0.118,
"hits_at_5": 0.1578,
"inverse_arithmetic_mean_rank": 0.0003557051730559023,
"inverse_geometric_mean_rank": 0.005522729140926786,
"inverse_harmonic_mean_rank": 0.07872926724822689,
"inverse_median_rank": 0.00477326968973747,
"median_absolute_deviation": 307.6399603399124,
"median_rank": 209.5,
"standard_deviation": 6599.436205655071,
"variance": 43552558.232511,
"z_arithmetic_mean_rank": 105.65052528649484,
"z_geometric_mean_rank": 69.92677680065744,
"z_hits_at_k": 986.0464915867453,
"z_inverse_harmonic_mean_rank": 875.8592149890864},
"pessimistic": {"adjusted_arithmetic_mean_rank": 0.13738710674131688,
"adjusted_arithmetic_mean_rank_index": 0.8626550505781062,
"adjusted_geometric_mean_rank_index": 0.9880416217977739,
"adjusted_hits_at_k": 0.21800891816381682,
"adjusted_inverse_harmonic_mean_rank": 0.078477143030149,
"arithmetic_mean_rank": 2811.3192,
"count": 5000.0,
"geometric_mean_rank": 181.0700134815531,
"harmonic_mean_rank": 12.701756773228585,
"hits_at_1": 0.0,
"hits_at_10": 0.2182,
"hits_at_3": 0.118,
"hits_at_5": 0.1578,
"inverse_arithmetic_mean_rank": 0.0003557048946985458,
"inverse_geometric_mean_rank": 0.005522725606368153,
"inverse_harmonic_mean_rank": 0.07872926697098262,
"inverse_median_rank": 0.00477326968973747,
"median_absolute_deviation": 307.6399603399124,
"median_rank": 209.5,
"standard_deviation": 6599.438505305688,
"variance": 43552588.58531137,
"z_arithmetic_mean_rank": 105.65051211866634,
"z_geometric_mean_rank": 69.92677625599536,
"z_hits_at_k": 986.0464915867453,
"z_inverse_harmonic_mean_rank": 875.8592118940016},
"realistic": {"adjusted_arithmetic_mean_rank": 0.13738705372961665,
"adjusted_arithmetic_mean_rank_index": 0.8626551035923973,
"adjusted_geometric_mean_rank_index": 0.9880416242333403,
"adjusted_hits_at_k": 0.21800891816381682,
"adjusted_inverse_harmonic_mean_rank": 0.07847714794924511,
"arithmetic_mean_rank": 2811.318115234375,
"count": 5000.0,
"geometric_mean_rank": 181.06997680664062,
"harmonic_mean_rank": 12.701755979825235,
"hits_at_1": 0.0,
"hits_at_10": 0.2182,
"hits_at_3": 0.118,
"hits_at_5": 0.1578,
"inverse_arithmetic_mean_rank": 0.00035570503678172827,
"inverse_geometric_mean_rank": 0.005522726569324732,
"inverse_harmonic_mean_rank": 0.07872927188873291,
"inverse_median_rank": 0.00477326987311244,
"median_absolute_deviation": 307.6399603399124,
"median_rank": 209.5,
"standard_deviation": 6599.43701171875,
"variance": 43552572.0,
"z_arithmetic_mean_rank": 105.65051861139712,
"z_geometric_mean_rank": 69.92677642836796,
"z_hits_at_k": 986.0464915867453,
"z_inverse_harmonic_mean_rank": 875.8592667945178}},
"tail": {"optimistic": {"adjusted_arithmetic_mean_rank": 0.1372352206326015,
"adjusted_arithmetic_mean_rank_index": 0.8628069421546828,
"adjusted_geometric_mean_rank_index": 0.988590798873591,
"adjusted_hits_at_k": 0.22301014909683492,
"adjusted_inverse_harmonic_mean_rank": 0.08043858897911145,
"arithmetic_mean_rank": 2808.3414,
"count": 5000.0,
"geometric_mean_rank": 172.80846497210928,
"harmonic_mean_rank": 12.393083999733218,
"hits_at_1": 0.0,
"hits_at_10": 0.2232,
"hits_at_3": 0.1218,
"hits_at_5": 0.1638,
"inverse_arithmetic_mean_rank": 0.00035608206324202606,
"inverse_geometric_mean_rank": 0.005786753560720516,
"inverse_harmonic_mean_rank": 0.08069016558118437,
"inverse_median_rank": 0.0053475935828877,
"median_absolute_deviation": 274.2814104235364,
"median_rank": 187.0,
"standard_deviation": 6691.055369733988,
"variance": 44770221.96084604,
"z_arithmetic_mean_rank": 105.66913236803659,
"z_geometric_mean_rank": 69.96564128220629,
"z_hits_at_k": 1008.6904406390909,
"z_inverse_harmonic_mean_rank": 897.7712490551393},
"pessimistic": {"adjusted_arithmetic_mean_rank": 0.13723541610060355,
"adjusted_arithmetic_mean_rank_index": 0.8628067466771283,
"adjusted_geometric_mean_rank_index": 0.9885907903285988,
"adjusted_hits_at_k": 0.22301014909683492,
"adjusted_inverse_harmonic_mean_rank": 0.08043858859077586,
"arithmetic_mean_rank": 2808.3454,
"count": 5000.0,
"geometric_mean_rank": 172.80859364912916,
"harmonic_mean_rank": 12.393084059360792,
"hits_at_1": 0.0,
"hits_at_10": 0.2232,
"hits_at_3": 0.1218,
"hits_at_5": 0.1638,
"inverse_arithmetic_mean_rank": 0.00035608155606500536,
"inverse_geometric_mean_rank": 0.005786749251778541,
"inverse_harmonic_mean_rank": 0.08069016519295504,
"inverse_median_rank": 0.0053475935828877,
"median_absolute_deviation": 274.2814104235364,