{"both": {"optimistic": {"adjusted_arithmetic_mean_rank": 0.054563748553319996,
"adjusted_arithmetic_mean_rank_index": 0.9454824554094365,
"adjusted_geometric_mean_rank_index": 0.9983975516919121,
"adjusted_hits_at_k": 0.4456645496546086,
"adjusted_inverse_harmonic_mean_rank": 0.14596424070645198,
"arithmetic_mean_rank": 1116.5507,
"count": 10000.0,
"geometric_mean_rank": 25.129124752273217,
"harmonic_mean_rank": 6.840043737999819,
"hits_at_1": 0.0,
"hits_at_10": 0.4458,
"hits_at_3": 0.2071,
"hits_at_5": 0.3061,
"inverse_arithmetic_mean_rank": 0.0008956153983871937,
"inverse_geometric_mean_rank": 0.03979446199810594,
"inverse_harmonic_mean_rank": 0.14619789555503956,
"inverse_median_rank": 0.07142857142857142,
"median_absolute_deviation": 17.791226622067224,
"median_rank": 14.0,
"standard_deviation": 5169.243852153766,
"variance": 26721082.003029507,
"z_arithmetic_mean_rank": 163.7581585556735,
"z_geometric_mean_rank": 99.92050787149111,
"z_hits_at_k": 2850.6985314635376,
"z_inverse_harmonic_mean_rank": 2303.868325021157},
"pessimistic": {"adjusted_arithmetic_mean_rank": 0.054563816968706755,
"adjusted_arithmetic_mean_rank_index": 0.9454823869907063,
"adjusted_geometric_mean_rank_index": 0.9983975502143648,
"adjusted_hits_at_k": 0.4456645496546086,
"adjusted_inverse_harmonic_mean_rank": 0.14596423472689787,
"arithmetic_mean_rank": 1116.5521,
"count": 10000.0,
"geometric_mean_rank": 25.12914700068226,
"harmonic_mean_rank": 6.840044017683896,
"hits_at_1": 0.0,
"hits_at_10": 0.4458,
"hits_at_3": 0.2071,
"hits_at_5": 0.3061,
"inverse_arithmetic_mean_rank": 0.0008956142754108831,
"inverse_geometric_mean_rank": 0.03979442676557425,
"inverse_harmonic_mean_rank": 0.1461978895771214,
"inverse_median_rank": 0.07142857142857142,
"median_absolute_deviation": 17.791226622067224,
"median_rank": 14.0,
"standard_deviation": 5169.247697091482,
"variance": 26721121.75388559,
"z_arithmetic_mean_rank": 163.7581467055062,
"z_geometric_mean_rank": 99.92050772361686,
"z_hits_at_k": 2850.6985314635376,
"z_inverse_harmonic_mean_rank": 2303.8682306411556},
"realistic": {"adjusted_arithmetic_mean_rank": 0.05456378235059741,
"adjusted_arithmetic_mean_rank_index": 0.9454824216105074,
"adjusted_geometric_mean_rank_index": 0.9983975507492518,
"adjusted_hits_at_k": 0.4456645496546086,
"adjusted_inverse_harmonic_mean_rank": 0.1459642453287253,
"arithmetic_mean_rank": 1116.5513916015625,
"count": 10000.0,
"geometric_mean_rank": 25.129138946533203,
"harmonic_mean_rank": 6.840043521800396,
"hits_at_1": 0.0,
"hits_at_10": 0.4458,
"hits_at_3": 0.2071,
"hits_at_5": 0.3061,
"inverse_arithmetic_mean_rank": 0.0008956148521974683,
"inverse_geometric_mean_rank": 0.0397944413125515,
"inverse_harmonic_mean_rank": 0.14619790017604828,
"inverse_median_rank": 0.0714285746216774,
"median_absolute_deviation": 17.791226622067224,
"median_rank": 14.0,
"standard_deviation": 5169.24609375,
"variance": 26721104.0,
"z_arithmetic_mean_rank": 163.75815270167763,
"z_geometric_mean_rank": 99.92050777714884,
"z_hits_at_k": 2850.6985314635376,
"z_inverse_harmonic_mean_rank": 2303.86839797813}},
"head": {"optimistic": {"adjusted_arithmetic_mean_rank": 0.055790122061059745,
"adjusted_arithmetic_mean_rank_index": 0.9442560230380198,
"adjusted_geometric_mean_rank_index": 0.9983609192323045,
"adjusted_hits_at_k": 0.43726249342410256,
"adjusted_inverse_harmonic_mean_rank": 0.14391783414089027,
"arithmetic_mean_rank": 1141.6198,
"count": 5000.0,
"geometric_mean_rank": 25.68138161756337,
"harmonic_mean_rank": 6.937119335718707,
"hits_at_1": 0.0,
"hits_at_10": 0.4374,
"hits_at_3": 0.2032,
"hits_at_5": 0.3008,
"inverse_arithmetic_mean_rank": 0.0008759483673986734,
"inverse_geometric_mean_rank": 0.03893871501508723,
"inverse_harmonic_mean_rank": 0.14415205384331145,
"inverse_median_rank": 0.06896551724137931,
"median_absolute_deviation": 18.532527731320023,
"median_rank": 14.5,
"standard_deviation": 5263.531786970414,
"variance": 27704766.87244796,
"z_arithmetic_mean_rank": 115.64429181542184,
"z_geometric_mean_rank": 70.65710500622608,
"z_hits_at_k": 1977.7225224305935,
"z_inverse_harmonic_mean_rank": 1606.2226008878254},
"pessimistic": {"adjusted_arithmetic_mean_rank": 0.055790180704179355,
"adjusted_arithmetic_mean_rank_index": 0.9442559643920342,
"adjusted_geometric_mean_rank_index": 0.9983609164672077,
"adjusted_hits_at_k": 0.43726249342410256,
"adjusted_inverse_harmonic_mean_rank": 0.1439178222000313,
"arithmetic_mean_rank": 1141.621,
"count": 5000.0,
"geometric_mean_rank": 25.681423254566052,
"harmonic_mean_rank": 6.937119910198951,
"hits_at_1": 0.0,
"hits_at_10": 0.4374,
"hits_at_3": 0.2032,
"hits_at_5": 0.3008,
"inverse_arithmetic_mean_rank": 0.0008759474466569903,
"inverse_geometric_mean_rank": 0.03893865188418652,
"inverse_harmonic_mean_rank": 0.14415204190571945,
"inverse_median_rank": 0.06896551724137931,
"median_absolute_deviation": 18.532527731320023,
"median_rank": 14.5,
"standard_deviation": 5263.535762143068,
"variance": 27704808.719359003,
"z_arithmetic_mean_rank": 115.64428463296993,
"z_geometric_mean_rank": 70.65710481053158,
"z_hits_at_k": 1977.7225224305935,
"z_inverse_harmonic_mean_rank": 1606.2224676195779},
"realistic": {"adjusted_arithmetic_mean_rank": 0.05579014949275339,
"adjusted_arithmetic_mean_rank_index": 0.9442559956049855,
"adjusted_geometric_mean_rank_index": 0.9983609178650067,
"adjusted_hits_at_k": 0.43726249342410256,
"adjusted_inverse_harmonic_mean_rank": 0.14391782554516602,
"arithmetic_mean_rank": 1141.620361328125,
"count": 5000.0,
"geometric_mean_rank": 25.6814022064209,
"harmonic_mean_rank": 6.937119749262964,
"hits_at_1": 0.0,
"hits_at_10": 0.4374,
"hits_at_3": 0.2032,
"hits_at_5": 0.3008,
"inverse_arithmetic_mean_rank": 0.0008759479387663305,
"inverse_geometric_mean_rank": 0.03893868252635002,
"inverse_harmonic_mean_rank": 0.14415204524993896,
"inverse_median_rank": 0.06896551698446274,
"median_absolute_deviation": 18.532527731320023,
"median_rank": 14.5,
"standard_deviation": 5263.53369140625,
"variance": 27704786.0,
"z_arithmetic_mean_rank": 115.64428845566161,
"z_geometric_mean_rank": 70.65710490945816,
"z_hits_at_k": 1977.7225224305935,
"z_inverse_harmonic_mean_rank": 1606.222504953596}},
"tail": {"optimistic": {"adjusted_arithmetic_mean_rank": 0.05333743190640031,
"adjusted_arithmetic_mean_rank_index": 0.946708830914525,
"adjusted_geometric_mean_rank_index": 0.9984335537751539,
"adjusted_hits_at_k": 0.45406660578920255,
"adjusted_inverse_harmonic_mean_rank": 0.14801064724820143,
"arithmetic_mean_rank": 1091.4816,
"count": 5000.0,
"geometric_mean_rank": 24.58874371398497,
"harmonic_mean_rank": 6.745647529112678,
"hits_at_1": 0.0,
"hits_at_10": 0.4542,
"hits_at_3": 0.211,
"hits_at_5": 0.3114,
"inverse_arithmetic_mean_rank": 0.0009161858523313631,
"inverse_geometric_mean_rank": 0.04066901553133213,
"inverse_harmonic_mean_rank": 0.14824373726676762,
"inverse_median_rank": 0.07692307692307693,
"median_absolute_deviation": 16.30862440356162,
"median_rank": 13.0,
"standard_deviation": 5073.079953446569,
"variance": 25736140.214061443,
"z_arithmetic_mean_rank": 115.94471008551697,
"z_geometric_mean_rank": 70.66224361702074,
"z_hits_at_k": 2053.7748910886107,
"z_inverse_harmonic_mean_rank": 1651.9397634881943},
"pessimistic": {"adjusted_arithmetic_mean_rank": 0.05333751009360112,
"adjusted_arithmetic_mean_rank_index": 0.9467087527235032,
"adjusted_geometric_mean_rank_index": 0.9984335535311467,
"adjusted_hits_at_k": 0.45406660578920255,
"adjusted_inverse_harmonic_mean_rank": 0.1480106472299521,
"arithmetic_mean_rank": 1091.4832,
"count": 5000.0,
"geometric_mean_rank": 24.58874738843086,
"harmonic_mean_rank": 6.745647529942863,
"hits_at_1": 0.0,
"hits_at_10": 0.4542,
"hits_at_3": 0.211,
"hits_at_5": 0.3114,
"inverse_arithmetic_mean_rank": 0.0009161845092989063,
"inverse_geometric_mean_rank": 0.040669009453914086,
"inverse_harmonic_mean_rank": 0.1482437372485233,
"inverse_median_rank": 0.07692307692307693,
"median_absolute_deviation": 16.30862440356162,
"median_rank": 13.0,