{"MRR": 0.21492940187454226,
"evaluation_time": "days: 0.0, hours: 0.0, minutes: 1.0, seconds: 10.137304067611694",
"hit_at_1": 0.0,
"hit_at_10": 0.4867,
"hit_at_3": 0.3645,
"hit_at_5": 0.4867,
"training_time": "days: 0.0, hours: 4.0, minutes: 4.0, seconds: 18.77428674697876"}