{"both": {"optimistic": {"adjusted_arithmetic_mean_rank": 0.01330785316279202,
"adjusted_arithmetic_mean_rank_index": 0.9867403669970917,
"adjusted_geometric_mean_rank_index": 0.9992769220978496,
"adjusted_hits_at_k": 0.5789971291043392,
"adjusted_inverse_harmonic_mean_rank": 0.1795631378165305,
"arithmetic_mean_rank": 272.3217,
"count": 10000.0,
"geometric_mean_rank": 11.887862540427314,
"harmonic_mean_rank": 5.562118844231004,
"hits_at_1": 0.0131,
"hits_at_10": 0.5791,
"hits_at_3": 0.2223,
"hits_at_5": 0.3749,
"inverse_arithmetic_mean_rank": 0.003672127487453258,
"inverse_geometric_mean_rank": 0.08411941142482748,
"inverse_harmonic_mean_rank": 0.1797876003741261,
"inverse_median_rank": 0.125,
"median_absolute_deviation": 7.41301109252801,
"median_rank": 8.0,
"standard_deviation": 2112.0119403566614,
"variance": 4460594.43620911,
"z_arithmetic_mean_rank": 170.90405490604144,
"z_geometric_mean_rank": 100.00851603759641,
"z_hits_at_k": 3703.561943480858,
"z_inverse_harmonic_mean_rank": 2834.186123633411},
"pessimistic": {"adjusted_arithmetic_mean_rank": 0.013307872710045375,
"adjusted_arithmetic_mean_rank_index": 0.9867403474488831,
"adjusted_geometric_mean_rank_index": 0.9992769115027822,
"adjusted_hits_at_k": 0.5789971291043392,
"adjusted_inverse_harmonic_mean_rank": 0.17956135159567668,
"arithmetic_mean_rank": 272.3221,
"count": 10000.0,
"geometric_mean_rank": 11.88802207736897,
"harmonic_mean_rank": 5.562174090272167,
"hits_at_1": 0.0131,
"hits_at_10": 0.5791,
"hits_at_3": 0.2223,
"hits_at_5": 0.3749,
"inverse_arithmetic_mean_rank": 0.003672122093653068,
"inverse_geometric_mean_rank": 0.08411828254455242,
"inverse_harmonic_mean_rank": 0.1797858146419628,
"inverse_median_rank": 0.125,
"median_absolute_deviation": 7.41301109252801,
"median_rank": 8.0,
"standard_deviation": 2112.01266562291,
"variance": 4460597.49975159,
"z_arithmetic_mean_rank": 170.90405152027935,
"z_geometric_mean_rank": 100.00851497723272,
"z_hits_at_k": 3703.561943480858,
"z_inverse_harmonic_mean_rank": 2834.1579303058766},
"realistic": {"adjusted_arithmetic_mean_rank": 0.013307862907785024,
"adjusted_arithmetic_mean_rank_index": 0.9867403572516225,
"adjusted_geometric_mean_rank_index": 0.9992769167999672,
"adjusted_hits_at_k": 0.5789971291043392,
"adjusted_inverse_harmonic_mean_rank": 0.1795621895095418,
"arithmetic_mean_rank": 272.3218994140625,
"count": 10000.0,
"geometric_mean_rank": 11.88794231414795,
"harmonic_mean_rank": 5.562148174289892,
"hits_at_1": 0.0131,
"hits_at_10": 0.5791,
"hits_at_3": 0.2223,
"hits_at_5": 0.3749,
"inverse_arithmetic_mean_rank": 0.003672124817967415,
"inverse_geometric_mean_rank": 0.08411885052919388,
"inverse_harmonic_mean_rank": 0.17978665232658386,
"inverse_median_rank": 0.125,
"median_absolute_deviation": 7.41301109252801,
"median_rank": 8.0,
"standard_deviation": 2112.01220703125,
"variance": 4460596.0,
"z_arithmetic_mean_rank": 170.90405321812,
"z_geometric_mean_rank": 100.00851550737967,
"z_hits_at_k": 3703.561943480858,
"z_inverse_harmonic_mean_rank": 2834.17115575893}},
"head": {"optimistic": {"adjusted_arithmetic_mean_rank": 0.013022164079089514,
"adjusted_arithmetic_mean_rank_index": 0.9870260711608629,
"adjusted_geometric_mean_rank_index": 0.9992946616533025,
"adjusted_hits_at_k": 0.5868990575615968,
"adjusted_inverse_harmonic_mean_rank": 0.17934863798928669,
"arithmetic_mean_rank": 266.4694,
"count": 5000.0,
"geometric_mean_rank": 11.621029327811193,
"harmonic_mean_rank": 5.568760819808791,
"hits_at_1": 0.0114,
"hits_at_10": 0.587,
"hits_at_3": 0.2182,
"hits_at_5": 0.3838,
"inverse_arithmetic_mean_rank": 0.0037527761161319085,
"inverse_geometric_mean_rank": 0.0860508971960704,
"inverse_harmonic_mean_rank": 0.17957316400497444,
"inverse_median_rank": 0.125,
"median_absolute_deviation": 7.41301109252801,
"median_rank": 8.0,
"standard_deviation": 2107.7230543559654,
"variance": 4442496.47386364,
"z_arithmetic_mean_rank": 120.88239653003541,
"z_geometric_mean_rank": 70.7231888592879,
"z_hits_at_k": 2654.5233172035846,
"z_inverse_harmonic_mean_rank": 2001.654885209205},
"pessimistic": {"adjusted_arithmetic_mean_rank": 0.013022164079089514,
"adjusted_arithmetic_mean_rank_index": 0.9870260711608629,
"adjusted_geometric_mean_rank_index": 0.9992946616533025,
"adjusted_hits_at_k": 0.5868990575615968,
"adjusted_inverse_harmonic_mean_rank": 0.17934863798928669,
"arithmetic_mean_rank": 266.4694,
"count": 5000.0,
"geometric_mean_rank": 11.621029327811193,
"harmonic_mean_rank": 5.568760819808791,
"hits_at_1": 0.0114,
"hits_at_10": 0.587,
"hits_at_3": 0.2182,
"hits_at_5": 0.3838,
"inverse_arithmetic_mean_rank": 0.0037527761161319085,
"inverse_geometric_mean_rank": 0.0860508971960704,
"inverse_harmonic_mean_rank": 0.17957316400497444,
"inverse_median_rank": 0.125,
"median_absolute_deviation": 7.41301109252801,
"median_rank": 8.0,
"standard_deviation": 2107.7230543559654,
"variance": 4442496.47386364,
"z_arithmetic_mean_rank": 120.88239653003541,
"z_geometric_mean_rank": 70.7231888592879,
"z_hits_at_k": 2654.5233172035846,
"z_inverse_harmonic_mean_rank": 2001.654885209205},
"realistic": {"adjusted_arithmetic_mean_rank": 0.013022163632871115,
"adjusted_arithmetic_mean_rank_index": 0.9870260716071032,
"adjusted_geometric_mean_rank_index": 0.9992946615550372,
"adjusted_hits_at_k": 0.5868990575615968,
"adjusted_inverse_harmonic_mean_rank": 0.1793486373743036,
"arithmetic_mean_rank": 266.4693908691406,
"count": 5000.0,
"geometric_mean_rank": 11.621030807495117,
"harmonic_mean_rank": 5.568760838874874,
"hits_at_1": 0.0114,
"hits_at_10": 0.587,
"hits_at_3": 0.2182,
"hits_at_5": 0.3838,
"inverse_arithmetic_mean_rank": 0.003752776188775897,
"inverse_geometric_mean_rank": 0.08605088293552399,
"inverse_harmonic_mean_rank": 0.1795731633901596,
"inverse_median_rank": 0.125,
"median_absolute_deviation": 7.41301109252801,
"median_rank": 8.0,
"standard_deviation": 2107.722900390625,
"variance": 4442496.0,
"z_arithmetic_mean_rank": 120.88239658468703,
"z_geometric_mean_rank": 70.72318885233337,
"z_hits_at_k": 2654.5233172035846,
"z_inverse_harmonic_mean_rank": 2001.6548783455682}},
"tail": {"optimistic": {"adjusted_arithmetic_mean_rank": 0.013593529000517275,
"adjusted_arithmetic_mean_rank_index": 0.9864546760806441,
"adjusted_geometric_mean_rank_index": 0.9992588486865243,
"adjusted_hits_at_k": 0.5710952007372849,
"adjusted_inverse_harmonic_mean_rank": 0.17977763764127833,
"arithmetic_mean_rank": 278.174,
"count": 5000.0,
"geometric_mean_rank": 12.160822573770457,
"harmonic_mean_rank": 5.555492693820006,
"hits_at_1": 0.0148,
"hits_at_10": 0.5712,
"hits_at_3": 0.2264,
"hits_at_5": 0.366,
"inverse_arithmetic_mean_rank": 0.0035948722741880983,
"inverse_geometric_mean_rank": 0.08223127949887937,
"inverse_harmonic_mean_rank": 0.18000203674327778,
"inverse_median_rank": 0.125,
"median_absolute_deviation": 7.41301109252801,
"median_rank": 8.0,
"standard_deviation": 2116.2759507502797,
"variance": 4478623.899724,
"z_arithmetic_mean_rank": 120.81243746314993,
"z_geometric_mean_rank": 70.72065230116667,
"z_hits_at_k": 2583.1033789786275,
"z_inverse_harmonic_mean_rank": 2006.4896257604091},
"pessimistic": {"adjusted_arithmetic_mean_rank": 0.013593568094117686,
"adjusted_arithmetic_mean_rank_index": 0.9864546369851331,
"adjusted_geometric_mean_rank_index": 0.9992588270112787,
"adjusted_hits_at_k": 0.5710952007372849,
"adjusted_inverse_harmonic_mean_rank": 0.1797740651995915,
"arithmetic_mean_rank": 278.1748,
"count": 5000.0,
"geometric_mean_rank": 12.161148976175097,
"harmonic_mean_rank": 5.5556029238930345,
"hits_at_1": 0.0148,
"hits_at_10": 0.5712,
"hits_at_3": 0.2264,
"hits_at_5": 0.366,
"inverse_arithmetic_mean_rank": 0.0035948619357324962,
"inverse_geometric_mean_rank": 0.08222907243049976,
"inverse_harmonic_mean_rank": 0.17999846527895116,
"inverse_median_rank": 0.125,
"median_absolute_deviation": 7.41301109252801,
"median_rank": 8.0,
"standard_deviation": 2116.2773961475277,
"variance": 4478630.01744496,
"z_arithmetic_mean_rank": 120.81243267506987,