{"MRR": 0.17978665232658386,
"evaluation_time": "days: 0.0, hours: 0.0, minutes: 0.0, seconds: 59.82647681236267",
"hit_at_1": 0.0131,
"hit_at_10": 0.3749,
"hit_at_3": 0.2223,
"hit_at_5": 0.3749,
"training_time": "days: 0.0, hours: 8.0, minutes: 9.0, seconds: 27.226861715316772"}