{"MRR": 0.14619790017604828,
"evaluation_time": "days: 0.0, hours: 0.0, minutes: 1.0, seconds: 25.28157091140747",
"hit_at_1": 0.0,
"hit_at_10": 0.3061,
"hit_at_3": 0.2071,
"hit_at_5": 0.3061,
"training_time": "days: 0.0, hours: 6.0, minutes: 39.0, seconds: 6.496193885803223"}