{"MRR": 0.06552620977163315,
"evaluation_time": "days: 0.0, hours: 0.0, minutes: 1.0, seconds: 38.66456389427185",
"hit_at_1": 0.0,
"hit_at_10": 0.1311,
"hit_at_3": 0.102,
"hit_at_5": 0.1311,
"training_time": "days: 0.0, hours: 5.0, minutes: 49.0, seconds: 14.151460886001587"}