{"MRR": 0.260233610868454,
"evaluation_time": "days: 0.0, hours: 0.0, minutes: 0.0, seconds: 0.19849300384521484",
"hit_at_1": 0.10986964618249534,
"hit_at_10": 0.420391061452514,
"hit_at_3": 0.28957169459962756,
"hit_at_5": 0.420391061452514,
"training_time": "days: 0.0, hours: 0.0, minutes: 0.0, seconds: 52.58861327171326"}