{"both": {"optimistic": {"adjusted_arithmetic_mean_rank": 0.29189125906702895,
"adjusted_arithmetic_mean_rank_index": 0.7232654891507435,
"adjusted_geometric_mean_rank_index": 0.8084259269897114,
"adjusted_hits_at_k": 0.5244193013288345,
"adjusted_inverse_harmonic_mean_rank": 0.20012376262534393,
"arithmetic_mean_rank": 13.92877094972067,
"count": 2148.0,
"geometric_mean_rank": 7.683172954650931,
"harmonic_mean_rank": 4.103663863603105,
"hits_at_1": 0.10195530726256984,
"hits_at_10": 0.5749534450651769,
"hits_at_3": 0.25837988826815644,
"hits_at_5": 0.38640595903165736,
"inverse_arithmetic_mean_rank": 0.07179384337711822,
"inverse_geometric_mean_rank": 0.13015456060957994,
"inverse_harmonic_mean_rank": 0.2436846762400219,
"inverse_median_rank": 0.125,
"median_absolute_deviation": 8.895613311033612,
"median_rank": 8.0,
"standard_deviation": 16.07289756988585,
"variance": 258.33803629204243,
"z_arithmetic_mean_rank": 57.35217793371246,
"z_geometric_mean_rank": 39.58646118050992,
"z_hits_at_k": 70.50416847883102,
"z_inverse_harmonic_mean_rank": 73.0998156552891},
"pessimistic": {"adjusted_arithmetic_mean_rank": 0.29189125906702895,
"adjusted_arithmetic_mean_rank_index": 0.7232654891507435,
"adjusted_geometric_mean_rank_index": 0.8084259269897114,
"adjusted_hits_at_k": 0.5244193013288345,
"adjusted_inverse_harmonic_mean_rank": 0.20012376262534393,
"arithmetic_mean_rank": 13.92877094972067,
"count": 2148.0,
"geometric_mean_rank": 7.683172954650931,
"harmonic_mean_rank": 4.103663863603105,
"hits_at_1": 0.10195530726256984,
"hits_at_10": 0.5749534450651769,
"hits_at_3": 0.25837988826815644,
"hits_at_5": 0.38640595903165736,
"inverse_arithmetic_mean_rank": 0.07179384337711822,
"inverse_geometric_mean_rank": 0.13015456060957994,
"inverse_harmonic_mean_rank": 0.2436846762400219,
"inverse_median_rank": 0.125,
"median_absolute_deviation": 8.895613311033612,
"median_rank": 8.0,
"standard_deviation": 16.07289756988585,
"variance": 258.33803629204243,
"z_arithmetic_mean_rank": 57.35217793371246,
"z_geometric_mean_rank": 39.58646118050992,
"z_hits_at_k": 70.50416847883102,
"z_inverse_harmonic_mean_rank": 73.0998156552891},
"realistic": {"adjusted_arithmetic_mean_rank": 0.29189126051846764,
"adjusted_arithmetic_mean_rank_index": 0.7232654876682374,
"adjusted_geometric_mean_rank_index": 0.808425906872154,
"adjusted_hits_at_k": 0.5244193013288345,
"adjusted_inverse_harmonic_mean_rank": 0.20012376582961594,
"arithmetic_mean_rank": 13.928771018981934,
"count": 2148.0,
"geometric_mean_rank": 7.683173656463623,
"harmonic_mean_rank": 4.103663812581627,
"hits_at_1": 0.10195530726256984,
"hits_at_10": 0.5749534450651769,
"hits_at_3": 0.25837988826815644,
"hits_at_5": 0.38640595903165736,
"inverse_arithmetic_mean_rank": 0.07179383933544159,
"inverse_geometric_mean_rank": 0.130154550075531,
"inverse_harmonic_mean_rank": 0.24368467926979065,
"inverse_median_rank": 0.125,
"median_absolute_deviation": 8.895613311033612,
"median_rank": 8.0,
"standard_deviation": 16.07289695739746,
"variance": 258.3380126953125,
"z_arithmetic_mean_rank": 57.35217781615542,
"z_geometric_mean_rank": 39.586460195406794,
"z_hits_at_k": 70.50416847883102,
"z_inverse_harmonic_mean_rank": 73.0998168257233}},
"head": {"optimistic": {"adjusted_arithmetic_mean_rank": 0.27996172475362774,
"adjusted_arithmetic_mean_rank_index": 0.7356258125636193,
"adjusted_geometric_mean_rank_index": 0.8196188057115492,
"adjusted_hits_at_k": 0.5409690763638431,
"adjusted_inverse_harmonic_mean_rank": 0.2141568425670286,
"arithmetic_mean_rank": 13.212290502793296,
"count": 1074.0,
"geometric_mean_rank": 7.22252543541251,
"harmonic_mean_rank": 3.885675626497738,
"hits_at_1": 0.11359404096834265,
"hits_at_10": 0.590316573556797,
"hits_at_3": 0.2718808193668529,
"hits_at_5": 0.41154562383612664,
"inverse_arithmetic_mean_rank": 0.07568710359408033,
"inverse_geometric_mean_rank": 0.13845572562429967,
"inverse_harmonic_mean_rank": 0.25735550162259074,
"inverse_median_rank": 0.125,
"median_absolute_deviation": 8.895613311033612,
"median_rank": 8.0,
"standard_deviation": 15.665010345664022,
"variance": 245.39254912976088,
"z_arithmetic_mean_rank": 41.23241573731278,
"z_geometric_mean_rank": 28.395691554951632,
"z_hits_at_k": 51.09426306717004,
"z_inverse_harmonic_mean_rank": 55.00712457141959},
"pessimistic": {"adjusted_arithmetic_mean_rank": 0.27996172475362774,
"adjusted_arithmetic_mean_rank_index": 0.7356258125636193,
"adjusted_geometric_mean_rank_index": 0.8196188057115492,
"adjusted_hits_at_k": 0.5409690763638431,
"adjusted_inverse_harmonic_mean_rank": 0.2141568425670286,
"arithmetic_mean_rank": 13.212290502793296,
"count": 1074.0,
"geometric_mean_rank": 7.22252543541251,
"harmonic_mean_rank": 3.885675626497738,
"hits_at_1": 0.11359404096834265,
"hits_at_10": 0.590316573556797,
"hits_at_3": 0.2718808193668529,
"hits_at_5": 0.41154562383612664,
"inverse_arithmetic_mean_rank": 0.07568710359408033,
"inverse_geometric_mean_rank": 0.13845572562429967,
"inverse_harmonic_mean_rank": 0.25735550162259074,
"inverse_median_rank": 0.125,
"median_absolute_deviation": 8.895613311033612,
"median_rank": 8.0,
"standard_deviation": 15.665010345664022,
"variance": 245.39254912976088,
"z_arithmetic_mean_rank": 41.23241573731278,
"z_geometric_mean_rank": 28.395691554951632,
"z_hits_at_k": 51.09426306717004,
"z_inverse_harmonic_mean_rank": 55.00712457141959},
"realistic": {"adjusted_arithmetic_mean_rank": 0.27996173028539223,
"adjusted_arithmetic_mean_rank_index": 0.735625806912102,
"adjusted_geometric_mean_rank_index": 0.8196188010384375,
"adjusted_hits_at_k": 0.5409690763638431,
"adjusted_inverse_harmonic_mean_rank": 0.21415685268938178,
"arithmetic_mean_rank": 13.21229076385498,
"count": 1074.0,
"geometric_mean_rank": 7.222525596618652,
"harmonic_mean_rank": 3.8856754820669943,
"hits_at_1": 0.11359404096834265,
"hits_at_10": 0.590316573556797,
"hits_at_3": 0.2718808193668529,
"hits_at_5": 0.41154562383612664,
"inverse_arithmetic_mean_rank": 0.07568710297346115,
"inverse_geometric_mean_rank": 0.13845571875572205,
"inverse_harmonic_mean_rank": 0.2573555111885071,
"inverse_median_rank": 0.125,
"median_absolute_deviation": 8.895613311033612,
"median_rank": 8.0,
"standard_deviation": 15.665010452270508,
"variance": 245.39254760742188,
"z_arithmetic_mean_rank": 41.232415420540704,
"z_geometric_mean_rank": 28.39569139305169,
"z_hits_at_k": 51.09426306717004,
"z_inverse_harmonic_mean_rank": 55.007127171390415}},
"tail": {"optimistic": {"adjusted_arithmetic_mean_rank": 0.3035607449580237,
"adjusted_arithmetic_mean_rank_index": 0.7111803078378434,
"adjusted_geometric_mean_rank_index": 0.7967540132313364,
"adjusted_hits_at_k": 0.5079156028118231,
"adjusted_inverse_harmonic_mean_rank": 0.186105857992775,
"arithmetic_mean_rank": 14.645251396648044,
"count": 1074.0,
"geometric_mean_rank": 8.173200244009665,
"harmonic_mean_rank": 4.347564271769581,
"hits_at_1": 0.09031657355679702,
"hits_at_10": 0.5595903165735568,
"hits_at_3": 0.24487895716945995,
"hits_at_5": 0.3612662942271881,
"inverse_arithmetic_mean_rank": 0.06828151821476254,
"inverse_geometric_mean_rank": 0.12235109506009277,
"inverse_harmonic_mean_rank": 0.23001385085745307,
"inverse_median_rank": 0.1111111111111111,
"median_absolute_deviation": 8.895613311033612,
"median_rank": 9.0,
"standard_deviation": 16.43949010744146,
"variance": 270.2568349926657,
"z_arithmetic_mean_rank": 39.89508161891089,
"z_geometric_mean_rank": 27.584682661412835,
"z_hits_at_k": 48.60222025072685,
"z_inverse_harmonic_mean_rank": 48.33929332730684},
"pessimistic": {"adjusted_arithmetic_mean_rank": 0.3035607449580237,
"adjusted_arithmetic_mean_rank_index": 0.7111803078378434,
"adjusted_geometric_mean_rank_index": 0.7967540132313364,
"adjusted_hits_at_k": 0.5079156028118231,
"adjusted_inverse_harmonic_mean_rank": 0.186105857992775,
"arithmetic_mean_rank": 14.645251396648044,
"count": 1074.0,
"geometric_mean_rank": 8.173200244009665,
"harmonic_mean_rank": 4.347564271769581,
"hits_at_1": 0.09031657355679702,