{"MRR": 0.22458219528198242,
"evaluation_time": "days: 0.0, hours: 0.0, minutes: 0.0, seconds: 0.15646982192993164",
"hit_at_1": 0.08379888268156424,
"hit_at_10": 0.3608007448789572,
"hit_at_3": 0.24068901303538176,
"hit_at_5": 0.3608007448789572,
"training_time": "days: 0.0, hours: 0.0, minutes: 0.0, seconds: 7.925081968307495"}