{"MRR": 0.42665317654609675,
"evaluation_time": "days: 0.0, hours: 0.0, minutes: 0.0, seconds: 0.1262989044189453",
"hit_at_1": 0.25558659217877094,
"hit_at_10": 0.6364059590316573,
"hit_at_3": 0.48091247672253257,
"hit_at_5": 0.6364059590316573,
"training_time": "days: 0.0, hours: 0.0, minutes: 0.0, seconds: 7.971140146255493"}