{"both": {"optimistic": {"adjusted_arithmetic_mean_rank": 0.12245793922956474,
"adjusted_arithmetic_mean_rank_index": 0.8963254527789541,
"adjusted_geometric_mean_rank_index": 0.9288603650287984,
"adjusted_hits_at_k": 0.8182062827642532,
"adjusted_inverse_harmonic_mean_rank": 0.40854151011465,
"arithmetic_mean_rank": 5.843575418994414,
"count": 2148.0,
"geometric_mean_rank": 3.481747540115935,
"harmonic_mean_rank": 2.268849173043538,
"hits_at_1": 0.2718808193668529,
"hits_at_10": 0.8375232774674115,
"hits_at_3": 0.5060521415270018,
"hits_at_5": 0.6480446927374302,
"inverse_arithmetic_mean_rank": 0.17112810707456977,
"inverse_geometric_mean_rank": 0.2872120934898979,
"inverse_harmonic_mean_rank": 0.44075208342675076,
"inverse_median_rank": 0.3333333333333333,
"median_absolute_deviation": 2.965204437011204,
"median_rank": 3.0,
"standard_deviation": 7.943569636868749,
"variance": 63.100298575783114,
"z_arithmetic_mean_rank": 71.07516897378169,
"z_geometric_mean_rank": 45.48381435420585,
"z_hits_at_k": 110.0015835883139,
"z_inverse_harmonic_mean_rank": 149.22920039647656},
"pessimistic": {"adjusted_arithmetic_mean_rank": 0.12245793922956474,
"adjusted_arithmetic_mean_rank_index": 0.8963254527789541,
"adjusted_geometric_mean_rank_index": 0.9288603650287984,
"adjusted_hits_at_k": 0.8182062827642532,
"adjusted_inverse_harmonic_mean_rank": 0.40854151011465,
"arithmetic_mean_rank": 5.843575418994414,
"count": 2148.0,
"geometric_mean_rank": 3.481747540115935,
"harmonic_mean_rank": 2.268849173043538,
"hits_at_1": 0.2718808193668529,
"hits_at_10": 0.8375232774674115,
"hits_at_3": 0.5060521415270018,
"hits_at_5": 0.6480446927374302,
"inverse_arithmetic_mean_rank": 0.17112810707456977,
"inverse_geometric_mean_rank": 0.2872120934898979,
"inverse_harmonic_mean_rank": 0.44075208342675076,
"inverse_median_rank": 0.3333333333333333,
"median_absolute_deviation": 2.965204437011204,
"median_rank": 3.0,
"standard_deviation": 7.943569636868749,
"variance": 63.100298575783114,
"z_arithmetic_mean_rank": 71.07516897378169,
"z_geometric_mean_rank": 45.48381435420585,
"z_hits_at_k": 110.0015835883139,
"z_inverse_harmonic_mean_rank": 149.22920039647656},
"realistic": {"adjusted_arithmetic_mean_rank": 0.12245794045770518,
"adjusted_arithmetic_mean_rank_index": 0.8963254515245258,
"adjusted_geometric_mean_rank_index": 0.9288603556965491,
"adjusted_hits_at_k": 0.8182062827642532,
"adjusted_inverse_harmonic_mean_rank": 0.4085415160338462,
"arithmetic_mean_rank": 5.843575477600098,
"count": 2148.0,
"geometric_mean_rank": 3.48174786567688,
"harmonic_mean_rank": 2.26884914423282,
"hits_at_1": 0.2718808193668529,
"hits_at_10": 0.8375232774674115,
"hits_at_3": 0.5060521415270018,
"hits_at_5": 0.6480446927374302,
"inverse_arithmetic_mean_rank": 0.17112810909748077,
"inverse_geometric_mean_rank": 0.287212073802948,
"inverse_harmonic_mean_rank": 0.4407520890235901,
"inverse_median_rank": 0.3333333432674408,
"median_absolute_deviation": 2.965204437011204,
"median_rank": 3.0,
"standard_deviation": 7.943569660186768,
"variance": 63.10029602050781,
"z_arithmetic_mean_rank": 71.07516887431034,
"z_geometric_mean_rank": 45.48381389723049,
"z_hits_at_k": 110.0015835883139,
"z_inverse_harmonic_mean_rank": 149.22920255859935}},
"head": {"optimistic": {"adjusted_arithmetic_mean_rank": 0.11484546862514919,
"adjusted_arithmetic_mean_rank_index": 0.9043165395120083,
"adjusted_geometric_mean_rank_index": 0.9328527120110229,
"adjusted_hits_at_k": 0.8497716977190759,
"adjusted_inverse_harmonic_mean_rank": 0.4175956421169512,
"arithmetic_mean_rank": 5.419925512104283,
"count": 1074.0,
"geometric_mean_rank": 3.316348492305838,
"harmonic_mean_rank": 2.2241446367001174,
"hits_at_1": 0.2756052141527002,
"hits_at_10": 0.8659217877094972,
"hits_at_3": 0.5223463687150838,
"hits_at_5": 0.6713221601489758,
"inverse_arithmetic_mean_rank": 0.18450438069060301,
"inverse_geometric_mean_rank": 0.3015364646749491,
"inverse_harmonic_mean_rank": 0.4496110475457494,
"inverse_median_rank": 0.3333333333333333,
"median_absolute_deviation": 2.965204437011204,
"median_rank": 3.0,
"standard_deviation": 7.610735189507343,
"variance": 57.923290124805376,
"z_arithmetic_mean_rank": 50.68766603681739,
"z_geometric_mean_rank": 32.318679966681344,
"z_hits_at_k": 80.2605187012426,
"z_inverse_harmonic_mean_rank": 107.26127277123783},
"pessimistic": {"adjusted_arithmetic_mean_rank": 0.11484546862514919,
"adjusted_arithmetic_mean_rank_index": 0.9043165395120083,
"adjusted_geometric_mean_rank_index": 0.9328527120110229,
"adjusted_hits_at_k": 0.8497716977190759,
"adjusted_inverse_harmonic_mean_rank": 0.4175956421169512,
"arithmetic_mean_rank": 5.419925512104283,
"count": 1074.0,
"geometric_mean_rank": 3.316348492305838,
"harmonic_mean_rank": 2.2241446367001174,
"hits_at_1": 0.2756052141527002,
"hits_at_10": 0.8659217877094972,
"hits_at_3": 0.5223463687150838,
"hits_at_5": 0.6713221601489758,
"inverse_arithmetic_mean_rank": 0.18450438069060301,
"inverse_geometric_mean_rank": 0.3015364646749491,
"inverse_harmonic_mean_rank": 0.4496110475457494,
"inverse_median_rank": 0.3333333333333333,
"median_absolute_deviation": 2.965204437011204,
"median_rank": 3.0,
"standard_deviation": 7.610735189507343,
"variance": 57.923290124805376,
"z_arithmetic_mean_rank": 50.68766603681739,
"z_geometric_mean_rank": 32.318679966681344,
"z_hits_at_k": 80.2605187012426,
"z_inverse_harmonic_mean_rank": 107.26127277123783},
"realistic": {"adjusted_arithmetic_mean_rank": 0.1148454723882543,
"adjusted_arithmetic_mean_rank_index": 0.9043165356674387,
"adjusted_geometric_mean_rank_index": 0.9328527102601796,
"adjusted_hits_at_k": 0.8497716977190759,
"adjusted_inverse_harmonic_mean_rank": 0.4175956319837584,
"arithmetic_mean_rank": 5.419925689697266,
"count": 1074.0,
"geometric_mean_rank": 3.3163485527038574,
"harmonic_mean_rank": 2.224144684071653,
"hits_at_1": 0.2756052141527002,
"hits_at_10": 0.8659217877094972,
"hits_at_3": 0.5223463687150838,
"hits_at_5": 0.6713221601489758,
"inverse_arithmetic_mean_rank": 0.18450437486171722,
"inverse_geometric_mean_rank": 0.3015364706516266,
"inverse_harmonic_mean_rank": 0.44961103796958923,
"inverse_median_rank": 0.3333333432674408,
"median_absolute_deviation": 2.965204437011204,
"median_rank": 3.0,
"standard_deviation": 7.6107354164123535,
"variance": 57.92329025268555,
"z_arithmetic_mean_rank": 50.687665821326185,
"z_geometric_mean_rank": 32.31867990602338,
"z_hits_at_k": 80.2605187012426,
"z_inverse_harmonic_mean_rank": 107.26127016848278}},
"tail": {"optimistic": {"adjusted_arithmetic_mean_rank": 0.12990446781819937,
"adjusted_arithmetic_mean_rank_index": 0.8885122484775627,
"adjusted_geometric_mean_rank_index": 0.9247618223781918,
"adjusted_hits_at_k": 0.7867287496330312,
"adjusted_inverse_harmonic_mean_rank": 0.3994971692097046,
"arithmetic_mean_rank": 6.267225325884544,
"count": 1074.0,
"geometric_mean_rank": 3.6553956742569635,
"harmonic_mean_rank": 2.3153876625837944,
"hits_at_1": 0.2681564245810056,
"hits_at_10": 0.8091247672253259,
"hits_at_3": 0.4897579143389199,
"hits_at_5": 0.6247672253258846,
"inverse_arithmetic_mean_rank": 0.15956024364878918,
"inverse_geometric_mean_rank": 0.2735681959254031,
"inverse_harmonic_mean_rank": 0.4318931193077521,
"inverse_median_rank": 0.25,
"median_absolute_deviation": 4.447806655516806,
"median_rank": 4.0,
"standard_deviation": 8.241258917152454,
"variance": 67.91834853954482,
"z_arithmetic_mean_rank": 49.84287146558163,
"z_geometric_mean_rank": 32.01648311030931,
"z_hits_at_k": 75.28172742787308,
"z_inverse_harmonic_mean_rank": 103.76573340644845},
"pessimistic": {"adjusted_arithmetic_mean_rank": 0.12990446781819937,
"adjusted_arithmetic_mean_rank_index": 0.8885122484775627,
"adjusted_geometric_mean_rank_index": 0.9247618223781918,
"adjusted_hits_at_k": 0.7867287496330312,
"adjusted_inverse_harmonic_mean_rank": 0.3994971692097046,
"arithmetic_mean_rank": 6.267225325884544,
"count": 1074.0,
"geometric_mean_rank": 3.6553956742569635,
"harmonic_mean_rank": 2.3153876625837944,