{"both": {"optimistic": {"adjusted_arithmetic_mean_rank": 0.1211896527334013,
"adjusted_arithmetic_mean_rank_index": 0.8976208863755262,
"adjusted_geometric_mean_rank_index": 0.9264790165371439,
"adjusted_hits_at_k": 0.8234152717967962,
"adjusted_inverse_harmonic_mean_rank": 0.39309836203519205,
"arithmetic_mean_rank": 5.783054003724395,
"count": 2148.0,
"geometric_mean_rank": 3.5648222672172882,
"harmonic_mean_rank": 2.346591782195356,
"hits_at_1": 0.25093109869646185,
"hits_at_10": 0.8421787709497207,
"hits_at_3": 0.4883612662942272,
"hits_at_5": 0.6401303538175046,
"inverse_arithmetic_mean_rank": 0.1729190146514249,
"inverse_geometric_mean_rank": 0.28051889408236985,
"inverse_harmonic_mean_rank": 0.4261499625062392,
"inverse_median_rank": 0.25,
"median_absolute_deviation": 4.447806655516806,
"median_rank": 4.0,
"standard_deviation": 7.054156796047905,
"variance": 49.76112810322884,
"z_arithmetic_mean_rank": 71.17789188707754,
"z_geometric_mean_rank": 45.36720607078132,
"z_hits_at_k": 110.70189236685086,
"z_inverse_harmonic_mean_rank": 143.58823471136134},
"pessimistic": {"adjusted_arithmetic_mean_rank": 0.1211896527334013,
"adjusted_arithmetic_mean_rank_index": 0.8976208863755262,
"adjusted_geometric_mean_rank_index": 0.9264790165371439,
"adjusted_hits_at_k": 0.8234152717967962,
"adjusted_inverse_harmonic_mean_rank": 0.39309836203519205,
"arithmetic_mean_rank": 5.783054003724395,
"count": 2148.0,
"geometric_mean_rank": 3.5648222672172882,
"harmonic_mean_rank": 2.346591782195356,
"hits_at_1": 0.25093109869646185,
"hits_at_10": 0.8421787709497207,
"hits_at_3": 0.4883612662942272,
"hits_at_5": 0.6401303538175046,
"inverse_arithmetic_mean_rank": 0.1729190146514249,
"inverse_geometric_mean_rank": 0.28051889408236985,
"inverse_harmonic_mean_rank": 0.4261499625062392,
"inverse_median_rank": 0.25,
"median_absolute_deviation": 4.447806655516806,
"median_rank": 4.0,
"standard_deviation": 7.054156796047905,
"variance": 49.76112810322884,
"z_arithmetic_mean_rank": 71.17789188707754,
"z_geometric_mean_rank": 45.36720607078132,
"z_hits_at_k": 110.70189236685086,
"z_inverse_harmonic_mean_rank": 143.58823471136134},
"realistic": {"adjusted_arithmetic_mean_rank": 0.12118965003521395,
"adjusted_arithmetic_mean_rank_index": 0.897620889131467,
"adjusted_geometric_mean_rank_index": 0.9264790117167645,
"adjusted_hits_at_k": 0.8234152717967962,
"adjusted_inverse_harmonic_mean_rank": 0.3930983639667238,
"arithmetic_mean_rank": 5.783053874969482,
"count": 2148.0,
"geometric_mean_rank": 3.5648224353790283,
"harmonic_mean_rank": 2.3465917721386202,
"hits_at_1": 0.25093109869646185,
"hits_at_10": 0.8421787709497207,
"hits_at_3": 0.4883612662942272,
"hits_at_5": 0.6401303538175046,
"inverse_arithmetic_mean_rank": 0.17291902005672455,
"inverse_geometric_mean_rank": 0.28051888942718506,
"inverse_harmonic_mean_rank": 0.42614996433258057,
"inverse_median_rank": 0.25,
"median_absolute_deviation": 4.447806655516806,
"median_rank": 4.0,
"standard_deviation": 7.054157257080078,
"variance": 49.761131286621094,
"z_arithmetic_mean_rank": 71.17789210561307,
"z_geometric_mean_rank": 45.367205834740204,
"z_hits_at_k": 110.70189236685086,
"z_inverse_harmonic_mean_rank": 143.58823541689782}},
"head": {"optimistic": {"adjusted_arithmetic_mean_rank": 0.11316846040780894,
"adjusted_arithmetic_mean_rank_index": 0.9060298519496487,
"adjusted_geometric_mean_rank_index": 0.9300494458820721,
"adjusted_hits_at_k": 0.8612474708099798,
"adjusted_inverse_harmonic_mean_rank": 0.39882982215671325,
"arithmetic_mean_rank": 5.340782122905028,
"count": 1074.0,
"geometric_mean_rank": 3.4130514488331833,
"harmonic_mean_rank": 2.3154751258140576,
"hits_at_1": 0.24953445065176907,
"hits_at_10": 0.8761638733705773,
"hits_at_3": 0.4962756052141527,
"hits_at_5": 0.654562383612663,
"inverse_arithmetic_mean_rank": 0.18723849372384935,
"inverse_geometric_mean_rank": 0.29299294633893347,
"inverse_harmonic_mean_rank": 0.43187680526191247,
"inverse_median_rank": 0.25,
"median_absolute_deviation": 4.447806655516806,
"median_rank": 4.0,
"standard_deviation": 6.544595175998778,
"variance": 42.83172601770648,
"z_arithmetic_mean_rank": 50.78369857062762,
"z_geometric_mean_rank": 32.221560818377974,
"z_hits_at_k": 81.34439982277908,
"z_inverse_harmonic_mean_rank": 102.4411895842411},
"pessimistic": {"adjusted_arithmetic_mean_rank": 0.11316846040780894,
"adjusted_arithmetic_mean_rank_index": 0.9060298519496487,
"adjusted_geometric_mean_rank_index": 0.9300494458820721,
"adjusted_hits_at_k": 0.8612474708099798,
"adjusted_inverse_harmonic_mean_rank": 0.39882982215671325,
"arithmetic_mean_rank": 5.340782122905028,
"count": 1074.0,
"geometric_mean_rank": 3.4130514488331833,
"harmonic_mean_rank": 2.3154751258140576,
"hits_at_1": 0.24953445065176907,
"hits_at_10": 0.8761638733705773,
"hits_at_3": 0.4962756052141527,
"hits_at_5": 0.654562383612663,
"inverse_arithmetic_mean_rank": 0.18723849372384935,
"inverse_geometric_mean_rank": 0.29299294633893347,
"inverse_harmonic_mean_rank": 0.43187680526191247,
"inverse_median_rank": 0.25,
"median_absolute_deviation": 4.447806655516806,
"median_rank": 4.0,
"standard_deviation": 6.544595175998778,
"variance": 42.83172601770648,
"z_arithmetic_mean_rank": 50.78369857062762,
"z_geometric_mean_rank": 32.221560818377974,
"z_hits_at_k": 81.34439982277908,
"z_inverse_harmonic_mean_rank": 102.4411895842411},
"realistic": {"adjusted_arithmetic_mean_rank": 0.11316846131095416,
"adjusted_arithmetic_mean_rank_index": 0.906029851026952,
"adjusted_geometric_mean_rank_index": 0.9300494551712882,
"adjusted_hits_at_k": 0.8612474708099798,
"adjusted_inverse_harmonic_mean_rank": 0.3988298254825481,
"arithmetic_mean_rank": 5.340782165527344,
"count": 1074.0,
"geometric_mean_rank": 3.413051128387451,
"harmonic_mean_rank": 2.315475108963045,
"hits_at_1": 0.24953445065176907,
"hits_at_10": 0.8761638733705773,
"hits_at_3": 0.4962756052141527,
"hits_at_5": 0.654562383612663,
"inverse_arithmetic_mean_rank": 0.18723849952220917,
"inverse_geometric_mean_rank": 0.2929929792881012,
"inverse_harmonic_mean_rank": 0.4318768084049225,
"inverse_median_rank": 0.25,
"median_absolute_deviation": 4.447806655516806,
"median_rank": 4.0,
"standard_deviation": 6.544595241546631,
"variance": 42.83172607421875,
"z_arithmetic_mean_rank": 50.78369851890974,
"z_geometric_mean_rank": 32.221561140202844,
"z_hits_at_k": 81.34439982277908,
"z_inverse_harmonic_mean_rank": 102.44119043849633}},
"tail": {"optimistic": {"adjusted_arithmetic_mean_rank": 0.12903599343819358,
"adjusted_arithmetic_mean_rank_index": 0.8893991052600463,
"adjusted_geometric_mean_rank_index": 0.9228366262435753,
"adjusted_hits_at_k": 0.7856884020702655,
"adjusted_inverse_harmonic_mean_rank": 0.3873730998886977,
"arithmetic_mean_rank": 6.225325884543762,
"count": 1074.0,
"geometric_mean_rank": 3.723341996849378,
"harmonic_mean_rank": 2.3785561569337412,
"hits_at_1": 0.25232774674115455,
"hits_at_10": 0.8081936685288641,
"hits_at_3": 0.48044692737430167,
"hits_at_5": 0.6256983240223464,
"inverse_arithmetic_mean_rank": 0.16063416093329344,
"inverse_geometric_mean_rank": 0.2685759193880608,
"inverse_harmonic_mean_rank": 0.42042311975056584,
"inverse_median_rank": 0.25,
"median_absolute_deviation": 4.447806655516806,
"median_rank": 4.0,
"standard_deviation": 7.503287369921548,
"variance": 56.299321355624215,
"z_arithmetic_mean_rank": 49.89262147037161,
"z_geometric_mean_rank": 31.94983026193645,
"z_hits_at_k": 75.18217702795837,
"z_inverse_harmonic_mean_rank": 100.61661736276376},
"pessimistic": {"adjusted_arithmetic_mean_rank": 0.12903599343819358,
"adjusted_arithmetic_mean_rank_index": 0.8893991052600463,
"adjusted_geometric_mean_rank_index": 0.9228366262435753,
"adjusted_hits_at_k": 0.7856884020702655,
"adjusted_inverse_harmonic_mean_rank": 0.3873730998886977,
"arithmetic_mean_rank": 6.225325884543762,
"count": 1074.0,
"geometric_mean_rank": 3.723341996849378,
"harmonic_mean_rank": 2.3785561569337412,
"hits_at_1": 0.25232774674115455,
"hits_at_10": 0.8081936685288641,