{"both": {"optimistic": {"adjusted_arithmetic_mean_rank": 0.3682128379861561,
"adjusted_arithmetic_mean_rank_index": 0.6453102812585636,
"adjusted_geometric_mean_rank_index": 0.7697176789132196,
"adjusted_hits_at_k": 0.47285030990666,
"adjusted_inverse_harmonic_mean_rank": 0.18828265473325687,
"arithmetic_mean_rank": 17.570763500931097,
"count": 2148.0,
"geometric_mean_rank": 9.033532701153975,
"harmonic_mean_rank": 4.301289316557607,
"hits_at_1": 0.10661080074487896,
"hits_at_10": 0.5288640595903166,
"hits_at_3": 0.24441340782122906,
"hits_at_5": 0.34916201117318435,
"inverse_arithmetic_mean_rank": 0.05691272322611415,
"inverse_geometric_mean_rank": 0.11069866386516279,
"inverse_harmonic_mean_rank": 0.23248842995762872,
"inverse_median_rank": 0.1,
"median_absolute_deviation": 11.860817748044816,
"median_rank": 10.0,
"standard_deviation": 19.696536716766822,
"variance": 387.9535586349435,
"z_arithmetic_mean_rank": 51.17062908207076,
"z_geometric_mean_rank": 37.69102152588206,
"z_hits_at_k": 63.57111157131541,
"z_inverse_harmonic_mean_rank": 68.7745781487046},
"pessimistic": {"adjusted_arithmetic_mean_rank": 0.3682128379861561,
"adjusted_arithmetic_mean_rank_index": 0.6453102812585636,
"adjusted_geometric_mean_rank_index": 0.7697176789132196,
"adjusted_hits_at_k": 0.47285030990666,
"adjusted_inverse_harmonic_mean_rank": 0.18828265473325687,
"arithmetic_mean_rank": 17.570763500931097,
"count": 2148.0,
"geometric_mean_rank": 9.033532701153975,
"harmonic_mean_rank": 4.301289316557607,
"hits_at_1": 0.10661080074487896,
"hits_at_10": 0.5288640595903166,
"hits_at_3": 0.24441340782122906,
"hits_at_5": 0.34916201117318435,
"inverse_arithmetic_mean_rank": 0.05691272322611415,
"inverse_geometric_mean_rank": 0.11069866386516279,
"inverse_harmonic_mean_rank": 0.23248842995762872,
"inverse_median_rank": 0.1,
"median_absolute_deviation": 11.860817748044816,
"median_rank": 10.0,
"standard_deviation": 19.696536716766822,
"variance": 387.9535586349435,
"z_arithmetic_mean_rank": 51.17062908207076,
"z_geometric_mean_rank": 37.69102152588206,
"z_hits_at_k": 63.57111157131541,
"z_inverse_harmonic_mean_rank": 68.7745781487046},
"realistic": {"adjusted_arithmetic_mean_rank": 0.3682128198245641,
"adjusted_arithmetic_mean_rank_index": 0.6453102998088962,
"adjusted_geometric_mean_rank_index": 0.7697176402487125,
"adjusted_hits_at_k": 0.47285030990666,
"adjusted_inverse_harmonic_mean_rank": 0.18828264799453184,
"arithmetic_mean_rank": 17.570762634277344,
"count": 2148.0,
"geometric_mean_rank": 9.033534049987793,
"harmonic_mean_rank": 4.3012894344416885,
"hits_at_1": 0.10661080074487896,
"hits_at_10": 0.5288640595903166,
"hits_at_3": 0.24441340782122906,
"hits_at_5": 0.34916201117318435,
"inverse_arithmetic_mean_rank": 0.056912727653980255,
"inverse_geometric_mean_rank": 0.1106986477971077,
"inverse_harmonic_mean_rank": 0.23248842358589175,
"inverse_median_rank": 0.10000000149011612,
"median_absolute_deviation": 11.860817748044816,
"median_rank": 10.0,
"standard_deviation": 19.696535110473633,
"variance": 387.9535217285156,
"z_arithmetic_mean_rank": 51.17063055304096,
"z_geometric_mean_rank": 37.69101963258428,
"z_hits_at_k": 63.57111157131541,
"z_inverse_harmonic_mean_rank": 68.77457568723001}},
"head": {"optimistic": {"adjusted_arithmetic_mean_rank": 0.34686448787128465,
"adjusted_arithmetic_mean_rank_index": 0.6672747246102214,
"adjusted_geometric_mean_rank_index": 0.7928980586673493,
"adjusted_hits_at_k": 0.5117580175869968,
"adjusted_inverse_harmonic_mean_rank": 0.21380857906087614,
"arithmetic_mean_rank": 16.369646182495345,
"count": 1074.0,
"geometric_mean_rank": 8.144298510436457,
"harmonic_mean_rank": 3.8906511857142068,
"hits_at_1": 0.12569832402234637,
"hits_at_10": 0.5642458100558659,
"hits_at_3": 0.2774674115456238,
"hits_at_5": 0.3845437616387337,
"inverse_arithmetic_mean_rank": 0.061088675274444004,
"inverse_geometric_mean_rank": 0.1227852833142789,
"inverse_harmonic_mean_rank": 0.25702638254280563,
"inverse_median_rank": 0.125,
"median_absolute_deviation": 8.895613311033612,
"median_rank": 8.0,
"standard_deviation": 18.88646492148525,
"variance": 356.69855723049284,
"z_arithmetic_mean_rank": 37.40128253554194,
"z_geometric_mean_rank": 27.469951337795102,
"z_hits_at_k": 48.33529293962264,
"z_inverse_harmonic_mean_rank": 54.91767156194775},
"pessimistic": {"adjusted_arithmetic_mean_rank": 0.34686448787128465,
"adjusted_arithmetic_mean_rank_index": 0.6672747246102214,
"adjusted_geometric_mean_rank_index": 0.7928980586673493,
"adjusted_hits_at_k": 0.5117580175869968,
"adjusted_inverse_harmonic_mean_rank": 0.21380857906087614,
"arithmetic_mean_rank": 16.369646182495345,
"count": 1074.0,
"geometric_mean_rank": 8.144298510436457,
"harmonic_mean_rank": 3.8906511857142068,
"hits_at_1": 0.12569832402234637,
"hits_at_10": 0.5642458100558659,
"hits_at_3": 0.2774674115456238,
"hits_at_5": 0.3845437616387337,
"inverse_arithmetic_mean_rank": 0.061088675274444004,
"inverse_geometric_mean_rank": 0.1227852833142789,
"inverse_harmonic_mean_rank": 0.25702638254280563,
"inverse_median_rank": 0.125,
"median_absolute_deviation": 8.895613311033612,
"median_rank": 8.0,
"standard_deviation": 18.88646492148525,
"variance": 356.69855723049284,
"z_arithmetic_mean_rank": 37.40128253554194,
"z_geometric_mean_rank": 27.469951337795102,
"z_hits_at_k": 48.33529293962264,
"z_inverse_harmonic_mean_rank": 54.91767156194775},
"realistic": {"adjusted_arithmetic_mean_rank": 0.3468644855381595,
"adjusted_arithmetic_mean_rank_index": 0.6672747269938546,
"adjusted_geometric_mean_rank_index": 0.7928981127109951,
"adjusted_hits_at_k": 0.5117580175869968,
"adjusted_inverse_harmonic_mean_rank": 0.21380857038098472,
"arithmetic_mean_rank": 16.369646072387695,
"count": 1074.0,
"geometric_mean_rank": 8.144296646118164,
"harmonic_mean_rank": 3.890651309880578,
"hits_at_1": 0.12569832402234637,
"hits_at_10": 0.5642458100558659,
"hits_at_3": 0.2774674115456238,
"hits_at_5": 0.3845437616387337,
"inverse_arithmetic_mean_rank": 0.061088677495718,
"inverse_geometric_mean_rank": 0.12278531491756439,
"inverse_harmonic_mean_rank": 0.2570263743400574,
"inverse_median_rank": 0.125,
"median_absolute_deviation": 8.895613311033612,
"median_rank": 8.0,
"standard_deviation": 18.886465072631836,
"variance": 356.6985778808594,
"z_arithmetic_mean_rank": 37.40128266914648,
"z_geometric_mean_rank": 27.469953210137078,
"z_hits_at_k": 48.33529293962264,
"z_inverse_harmonic_mean_rank": 54.91766933247957}},
"tail": {"optimistic": {"adjusted_arithmetic_mean_rank": 0.3890958216732606,
"adjusted_arithmetic_mean_rank_index": 0.6238347687274592,
"adjusted_geometric_mean_rank_index": 0.744430680951988,
"adjusted_hits_at_k": 0.43405092585545824,
"adjusted_inverse_harmonic_mean_rank": 0.16278433402463968,
"arithmetic_mean_rank": 18.771880819366853,
"count": 1074.0,
"geometric_mean_rank": 10.019857813198572,
"harmonic_mean_rank": 4.808837241613734,
"hits_at_1": 0.08752327746741155,
"hits_at_10": 0.4934823091247672,
"hits_at_3": 0.21135940409683426,
"hits_at_5": 0.313780260707635,
"inverse_arithmetic_mean_rank": 0.05327116710480631,
"inverse_geometric_mean_rank": 0.09980181541925262,
"inverse_harmonic_mean_rank": 0.20795047737245173,
"inverse_median_rank": 0.09090909090909091,
"median_absolute_deviation": 11.860817748044816,
"median_rank": 11.0,
"standard_deviation": 20.40399947103757,
"variance": 416.32319441410135,
"z_arithmetic_mean_rank": 34.99525892492949,
"z_geometric_mean_rank": 25.773179370880406,
"z_hits_at_k": 41.53414185678138,
"z_inverse_harmonic_mean_rank": 42.28174092087332},
"pessimistic": {"adjusted_arithmetic_mean_rank": 0.3890958216732606,
"adjusted_arithmetic_mean_rank_index": 0.6238347687274592,
"adjusted_geometric_mean_rank_index": 0.744430680951988,
"adjusted_hits_at_k": 0.43405092585545824,
"adjusted_inverse_harmonic_mean_rank": 0.16278433402463968,
"arithmetic_mean_rank": 18.771880819366853,
"count": 1074.0,
"geometric_mean_rank": 10.019857813198572,
"harmonic_mean_rank": 4.808837241613734,