{"both": {"optimistic": {"adjusted_arithmetic_mean_rank": 0.412115062853352,
"adjusted_arithmetic_mean_rank_index": 0.6004683490695298,
"adjusted_geometric_mean_rank_index": 0.720682598538958,
"adjusted_hits_at_k": 0.3832556985469223,
"adjusted_inverse_harmonic_mean_rank": 0.15264181082246245,
"arithmetic_mean_rank": 19.665735567970206,
"count": 2148.0,
"geometric_mean_rank": 10.744149998353686,
"harmonic_mean_rank": 5.0304702885340165,
"hits_at_1": 0.08379888268156424,
"hits_at_10": 0.44878957169459965,
"hits_at_3": 0.19972067039106145,
"hits_at_5": 0.30027932960893855,
"inverse_arithmetic_mean_rank": 0.05084986506320723,
"inverse_geometric_mean_rank": 0.0930739053487925,
"inverse_harmonic_mean_rank": 0.1987885709770131,
"inverse_median_rank": 0.08,
"median_absolute_deviation": 14.084721075803218,
"median_rank": 12.5,
"standard_deviation": 20.117832567525557,
"variance": 404.72718721499194,
"z_arithmetic_mean_rank": 47.61483592952215,
"z_geometric_mean_rank": 35.28990444030447,
"z_hits_at_k": 51.52580058048021,
"z_inverse_harmonic_mean_rank": 55.75593865532511},
"pessimistic": {"adjusted_arithmetic_mean_rank": 0.4121248189033225,
"adjusted_arithmetic_mean_rank_index": 0.6004583841957101,
"adjusted_geometric_mean_rank_index": 0.7206739059931236,
"adjusted_hits_at_k": 0.3832556985469223,
"adjusted_inverse_harmonic_mean_rank": 0.15264000066350306,
"arithmetic_mean_rank": 19.666201117318437,
"count": 2148.0,
"geometric_mean_rank": 10.74445324287062,
"harmonic_mean_rank": 5.030513601481094,
"hits_at_1": 0.08379888268156424,
"hits_at_10": 0.44878957169459965,
"hits_at_3": 0.19972067039106145,
"hits_at_5": 0.30027932960893855,
"inverse_arithmetic_mean_rank": 0.05084866131666785,
"inverse_geometric_mean_rank": 0.09307127849093118,
"inverse_harmonic_mean_rank": 0.198786859398527,
"inverse_median_rank": 0.08,
"median_absolute_deviation": 14.084721075803218,
"median_rank": 12.5,
"standard_deviation": 20.11775930331196,
"variance": 404.72423938599496,
"z_arithmetic_mean_rank": 47.61404575326603,
"z_geometric_mean_rank": 35.2894787895222,
"z_hits_at_k": 51.52580058048021,
"z_inverse_harmonic_mean_rank": 55.75527745305456},
"realistic": {"adjusted_arithmetic_mean_rank": 0.41211993246743595,
"adjusted_arithmetic_mean_rank_index": 0.6004633752235528,
"adjusted_geometric_mean_rank_index": 0.7206781652280689,
"adjusted_hits_at_k": 0.3832556985469223,
"adjusted_inverse_harmonic_mean_rank": 0.15264087826791686,
"arithmetic_mean_rank": 19.66596794128418,
"count": 2148.0,
"geometric_mean_rank": 10.744304656982422,
"harmonic_mean_rank": 5.030492602329643,
"hits_at_1": 0.08379888268156424,
"hits_at_10": 0.44878957169459965,
"hits_at_3": 0.19972067039106145,
"hits_at_5": 0.30027932960893855,
"inverse_arithmetic_mean_rank": 0.05084926262497902,
"inverse_geometric_mean_rank": 0.0930725634098053,
"inverse_harmonic_mean_rank": 0.19878768920898438,
"inverse_median_rank": 0.07999999821186066,
"median_absolute_deviation": 14.084721075803218,
"median_rank": 12.5,
"standard_deviation": 20.1177921295166,
"variance": 404.7255859375,
"z_arithmetic_mean_rank": 47.6144415226221,
"z_geometric_mean_rank": 35.289687352896024,
"z_hits_at_k": 51.52580058048021,
"z_inverse_harmonic_mean_rank": 55.75559801828892}},
"head": {"optimistic": {"adjusted_arithmetic_mean_rank": 0.39141371792721785,
"adjusted_arithmetic_mean_rank_index": 0.6217610836197252,
"adjusted_geometric_mean_rank_index": 0.7472160063274355,
"adjusted_hits_at_k": 0.42516809335563077,
"adjusted_inverse_harmonic_mean_rank": 0.1763142203869978,
"arithmetic_mean_rank": 18.472067039106147,
"count": 1074.0,
"geometric_mean_rank": 9.72017083874801,
"harmonic_mean_rank": 4.512775286687312,
"hits_at_1": 0.10242085661080075,
"hits_at_10": 0.48696461824953446,
"hits_at_3": 0.2309124767225326,
"hits_at_5": 0.33519553072625696,
"inverse_arithmetic_mean_rank": 0.05413579313473461,
"inverse_geometric_mean_rank": 0.10287885023724576,
"inverse_harmonic_mean_rank": 0.22159312983077184,
"inverse_median_rank": 0.09090909090909091,
"median_absolute_deviation": 13.343419966550417,
"median_rank": 11.0,
"standard_deviation": 19.617279987956014,
"variance": 384.83767412585956,
"z_arithmetic_mean_rank": 34.85020651973581,
"z_geometric_mean_rank": 25.887296744218258,
"z_hits_at_k": 40.15691720439283,
"z_inverse_harmonic_mean_rank": 45.28708103970475},
"pessimistic": {"adjusted_arithmetic_mean_rank": 0.39141371792721785,
"adjusted_arithmetic_mean_rank_index": 0.6217610836197252,
"adjusted_geometric_mean_rank_index": 0.7472160063274355,
"adjusted_hits_at_k": 0.42516809335563077,
"adjusted_inverse_harmonic_mean_rank": 0.1763142203869978,
"arithmetic_mean_rank": 18.472067039106147,
"count": 1074.0,
"geometric_mean_rank": 9.72017083874801,
"harmonic_mean_rank": 4.512775286687312,
"hits_at_1": 0.10242085661080075,
"hits_at_10": 0.48696461824953446,
"hits_at_3": 0.2309124767225326,
"hits_at_5": 0.33519553072625696,
"inverse_arithmetic_mean_rank": 0.05413579313473461,
"inverse_geometric_mean_rank": 0.10287885023724576,
"inverse_harmonic_mean_rank": 0.22159312983077184,
"inverse_median_rank": 0.09090909090909091,
"median_absolute_deviation": 13.343419966550417,
"median_rank": 11.0,
"standard_deviation": 19.617279987956014,
"variance": 384.83767412585956,
"z_arithmetic_mean_rank": 34.85020651973581,
"z_geometric_mean_rank": 25.887296744218258,
"z_hits_at_k": 40.15691720439283,
"z_inverse_harmonic_mean_rank": 45.28708103970475},
"realistic": {"adjusted_arithmetic_mean_rank": 0.39141371454042323,
"adjusted_arithmetic_mean_rank_index": 0.6217610870798378,
"adjusted_geometric_mean_rank_index": 0.7472160300310039,
"adjusted_hits_at_k": 0.42516809335563077,
"adjusted_inverse_harmonic_mean_rank": 0.17631423279404085,
"arithmetic_mean_rank": 18.47206687927246,
"count": 1074.0,
"geometric_mean_rank": 9.720170021057129,
"harmonic_mean_rank": 4.512775047905757,
"hits_at_1": 0.10242085661080075,
"hits_at_10": 0.48696461824953446,
"hits_at_3": 0.2309124767225326,
"hits_at_5": 0.33519553072625696,
"inverse_arithmetic_mean_rank": 0.05413579195737839,
"inverse_geometric_mean_rank": 0.1028788611292839,
"inverse_harmonic_mean_rank": 0.22159314155578613,
"inverse_median_rank": 0.09090909361839294,
"median_absolute_deviation": 13.343419966550417,
"median_rank": 11.0,
"standard_deviation": 19.617280960083008,
"variance": 384.8376770019531,
"z_arithmetic_mean_rank": 34.8502067136779,
"z_geometric_mean_rank": 25.88729756542833,
"z_hits_at_k": 40.15691720439283,
"z_inverse_harmonic_mean_rank": 45.287084226508185}},
"tail": {"optimistic": {"adjusted_arithmetic_mean_rank": 0.4323651452282158,
"adjusted_arithmetic_mean_rank_index": 0.5796495930312766,
"adjusted_geometric_mean_rank_index": 0.6918385807728338,
"adjusted_hits_at_k": 0.34145999276931077,
"adjusted_inverse_harmonic_mean_rank": 0.12899500049445609,
"arithmetic_mean_rank": 20.859404096834265,
"count": 1074.0,
"geometric_mean_rank": 11.876001060285084,
"harmonic_mean_rank": 5.682334366258379,
"hits_at_1": 0.06517690875232775,
"hits_at_10": 0.4106145251396648,
"hits_at_3": 0.1685288640595903,
"hits_at_5": 0.26536312849162014,
"inverse_arithmetic_mean_rank": 0.047940008034638215,
"inverse_geometric_mean_rank": 0.08420342798251611,
"inverse_harmonic_mean_rank": 0.17598401212325446,
"inverse_median_rank": 0.07142857142857142,
"median_absolute_deviation": 14.82602218505602,
"median_rank": 14.0,
"standard_deviation": 20.53696694233409,
"variance": 421.7670111905232,
"z_arithmetic_mean_rank": 32.5166031307268,
"z_geometric_mean_rank": 23.952370978519056,
"z_hits_at_k": 32.67415626437087,
"z_inverse_harmonic_mean_rank": 33.505270784650314},
"pessimistic": {"adjusted_arithmetic_mean_rank": 0.4323844446588826,
"adjusted_arithmetic_mean_rank_index": 0.579629885102777,
"adjusted_geometric_mean_rank_index": 0.691819585905241,
"adjusted_hits_at_k": 0.34145999276931077,
"adjusted_inverse_harmonic_mean_rank": 0.1289913821340349,
"arithmetic_mean_rank": 20.860335195530727,
"count": 1074.0,
"geometric_mean_rank": 11.876671449851042,