{"both": {"optimistic": {"adjusted_arithmetic_mean_rank": 0.3752762181647894,
"adjusted_arithmetic_mean_rank_index": 0.6380957126130391,
"adjusted_geometric_mean_rank_index": 0.7620829795820665,
"adjusted_hits_at_k": 0.44263817351791124,
"adjusted_inverse_harmonic_mean_rank": 0.1860845712003925,
"arithmetic_mean_rank": 17.907821229050278,
"count": 2148.0,
"geometric_mean_rank": 9.299873627590893,
"harmonic_mean_rank": 4.340088405585282,
"hits_at_1": 0.10614525139664804,
"hits_at_10": 0.5018621973929237,
"hits_at_3": 0.24906890130353818,
"hits_at_5": 0.340316573556797,
"inverse_arithmetic_mean_rank": 0.05584152238340353,
"inverse_geometric_mean_rank": 0.10752834286190696,
"inverse_harmonic_mean_rank": 0.23041005310239643,
"inverse_median_rank": 0.1,
"median_absolute_deviation": 11.860817748044816,
"median_rank": 10.0,
"standard_deviation": 19.369408829871208,
"variance": 375.17399841869275,
"z_arithmetic_mean_rank": 50.598541472638495,
"z_geometric_mean_rank": 37.31717066508278,
"z_hits_at_k": 59.50932065580123,
"z_inverse_harmonic_mean_rank": 67.97167748893577},
"pessimistic": {"adjusted_arithmetic_mean_rank": 0.3752859742147599,
"adjusted_arithmetic_mean_rank_index": 0.6380857477392192,
"adjusted_geometric_mean_rank_index": 0.7620699032680525,
"adjusted_hits_at_k": 0.44263817351791124,
"adjusted_inverse_harmonic_mean_rank": 0.18607910049775955,
"arithmetic_mean_rank": 17.90828677839851,
"count": 2148.0,
"geometric_mean_rank": 9.300329802410337,
"harmonic_mean_rank": 4.340185843978928,
"hits_at_1": 0.10614525139664804,
"hits_at_10": 0.5018621973929237,
"hits_at_3": 0.24906890130353818,
"hits_at_5": 0.340316573556797,
"inverse_arithmetic_mean_rank": 0.05584007070995919,
"inverse_geometric_mean_rank": 0.10752306867019201,
"inverse_harmonic_mean_rank": 0.23040488033186055,
"inverse_median_rank": 0.1,
"median_absolute_deviation": 11.860817748044816,
"median_rank": 10.0,
"standard_deviation": 19.36920673880503,
"variance": 375.16616969057014,
"z_arithmetic_mean_rank": 50.59775129638237,
"z_geometric_mean_rank": 37.31653035286638,
"z_hits_at_k": 59.50932065580123,
"z_inverse_harmonic_mean_rank": 67.96967918874029},
"realistic": {"adjusted_arithmetic_mean_rank": 0.3752811034841846,
"adjusted_arithmetic_mean_rank_index": 0.6380907227255856,
"adjusted_geometric_mean_rank_index": 0.7620762625278843,
"adjusted_hits_at_k": 0.44263817351791124,
"adjusted_inverse_harmonic_mean_rank": 0.18608168852214568,
"arithmetic_mean_rank": 17.90805435180664,
"count": 2148.0,
"geometric_mean_rank": 9.300107955932617,
"harmonic_mean_rank": 4.340139748268927,
"hits_at_1": 0.10614525139664804,
"hits_at_10": 0.5018621973929237,
"hits_at_3": 0.24906890130353818,
"hits_at_5": 0.340316573556797,
"inverse_arithmetic_mean_rank": 0.05584079399704933,
"inverse_geometric_mean_rank": 0.10752563178539276,
"inverse_harmonic_mean_rank": 0.230407327413559,
"inverse_median_rank": 0.10000000149011612,
"median_absolute_deviation": 11.860817748044816,
"median_rank": 10.0,
"standard_deviation": 19.369304656982422,
"variance": 375.16998291015625,
"z_arithmetic_mean_rank": 50.59814579371093,
"z_geometric_mean_rank": 37.316841748857115,
"z_hits_at_k": 59.50932065580123,
"z_inverse_harmonic_mean_rank": 67.97062452428193}},
"head": {"optimistic": {"adjusted_arithmetic_mean_rank": 0.4041195213621252,
"adjusted_arithmetic_mean_rank_index": 0.6087802223274845,
"adjusted_geometric_mean_rank_index": 0.7384929836490006,
"adjusted_hits_at_k": 0.42308158915728467,
"adjusted_inverse_harmonic_mean_rank": 0.1701411300586756,
"arithmetic_mean_rank": 19.07169459962756,
"count": 1074.0,
"geometric_mean_rank": 10.021084859770852,
"harmonic_mean_rank": 4.634792680555299,
"hits_at_1": 0.09404096834264432,
"hits_at_10": 0.4851024208566108,
"hits_at_3": 0.22998137802607077,
"hits_at_5": 0.30819366852886404,
"inverse_arithmetic_mean_rank": 0.05243372552848704,
"inverse_geometric_mean_rank": 0.09978959503820294,
"inverse_harmonic_mean_rank": 0.21575938103884917,
"inverse_median_rank": 0.09090909090909091,
"median_absolute_deviation": 13.343419966550417,
"median_rank": 11.0,
"standard_deviation": 20.119602333531116,
"variance": 404.7983980594308,
"z_arithmetic_mean_rank": 34.122618851808824,
"z_geometric_mean_rank": 25.585087644478723,
"z_hits_at_k": 39.95984790956802,
"z_inverse_harmonic_mean_rank": 43.70149570602872},
"pessimistic": {"adjusted_arithmetic_mean_rank": 0.4041195213621252,
"adjusted_arithmetic_mean_rank_index": 0.6087802223274845,
"adjusted_geometric_mean_rank_index": 0.7384929836490006,
"adjusted_hits_at_k": 0.42308158915728467,
"adjusted_inverse_harmonic_mean_rank": 0.1701411300586756,
"arithmetic_mean_rank": 19.07169459962756,
"count": 1074.0,
"geometric_mean_rank": 10.021084859770852,
"harmonic_mean_rank": 4.634792680555299,
"hits_at_1": 0.09404096834264432,
"hits_at_10": 0.4851024208566108,
"hits_at_3": 0.22998137802607077,
"hits_at_5": 0.30819366852886404,
"inverse_arithmetic_mean_rank": 0.05243372552848704,
"inverse_geometric_mean_rank": 0.09978959503820294,
"inverse_harmonic_mean_rank": 0.21575938103884917,
"inverse_median_rank": 0.09090909090909091,
"median_absolute_deviation": 13.343419966550417,
"median_rank": 11.0,
"standard_deviation": 20.119602333531116,
"variance": 404.7983980594308,
"z_arithmetic_mean_rank": 34.122618851808824,
"z_geometric_mean_rank": 25.585087644478723,
"z_hits_at_k": 39.95984790956802,
"z_inverse_harmonic_mean_rank": 43.70149570602872},
"realistic": {"adjusted_arithmetic_mean_rank": 0.4041195367908561,
"adjusted_arithmetic_mean_rank_index": 0.6087802065647493,
"adjusted_geometric_mean_rank_index": 0.7384929858031137,
"adjusted_hits_at_k": 0.42308158915728467,
"adjusted_inverse_harmonic_mean_rank": 0.17014114647530615,
"arithmetic_mean_rank": 19.07169532775879,
"count": 1074.0,
"geometric_mean_rank": 10.021084785461426,
"harmonic_mean_rank": 4.634792347290296,
"hits_at_1": 0.09404096834264432,
"hits_at_10": 0.4851024208566108,
"hits_at_3": 0.22998137802607077,
"hits_at_5": 0.30819366852886404,
"inverse_arithmetic_mean_rank": 0.05243372172117233,
"inverse_geometric_mean_rank": 0.09978959709405899,
"inverse_harmonic_mean_rank": 0.21575939655303955,
"inverse_median_rank": 0.09090909361839294,
"median_absolute_deviation": 13.343419966550417,
"median_rank": 11.0,
"standard_deviation": 20.119604110717773,
"variance": 404.7984313964844,
"z_arithmetic_mean_rank": 34.1226179682949,
"z_geometric_mean_rank": 25.58508771910796,
"z_hits_at_k": 39.95984790956802,
"z_inverse_harmonic_mean_rank": 43.7014999227123}},
"tail": {"optimistic": {"adjusted_arithmetic_mean_rank": 0.34706166168098046,
"adjusted_arithmetic_mean_rank_index": 0.6667586369996651,
"adjusted_geometric_mean_rank_index": 0.7837949350204038,
"adjusted_hits_at_k": 0.46214031005013223,
"adjusted_inverse_harmonic_mean_rank": 0.202010771177041,
"arithmetic_mean_rank": 16.743947858473,
"count": 1074.0,
"geometric_mean_rank": 8.630567518329372,
"harmonic_mean_rank": 4.080621239175909,
"hits_at_1": 0.11824953445065177,
"hits_at_10": 0.5186219739292365,
"hits_at_3": 0.2681564245810056,
"hits_at_5": 0.37243947858473,
"inverse_arithmetic_mean_rank": 0.0597230717900239,
"inverse_geometric_mean_rank": 0.11586723559907577,
"inverse_harmonic_mean_rank": 0.24506072516594368,
"inverse_median_rank": 0.1,
"median_absolute_deviation": 11.860817748044816,
"median_rank": 10.0,
"standard_deviation": 18.515949782079147,
"variance": 342.8403963324768,
"z_arithmetic_mean_rank": 37.40315915676422,
"z_geometric_mean_rank": 27.136022153782335,
"z_hits_at_k": 44.22200265447895,
"z_inverse_harmonic_mean_rank": 52.47044896126562},
"pessimistic": {"adjusted_arithmetic_mean_rank": 0.34708096111164716,
"adjusted_arithmetic_mean_rank_index": 0.6667389290711655,
"adjusted_geometric_mean_rank_index": 0.7837709443001044,
"adjusted_hits_at_k": 0.46214031005013223,
"adjusted_inverse_harmonic_mean_rank": 0.2019998356877681,
"arithmetic_mean_rank": 16.74487895716946,
"count": 1074.0,
"geometric_mean_rank": 8.631414227499091,
"harmonic_mean_rank": 4.080793514912404,