{"MRR": 0.2663101255893707,
"evaluation_time": "days: 0.0, hours: 0.0, minutes: 0.0, seconds: 0.14427685737609863",
"hit_at_1": 0.13454376163873372,
"hit_at_10": 0.39432029795158285,
"hit_at_3": 0.2946927374301676,
"hit_at_5": 0.39432029795158285,
"training_time": "days: 0.0, hours: 0.0, minutes: 8.0, seconds: 3.570089817047119"}