{"both": {"optimistic": {"adjusted_arithmetic_mean_rank": 0.23554031443749054,
"adjusted_arithmetic_mean_rank_index": 0.7808226003338232,
"adjusted_geometric_mean_rank_index": 0.8289614998679308,
"adjusted_hits_at_k": 0.6207855984308779,
"adjusted_inverse_harmonic_mean_rank": 0.16845539578980417,
"arithmetic_mean_rank": 11.23975791433892,
"count": 2148.0,
"geometric_mean_rank": 6.966777551497353,
"harmonic_mean_rank": 4.678560551114551,
"hits_at_1": 0.0148975791433892,
"hits_at_10": 0.6610800744878957,
"hits_at_3": 0.28538175046554937,
"hits_at_5": 0.4371508379888268,
"inverse_arithmetic_mean_rank": 0.08896988775214347,
"inverse_geometric_mean_rank": 0.1435383852302091,
"inverse_harmonic_mean_rank": 0.21374095495285933,
"inverse_median_rank": 0.16666666666666666,
"median_absolute_deviation": 5.930408874022408,
"median_rank": 6.0,
"standard_deviation": 12.91447884410227,
"variance": 166.78376381476508,
"z_arithmetic_mean_rank": 61.91623598907262,
"z_geometric_mean_rank": 40.592033406020086,
"z_hits_at_k": 83.45988088176425,
"z_inverse_harmonic_mean_rank": 61.53221494954035},
"pessimistic": {"adjusted_arithmetic_mean_rank": 0.23554031443749054,
"adjusted_arithmetic_mean_rank_index": 0.7808226003338232,
"adjusted_geometric_mean_rank_index": 0.8289614998679308,
"adjusted_hits_at_k": 0.6207855984308779,
"adjusted_inverse_harmonic_mean_rank": 0.16845539578980417,
"arithmetic_mean_rank": 11.23975791433892,
"count": 2148.0,
"geometric_mean_rank": 6.966777551497353,
"harmonic_mean_rank": 4.678560551114551,
"hits_at_1": 0.0148975791433892,
"hits_at_10": 0.6610800744878957,
"hits_at_3": 0.28538175046554937,
"hits_at_5": 0.4371508379888268,
"inverse_arithmetic_mean_rank": 0.08896988775214347,
"inverse_geometric_mean_rank": 0.1435383852302091,
"inverse_harmonic_mean_rank": 0.21374095495285933,
"inverse_median_rank": 0.16666666666666666,
"median_absolute_deviation": 5.930408874022408,
"median_rank": 6.0,
"standard_deviation": 12.91447884410227,
"variance": 166.78376381476508,
"z_arithmetic_mean_rank": 61.91623598907262,
"z_geometric_mean_rank": 40.592033406020086,
"z_hits_at_k": 83.45988088176425,
"z_inverse_harmonic_mean_rank": 61.53221494954035},
"realistic": {"adjusted_arithmetic_mean_rank": 0.2355403065476186,
"adjusted_arithmetic_mean_rank_index": 0.7808226083925743,
"adjusted_geometric_mean_rank_index": 0.8289614927011786,
"adjusted_hits_at_k": 0.6207855984308779,
"adjusted_inverse_harmonic_mean_rank": 0.16845540087754812,
"arithmetic_mean_rank": 11.239757537841797,
"count": 2148.0,
"geometric_mean_rank": 6.966777801513672,
"harmonic_mean_rank": 4.678560445814193,
"hits_at_1": 0.0148975791433892,
"hits_at_10": 0.6610800744878957,
"hits_at_3": 0.28538175046554937,
"hits_at_5": 0.4371508379888268,
"inverse_arithmetic_mean_rank": 0.0889698937535286,
"inverse_geometric_mean_rank": 0.14353838562965393,
"inverse_harmonic_mean_rank": 0.21374095976352694,
"inverse_median_rank": 0.1666666716337204,
"median_absolute_deviation": 5.930408874022408,
"median_rank": 6.0,
"standard_deviation": 12.914478302001953,
"variance": 166.78375244140625,
"z_arithmetic_mean_rank": 61.91623662810066,
"z_geometric_mean_rank": 40.59203305508335,
"z_hits_at_k": 83.45988088176425,
"z_inverse_harmonic_mean_rank": 61.53221680795606}},
"head": {"optimistic": {"adjusted_arithmetic_mean_rank": 0.21597892888498685,
"adjusted_arithmetic_mean_rank_index": 0.8009937212138314,
"adjusted_geometric_mean_rank_index": 0.8457067200386615,
"adjusted_hits_at_k": 0.6494672946778438,
"adjusted_inverse_harmonic_mean_rank": 0.18679132665900855,
"arithmetic_mean_rank": 10.192737430167599,
"count": 1074.0,
"geometric_mean_rank": 6.3225828937430615,
"harmonic_mean_rank": 4.319760824455775,
"hits_at_1": 0.01675977653631285,
"hits_at_10": 0.6871508379888268,
"hits_at_3": 0.33147113594040967,
"hits_at_5": 0.49441340782122906,
"inverse_arithmetic_mean_rank": 0.09810907097835023,
"inverse_geometric_mean_rank": 0.1581632090564787,
"inverse_harmonic_mean_rank": 0.23149429809600278,
"inverse_median_rank": 0.16666666666666666,
"median_absolute_deviation": 5.930408874022408,
"median_rank": 6.0,
"standard_deviation": 11.89569439000694,
"variance": 141.50754502044256,
"z_arithmetic_mean_rank": 44.89633935080225,
"z_geometric_mean_rank": 29.299507284144887,
"z_hits_at_k": 61.3418663980604,
"z_inverse_harmonic_mean_rank": 47.978171751280385},
"pessimistic": {"adjusted_arithmetic_mean_rank": 0.21597892888498685,
"adjusted_arithmetic_mean_rank_index": 0.8009937212138314,
"adjusted_geometric_mean_rank_index": 0.8457067200386615,
"adjusted_hits_at_k": 0.6494672946778438,
"adjusted_inverse_harmonic_mean_rank": 0.18679132665900855,
"arithmetic_mean_rank": 10.192737430167599,
"count": 1074.0,
"geometric_mean_rank": 6.3225828937430615,
"harmonic_mean_rank": 4.319760824455775,
"hits_at_1": 0.01675977653631285,
"hits_at_10": 0.6871508379888268,
"hits_at_3": 0.33147113594040967,
"hits_at_5": 0.49441340782122906,
"inverse_arithmetic_mean_rank": 0.09810907097835023,
"inverse_geometric_mean_rank": 0.1581632090564787,
"inverse_harmonic_mean_rank": 0.23149429809600278,
"inverse_median_rank": 0.16666666666666666,
"median_absolute_deviation": 5.930408874022408,
"median_rank": 6.0,
"standard_deviation": 11.89569439000694,
"variance": 141.50754502044256,
"z_arithmetic_mean_rank": 44.89633935080225,
"z_geometric_mean_rank": 29.299507284144887,
"z_hits_at_k": 61.3418663980604,
"z_inverse_harmonic_mean_rank": 47.978171751280385},
"realistic": {"adjusted_arithmetic_mean_rank": 0.2159789320459951,
"adjusted_arithmetic_mean_rank_index": 0.800993717984393,
"adjusted_geometric_mean_rank_index": 0.8457067250256226,
"adjusted_hits_at_k": 0.6494672946778438,
"adjusted_inverse_harmonic_mean_rank": 0.18679132086113442,
"arithmetic_mean_rank": 10.192737579345703,
"count": 1074.0,
"geometric_mean_rank": 6.322582721710205,
"harmonic_mean_rank": 4.319760926698705,
"hits_at_1": 0.01675977653631285,
"hits_at_10": 0.6871508379888268,
"hits_at_3": 0.33147113594040967,
"hits_at_5": 0.49441340782122906,
"inverse_arithmetic_mean_rank": 0.09810906648635864,
"inverse_geometric_mean_rank": 0.15816321969032288,
"inverse_harmonic_mean_rank": 0.23149429261684418,
"inverse_median_rank": 0.1666666716337204,
"median_absolute_deviation": 5.930408874022408,
"median_rank": 6.0,
"standard_deviation": 11.895694732666016,
"variance": 141.50755310058594,
"z_arithmetic_mean_rank": 44.89633916978964,
"z_geometric_mean_rank": 29.29950745691814,
"z_hits_at_k": 61.3418663980604,
"z_inverse_harmonic_mean_rank": 47.97817026207099}},
"tail": {"optimistic": {"adjusted_arithmetic_mean_rank": 0.25467528707903114,
"adjusted_arithmetic_mean_rank_index": 0.7611004907274198,
"adjusted_geometric_mean_rank_index": 0.8108244989876231,
"adjusted_hits_at_k": 0.592183755395845,
"adjusted_inverse_harmonic_mean_rank": 0.15013929331322792,
"arithmetic_mean_rank": 12.286778398510242,
"count": 1074.0,
"geometric_mean_rank": 7.676607846467224,
"harmonic_mean_rank": 5.102363311467353,
"hits_at_1": 0.01303538175046555,
"hits_at_10": 0.6350093109869647,
"hits_at_3": 0.239292364990689,
"hits_at_5": 0.37988826815642457,
"inverse_arithmetic_mean_rank": 0.08138829948469234,
"inverse_geometric_mean_rank": 0.13026587003010712,
"inverse_harmonic_mean_rank": 0.19598761180971588,
"inverse_median_rank": 0.14285714285714285,
"median_absolute_deviation": 5.930408874022408,
"median_rank": 7.0,
"standard_deviation": 13.7792408651761,
"variance": 189.86747882053896,
"z_arithmetic_mean_rank": 42.69545411075541,
"z_geometric_mean_rank": 28.071821575097104,
"z_hits_at_k": 56.66580264381955,
"z_inverse_harmonic_mean_rank": 38.9973073265885},
"pessimistic": {"adjusted_arithmetic_mean_rank": 0.25467528707903114,
"adjusted_arithmetic_mean_rank_index": 0.7611004907274198,
"adjusted_geometric_mean_rank_index": 0.8108244989876231,
"adjusted_hits_at_k": 0.592183755395845,
"adjusted_inverse_harmonic_mean_rank": 0.15013929331322792,
"arithmetic_mean_rank": 12.286778398510242,
"count": 1074.0,
"geometric_mean_rank": 7.676607846467224,