{"MRR": 0.260233610868454,
"evaluation_time": "days: 0.0, hours: 0.0, minutes: 0.0, seconds: 0.21413207054138184",
"hit_at_1": 0.10986964618249534,
"hit_at_10": 0.420391061452514,
"hit_at_3": 0.28957169459962756,
"hit_at_5": 0.420391061452514,
"training_time": "days: 0.0, hours: 0.0, minutes: 3.0, seconds: 3.9400858879089355"}