{"MRR": 0.25149980187416077,
"evaluation_time": "days: 0.0, hours: 0.0, minutes: 0.0, seconds: 0.25758886337280273",
"hit_at_1": 0.10335195530726257,
"hit_at_10": 0.39664804469273746,
"hit_at_3": 0.27932960893854747,
"hit_at_5": 0.39664804469273746,
"training_time": "days: 0.0, hours: 0.0, minutes: 1.0, seconds: 1.92280912399292"}