{"MRR": 0.20677994191646576,
"evaluation_time": "days: 0.0, hours: 0.0, minutes: 0.0, seconds: 0.28027892112731934",
"hit_at_1": 0.07402234636871509,
"hit_at_10": 0.32169459962756053,
"hit_at_3": 0.21415270018621974,
"hit_at_5": 0.32169459962756053,
"training_time": "days: 0.0, hours: 0.0, minutes: 0.0, seconds: 26.102853775024414"}