{"both": {"optimistic": {"adjusted_arithmetic_mean_rank": 0.3097545865629924,
"adjusted_arithmetic_mean_rank_index": 0.7050198051867167,
"adjusted_geometric_mean_rank_index": 0.791252305405986,
"adjusted_hits_at_k": 0.5077505364246973,
"adjusted_inverse_harmonic_mean_rank": 0.179921048277004,
"arithmetic_mean_rank": 14.78119180633147,
"count": 2148.0,
"geometric_mean_rank": 8.282284731616697,
"harmonic_mean_rank": 4.4527127764632795,
"hits_at_1": 0.08379888268156424,
"hits_at_10": 0.5600558659217877,
"hits_at_3": 0.24068901303538176,
"hits_at_5": 0.3608007448789572,
"inverse_arithmetic_mean_rank": 0.06765354330708662,
"inverse_geometric_mean_rank": 0.12073963071839486,
"inverse_harmonic_mean_rank": 0.22458219296917786,
"inverse_median_rank": 0.1111111111111111,
"median_absolute_deviation": 8.895613311033612,
"median_rank": 9.0,
"standard_deviation": 16.64615814760097,
"variance": 277.0945810749422,
"z_arithmetic_mean_rank": 55.905365208753246,
"z_geometric_mean_rank": 38.74551474193588,
"z_hits_at_k": 68.26318038751285,
"z_inverse_harmonic_mean_rank": 65.72030871805003},
"pessimistic": {"adjusted_arithmetic_mean_rank": 0.3097545865629924,
"adjusted_arithmetic_mean_rank_index": 0.7050198051867167,
"adjusted_geometric_mean_rank_index": 0.791252305405986,
"adjusted_hits_at_k": 0.5077505364246973,
"adjusted_inverse_harmonic_mean_rank": 0.179921048277004,
"arithmetic_mean_rank": 14.78119180633147,
"count": 2148.0,
"geometric_mean_rank": 8.282284731616697,
"harmonic_mean_rank": 4.4527127764632795,
"hits_at_1": 0.08379888268156424,
"hits_at_10": 0.5600558659217877,
"hits_at_3": 0.24068901303538176,
"hits_at_5": 0.3608007448789572,
"inverse_arithmetic_mean_rank": 0.06765354330708662,
"inverse_geometric_mean_rank": 0.12073963071839486,
"inverse_harmonic_mean_rank": 0.22458219296917786,
"inverse_median_rank": 0.1111111111111111,
"median_absolute_deviation": 8.895613311033612,
"median_rank": 9.0,
"standard_deviation": 16.64615814760097,
"variance": 277.0945810749422,
"z_arithmetic_mean_rank": 55.905365208753246,
"z_geometric_mean_rank": 38.74551474193588,
"z_hits_at_k": 68.26318038751285,
"z_inverse_harmonic_mean_rank": 65.72030871805003},
"realistic": {"adjusted_arithmetic_mean_rank": 0.3097545869723725,
"adjusted_arithmetic_mean_rank_index": 0.7050198047685741,
"adjusted_geometric_mean_rank_index": 0.7912523052621844,
"adjusted_hits_at_k": 0.5077505364246973,
"adjusted_inverse_harmonic_mean_rank": 0.1799210507230174,
"arithmetic_mean_rank": 14.7811918258667,
"count": 2148.0,
"geometric_mean_rank": 8.2822847366333,
"harmonic_mean_rank": 4.452712730608111,
"hits_at_1": 0.08379888268156424,
"hits_at_10": 0.5600558659217877,
"hits_at_3": 0.24068901303538176,
"hits_at_5": 0.3608007448789572,
"inverse_arithmetic_mean_rank": 0.06765354424715042,
"inverse_geometric_mean_rank": 0.12073963135480881,
"inverse_harmonic_mean_rank": 0.22458219528198242,
"inverse_median_rank": 0.1111111119389534,
"median_absolute_deviation": 8.895613311033612,
"median_rank": 9.0,
"standard_deviation": 16.64615821838379,
"variance": 277.0945739746094,
"z_arithmetic_mean_rank": 55.90536517559613,
"z_geometric_mean_rank": 38.7455147348943,
"z_hits_at_k": 68.26318038751285,
"z_inverse_harmonic_mean_rank": 65.72030961151279}},
"head": {"optimistic": {"adjusted_arithmetic_mean_rank": 0.2981523315346598,
"adjusted_arithmetic_mean_rank_index": 0.7170414117694486,
"adjusted_geometric_mean_rank_index": 0.8034313425213542,
"adjusted_hits_at_k": 0.5294933032729391,
"adjusted_inverse_harmonic_mean_rank": 0.19323149682879526,
"arithmetic_mean_rank": 14.070763500931099,
"count": 1074.0,
"geometric_mean_rank": 7.780936758905123,
"harmonic_mean_rank": 4.209100625920322,
"hits_at_1": 0.09124767225325885,
"hits_at_10": 0.5800744878957169,
"hits_at_3": 0.260707635009311,
"hits_at_5": 0.3854748603351955,
"inverse_arithmetic_mean_rank": 0.07106934886183165,
"inverse_geometric_mean_rank": 0.12851922988006817,
"inverse_harmonic_mean_rank": 0.2375804450579866,
"inverse_median_rank": 0.125,
"median_absolute_deviation": 8.895613311033612,
"median_rank": 8.0,
"standard_deviation": 16.30295759728671,
"variance": 265.7864264189285,
"z_arithmetic_mean_rank": 40.19074519410053,
"z_geometric_mean_rank": 27.83487693161358,
"z_hits_at_k": 50.010381945633554,
"z_inverse_harmonic_mean_rank": 49.6323577139807},
"pessimistic": {"adjusted_arithmetic_mean_rank": 0.2981523315346598,
"adjusted_arithmetic_mean_rank_index": 0.7170414117694486,
"adjusted_geometric_mean_rank_index": 0.8034313425213542,
"adjusted_hits_at_k": 0.5294933032729391,
"adjusted_inverse_harmonic_mean_rank": 0.19323149682879526,
"arithmetic_mean_rank": 14.070763500931099,
"count": 1074.0,
"geometric_mean_rank": 7.780936758905123,
"harmonic_mean_rank": 4.209100625920322,
"hits_at_1": 0.09124767225325885,
"hits_at_10": 0.5800744878957169,
"hits_at_3": 0.260707635009311,
"hits_at_5": 0.3854748603351955,
"inverse_arithmetic_mean_rank": 0.07106934886183165,
"inverse_geometric_mean_rank": 0.12851922988006817,
"inverse_harmonic_mean_rank": 0.2375804450579866,
"inverse_median_rank": 0.125,
"median_absolute_deviation": 8.895613311033612,
"median_rank": 8.0,
"standard_deviation": 16.30295759728671,
"variance": 265.7864264189285,
"z_arithmetic_mean_rank": 40.19074519410053,
"z_geometric_mean_rank": 27.83487693161358,
"z_hits_at_k": 50.010381945633554,
"z_inverse_harmonic_mean_rank": 49.6323577139807},
"realistic": {"adjusted_arithmetic_mean_rank": 0.29815233337858127,
"adjusted_arithmetic_mean_rank_index": 0.7170414098856095,
"adjusted_geometric_mean_rank_index": 0.8034312884164769,
"adjusted_hits_at_k": 0.5294933032729391,
"adjusted_inverse_harmonic_mean_rank": 0.19323150035362585,
"arithmetic_mean_rank": 14.07076358795166,
"count": 1074.0,
"geometric_mean_rank": 7.780938625335693,
"harmonic_mean_rank": 4.209100566905385,
"hits_at_1": 0.09124767225325885,
"hits_at_10": 0.5800744878957169,
"hits_at_3": 0.260707635009311,
"hits_at_5": 0.3854748603351955,
"inverse_arithmetic_mean_rank": 0.07106934487819672,
"inverse_geometric_mean_rank": 0.1285191923379898,
"inverse_harmonic_mean_rank": 0.23758044838905334,
"inverse_median_rank": 0.125,
"median_absolute_deviation": 8.895613311033612,
"median_rank": 8.0,
"standard_deviation": 16.30295753479004,
"variance": 265.78643798828125,
"z_arithmetic_mean_rank": 40.19074508850984,
"z_geometric_mean_rank": 27.83487505715023,
"z_hits_at_k": 50.010381945633554,
"z_inverse_harmonic_mean_rank": 49.6323586193489}},
"tail": {"optimistic": {"adjusted_arithmetic_mean_rank": 0.32110392743414073,
"adjusted_arithmetic_mean_rank_index": 0.6932658008316748,
"adjusted_geometric_mean_rank_index": 0.7785426911414732,
"adjusted_hits_at_k": 0.48606830399374334,
"adjusted_inverse_harmonic_mean_rank": 0.1666249935840152,
"arithmetic_mean_rank": 15.491620111731844,
"count": 1074.0,
"geometric_mean_rank": 8.815935985736433,
"harmonic_mean_rank": 4.726256613990405,
"hits_at_1": 0.07635009310986965,
"hits_at_10": 0.5400372439478585,
"hits_at_3": 0.2206703910614525,
"hits_at_5": 0.3361266294227188,
"inverse_arithmetic_mean_rank": 0.06455102776776055,
"inverse_geometric_mean_rank": 0.11343095068044165,
"inverse_harmonic_mean_rank": 0.21158394088036922,
"inverse_median_rank": 0.1111111111111111,
"median_absolute_deviation": 8.895613311033612,
"median_rank": 9.0,
"standard_deviation": 16.95267881417942,
"variance": 287.39331897672776,
"z_arithmetic_mean_rank": 38.890131522153425,
"z_geometric_mean_rank": 26.954182491534432,
"z_hits_at_k": 46.51166185251762,
"z_inverse_harmonic_mean_rank": 43.27931709076575},
"pessimistic": {"adjusted_arithmetic_mean_rank": 0.32110392743414073,
"adjusted_arithmetic_mean_rank_index": 0.6932658008316748,
"adjusted_geometric_mean_rank_index": 0.7785426911414732,
"adjusted_hits_at_k": 0.48606830399374334,
"adjusted_inverse_harmonic_mean_rank": 0.1666249935840152,
"arithmetic_mean_rank": 15.491620111731844,
"count": 1074.0,
"geometric_mean_rank": 8.815935985736433,
"harmonic_mean_rank": 4.726256613990405,