{"MRR": 0.2581336796283722,
"evaluation_time": "days: 0.0, hours: 0.0, minutes: 0.0, seconds: 0.29288387298583984",
"hit_at_1": 0.11312849162011174,
"hit_at_10": 0.4059590316573557,
"hit_at_3": 0.27932960893854747,
"hit_at_5": 0.4059590316573557,
"training_time": "days: 0.0, hours: 0.0, minutes: 6.0, seconds: 19.52420210838318"}