{"MRR": 0.4407520890235901,
"evaluation_time": "days: 0.0, hours: 0.0, minutes: 0.0, seconds: 0.4265449047088623",
"hit_at_1": 0.2718808193668529,
"hit_at_10": 0.6480446927374302,
"hit_at_3": 0.5060521415270018,
"hit_at_5": 0.6480446927374302,
"training_time": "days: 0.0, hours: 0.0, minutes: 0.0, seconds: 46.27493596076965"}