{"MRR": 0.4471751451492309,
"evaluation_time": "days: 0.0, hours: 0.0, minutes: 0.0, seconds: 0.222869873046875",
"hit_at_1": 0.28258845437616387,
"hit_at_10": 0.6554934823091247,
"hit_at_3": 0.4972067039106145,
"hit_at_5": 0.6554934823091247,
"training_time": "days: 0.0, hours: 0.0, minutes: 1.0, seconds: 8.490023136138916"}