{"MRR": 0.4895213842391967,
"evaluation_time": "days: 0.0, hours: 0.0, minutes: 0.0, seconds: 0.27003002166748047",
"hit_at_1": 0.3123836126629423,
"hit_at_10": 0.7104283054003724,
"hit_at_3": 0.5782122905027933,
"hit_at_5": 0.7104283054003724,
"training_time": "days: 0.0, hours: 0.0, minutes: 6.0, seconds: 14.934746742248535"}