{"MRR": 0.42614996433258057,
"evaluation_time": "days: 0.0, hours: 0.0, minutes: 0.0, seconds: 0.5364909172058105",
"hit_at_1": 0.25093109869646185,
"hit_at_10": 0.6401303538175046,
"hit_at_3": 0.4883612662942272,
"hit_at_5": 0.6401303538175046,
"training_time": "days: 0.0, hours: 0.0, minutes: 0.0, seconds: 28.948506832122803"}