{"both": {"optimistic": {"adjusted_arithmetic_mean_rank": 0.11251652430963752,
"adjusted_arithmetic_mean_rank_index": 0.9064796592013152,
"adjusted_geometric_mean_rank_index": 0.9373366789775193,
"adjusted_hits_at_k": 0.8380004410879163,
"adjusted_inverse_harmonic_mean_rank": 0.442277484243879,
"arithmetic_mean_rank": 5.3691806331471135,
"count": 2148.0,
"geometric_mean_rank": 3.186046398269984,
"harmonic_mean_rank": 2.115726825611985,
"hits_at_1": 0.3021415270018622,
"hits_at_10": 0.8552141527001862,
"hits_at_3": 0.5488826815642458,
"hits_at_5": 0.6829608938547486,
"inverse_arithmetic_mean_rank": 0.1862481574611983,
"inverse_geometric_mean_rank": 0.313868624305973,
"inverse_harmonic_mean_rank": 0.4726508110094718,
"inverse_median_rank": 0.3333333333333333,
"median_absolute_deviation": 2.965204437011204,
"median_rank": 3.0,
"standard_deviation": 7.1603163506310725,
"variance": 51.270130241114686,
"z_arithmetic_mean_rank": 71.88035857876991,
"z_geometric_mean_rank": 45.8988768378329,
"z_hits_at_k": 112.66275694675426,
"z_inverse_harmonic_mean_rank": 161.55204230913372},
"pessimistic": {"adjusted_arithmetic_mean_rank": 0.11251652430963752,
"adjusted_arithmetic_mean_rank_index": 0.9064796592013152,
"adjusted_geometric_mean_rank_index": 0.9373366789775193,
"adjusted_hits_at_k": 0.8380004410879163,
"adjusted_inverse_harmonic_mean_rank": 0.442277484243879,
"arithmetic_mean_rank": 5.3691806331471135,
"count": 2148.0,
"geometric_mean_rank": 3.186046398269984,
"harmonic_mean_rank": 2.115726825611985,
"hits_at_1": 0.3021415270018622,
"hits_at_10": 0.8552141527001862,
"hits_at_3": 0.5488826815642458,
"hits_at_5": 0.6829608938547486,
"inverse_arithmetic_mean_rank": 0.1862481574611983,
"inverse_geometric_mean_rank": 0.313868624305973,
"inverse_harmonic_mean_rank": 0.4726508110094718,
"inverse_median_rank": 0.3333333333333333,
"median_absolute_deviation": 2.965204437011204,
"median_rank": 3.0,
"standard_deviation": 7.1603163506310725,
"variance": 51.270130241114686,
"z_arithmetic_mean_rank": 71.88035857876991,
"z_geometric_mean_rank": 45.8988768378329,
"z_hits_at_k": 112.66275694675426,
"z_inverse_harmonic_mean_rank": 161.55204230913372},
"realistic": {"adjusted_arithmetic_mean_rank": 0.11251652527726332,
"adjusted_arithmetic_mean_rank_index": 0.9064796582129779,
"adjusted_geometric_mean_rank_index": 0.9373366868537057,
"adjusted_hits_at_k": 0.8380004410879163,
"adjusted_inverse_harmonic_mean_rank": 0.44227746855500066,
"arithmetic_mean_rank": 5.369180679321289,
"count": 2148.0,
"geometric_mean_rank": 3.1860461235046387,
"harmonic_mean_rank": 2.1157268920155197,
"hits_at_1": 0.3021415270018622,
"hits_at_10": 0.8552141527001862,
"hits_at_3": 0.5488826815642458,
"hits_at_5": 0.6829608938547486,
"inverse_arithmetic_mean_rank": 0.18624815344810486,
"inverse_geometric_mean_rank": 0.3138686418533325,
"inverse_harmonic_mean_rank": 0.472650796175003,
"inverse_median_rank": 0.3333333432674408,
"median_absolute_deviation": 2.965204437011204,
"median_rank": 3.0,
"standard_deviation": 7.160316467285156,
"variance": 51.27013397216797,
"z_arithmetic_mean_rank": 71.88035850039856,
"z_geometric_mean_rank": 45.89887722350874,
"z_hits_at_k": 112.66275694675426,
"z_inverse_harmonic_mean_rank": 161.5520365784094}},
"head": {"optimistic": {"adjusted_arithmetic_mean_rank": 0.10667745213128013,
"adjusted_arithmetic_mean_rank_index": 0.912661378914163,
"adjusted_geometric_mean_rank_index": 0.9394625996624687,
"adjusted_hits_at_k": 0.8591609666116335,
"adjusted_inverse_harmonic_mean_rank": 0.4443202275746918,
"arithmetic_mean_rank": 5.034450651769087,
"count": 1074.0,
"geometric_mean_rank": 3.088330298953771,
"harmonic_mean_rank": 2.105854777751747,
"hits_at_1": 0.2951582867783985,
"hits_at_10": 0.8743016759776536,
"hits_at_3": 0.5623836126629422,
"hits_at_5": 0.7001862197392924,
"inverse_arithmetic_mean_rank": 0.1986314037358979,
"inverse_geometric_mean_rank": 0.3237995626111522,
"inverse_harmonic_mean_rank": 0.4748665532708861,
"inverse_median_rank": 0.3333333333333333,
"median_absolute_deviation": 2.965204437011204,
"median_rank": 3.0,
"standard_deviation": 6.684825733650651,
"variance": 44.686895089277975,
"z_arithmetic_mean_rank": 51.155400966199025,
"z_geometric_mean_rank": 32.547679508487114,
"z_hits_at_k": 81.14733052795427,
"z_inverse_harmonic_mean_rank": 114.12559979330521},
"pessimistic": {"adjusted_arithmetic_mean_rank": 0.10667745213128013,
"adjusted_arithmetic_mean_rank_index": 0.912661378914163,
"adjusted_geometric_mean_rank_index": 0.9394625996624687,
"adjusted_hits_at_k": 0.8591609666116335,
"adjusted_inverse_harmonic_mean_rank": 0.4443202275746918,
"arithmetic_mean_rank": 5.034450651769087,
"count": 1074.0,
"geometric_mean_rank": 3.088330298953771,
"harmonic_mean_rank": 2.105854777751747,
"hits_at_1": 0.2951582867783985,
"hits_at_10": 0.8743016759776536,
"hits_at_3": 0.5623836126629422,
"hits_at_5": 0.7001862197392924,
"inverse_arithmetic_mean_rank": 0.1986314037358979,
"inverse_geometric_mean_rank": 0.3237995626111522,
"inverse_harmonic_mean_rank": 0.4748665532708861,
"inverse_median_rank": 0.3333333333333333,
"median_absolute_deviation": 2.965204437011204,
"median_rank": 3.0,
"standard_deviation": 6.684825733650651,
"variance": 44.686895089277975,
"z_arithmetic_mean_rank": 51.155400966199025,
"z_geometric_mean_rank": 32.547679508487114,
"z_hits_at_k": 81.14733052795427,
"z_inverse_harmonic_mean_rank": 114.12559979330521},
"realistic": {"adjusted_arithmetic_mean_rank": 0.10667744957236867,
"adjusted_arithmetic_mean_rank_index": 0.9126613815284703,
"adjusted_geometric_mean_rank_index": 0.9394626005348437,
"adjusted_hits_at_k": 0.8591609666116335,
"adjusted_inverse_harmonic_mean_rank": 0.44432024426340844,
"arithmetic_mean_rank": 5.034450531005859,
"count": 1074.0,
"geometric_mean_rank": 3.0883302688598633,
"harmonic_mean_rank": 2.1058547078118712,
"hits_at_1": 0.2951582867783985,
"hits_at_10": 0.8743016759776536,
"hits_at_3": 0.5623836126629422,
"hits_at_5": 0.7001862197392924,
"inverse_arithmetic_mean_rank": 0.1986314058303833,
"inverse_geometric_mean_rank": 0.32379958033561707,
"inverse_harmonic_mean_rank": 0.47486656904220576,
"inverse_median_rank": 0.3333333432674408,
"median_absolute_deviation": 2.965204437011204,
"median_rank": 3.0,
"standard_deviation": 6.684825420379639,
"variance": 44.6868896484375,
"z_arithmetic_mean_rank": 51.15540111273304,
"z_geometric_mean_rank": 32.54767953871054,
"z_hits_at_k": 81.14733052795427,
"z_inverse_harmonic_mean_rank": 114.1256040798753}},
"tail": {"optimistic": {"adjusted_arithmetic_mean_rank": 0.1182283122647882,
"adjusted_arithmetic_mean_rank_index": 0.900435545219842,
"adjusted_geometric_mean_rank_index": 0.9352041016121433,
"adjusted_hits_at_k": 0.8168988289532364,
"adjusted_inverse_harmonic_mean_rank": 0.4402369499264559,
"arithmetic_mean_rank": 5.70391061452514,
"count": 1074.0,
"geometric_mean_rank": 3.286854277007851,
"harmonic_mean_rank": 2.1256918678729546,
"hits_at_1": 0.3091247672253259,
"hits_at_10": 0.8361266294227188,
"hits_at_3": 0.5353817504655494,
"hits_at_5": 0.6657355679702048,
"inverse_arithmetic_mean_rank": 0.17531831537708129,
"inverse_geometric_mean_rank": 0.3042422680540429,
"inverse_harmonic_mean_rank": 0.4704350687480574,
"inverse_median_rank": 0.3333333333333333,
"median_absolute_deviation": 2.965204437011204,
"median_rank": 3.0,
"standard_deviation": 7.591394935852352,
"variance": 57.62927707208473,
"z_arithmetic_mean_rank": 50.51173264109128,
"z_geometric_mean_rank": 32.37800869304494,
"z_hits_at_k": 78.16868902540011,
"z_inverse_harmonic_mean_rank": 114.34751858719032},
"pessimistic": {"adjusted_arithmetic_mean_rank": 0.1182283122647882,
"adjusted_arithmetic_mean_rank_index": 0.900435545219842,
"adjusted_geometric_mean_rank_index": 0.9352041016121433,
"adjusted_hits_at_k": 0.8168988289532364,
"adjusted_inverse_harmonic_mean_rank": 0.4402369499264559,
"arithmetic_mean_rank": 5.70391061452514,
"count": 1074.0,
"geometric_mean_rank": 3.286854277007851,
"harmonic_mean_rank": 2.1256918678729546,