{"MRR": 0.472650796175003,
"evaluation_time": "days: 0.0, hours: 0.0, minutes: 0.0, seconds: 0.36271095275878906",
"hit_at_1": 0.3021415270018622,
"hit_at_10": 0.6829608938547486,
"hit_at_3": 0.5488826815642458,
"hit_at_5": 0.6829608938547486,
"training_time": "days: 0.0, hours: 0.0, minutes: 2.0, seconds: 34.00065302848816"}