{"both": {"optimistic": {"adjusted_arithmetic_mean_rank": 0.10562875303047302,
"adjusted_arithmetic_mean_rank_index": 0.9135148601180837,
"adjusted_geometric_mean_rank_index": 0.9426483092586571,
"adjusted_hits_at_k": 0.8614408917343593,
"adjusted_inverse_harmonic_mean_rank": 0.4601197696522138,
"arithmetic_mean_rank": 5.040502793296089,
"count": 2148.0,
"geometric_mean_rank": 3.00074708671806,
"harmonic_mean_rank": 2.042811556092247,
"hits_at_1": 0.3123836126629423,
"hits_at_10": 0.8761638733705773,
"hits_at_3": 0.5782122905027933,
"hits_at_5": 0.7104283054003724,
"inverse_arithmetic_mean_rank": 0.19839290662233305,
"inverse_geometric_mean_rank": 0.3332503443646454,
"inverse_harmonic_mean_rank": 0.48952141327853504,
"inverse_median_rank": 0.3333333333333333,
"median_absolute_deviation": 2.965204437011204,
"median_rank": 3.0,
"standard_deviation": 7.1364551894374575,
"variance": 50.928992670848814,
"z_arithmetic_mean_rank": 72.43822301559199,
"z_geometric_mean_rank": 46.15897320400518,
"z_hits_at_k": 115.81414645017045,
"z_inverse_harmonic_mean_rank": 168.06934818579802},
"pessimistic": {"adjusted_arithmetic_mean_rank": 0.10562875303047302,
"adjusted_arithmetic_mean_rank_index": 0.9135148601180837,
"adjusted_geometric_mean_rank_index": 0.9426483092586571,
"adjusted_hits_at_k": 0.8614408917343593,
"adjusted_inverse_harmonic_mean_rank": 0.4601197696522138,
"arithmetic_mean_rank": 5.040502793296089,
"count": 2148.0,
"geometric_mean_rank": 3.00074708671806,
"harmonic_mean_rank": 2.042811556092247,
"hits_at_1": 0.3123836126629423,
"hits_at_10": 0.8761638733705773,
"hits_at_3": 0.5782122905027933,
"hits_at_5": 0.7104283054003724,
"inverse_arithmetic_mean_rank": 0.19839290662233305,
"inverse_geometric_mean_rank": 0.3332503443646454,
"inverse_harmonic_mean_rank": 0.48952141327853504,
"inverse_median_rank": 0.3333333333333333,
"median_absolute_deviation": 2.965204437011204,
"median_rank": 3.0,
"standard_deviation": 7.1364551894374575,
"variance": 50.928992670848814,
"z_arithmetic_mean_rank": 72.43822301559199,
"z_geometric_mean_rank": 46.15897320400518,
"z_hits_at_k": 115.81414645017045,
"z_inverse_harmonic_mean_rank": 168.06934818579802},
"realistic": {"adjusted_arithmetic_mean_rank": 0.10562875788721024,
"adjusted_arithmetic_mean_rank_index": 0.9135148551573902,
"adjusted_geometric_mean_rank_index": 0.9426483127360172,
"adjusted_hits_at_k": 0.8614408917343593,
"adjusted_inverse_harmonic_mean_rank": 0.460119738940319,
"arithmetic_mean_rank": 5.040503025054932,
"count": 2148.0,
"geometric_mean_rank": 3.000746965408325,
"harmonic_mean_rank": 2.0428116772757083,
"hits_at_1": 0.3123836126629423,
"hits_at_10": 0.8761638733705773,
"hits_at_3": 0.5782122905027933,
"hits_at_5": 0.7104283054003724,
"inverse_arithmetic_mean_rank": 0.19839289784431458,
"inverse_geometric_mean_rank": 0.33325034379959106,
"inverse_harmonic_mean_rank": 0.4895213842391967,
"inverse_median_rank": 0.3333333432674408,
"median_absolute_deviation": 2.965204437011204,
"median_rank": 3.0,
"standard_deviation": 7.136455059051514,
"variance": 50.928993225097656,
"z_arithmetic_mean_rank": 72.43822262222803,
"z_geometric_mean_rank": 46.15897337428223,
"z_hits_at_k": 115.81414645017045,
"z_inverse_harmonic_mean_rank": 168.06933696757076}},
"head": {"optimistic": {"adjusted_arithmetic_mean_rank": 0.11066281283601818,
"adjusted_arithmetic_mean_rank_index": 0.9085897422976528,
"adjusted_geometric_mean_rank_index": 0.9348865495371488,
"adjusted_hits_at_k": 0.8581177145124605,
"adjusted_inverse_harmonic_mean_rank": 0.42305571997740093,
"arithmetic_mean_rank": 5.222532588454376,
"count": 1074.0,
"geometric_mean_rank": 3.246188153320739,
"harmonic_mean_rank": 2.1989090032030383,
"hits_at_1": 0.2737430167597765,
"hits_at_10": 0.8733705772811918,
"hits_at_3": 0.5353817504655494,
"hits_at_5": 0.6722532588454376,
"inverse_arithmetic_mean_rank": 0.19147798181494027,
"inverse_geometric_mean_rank": 0.3080536163552425,
"inverse_harmonic_mean_rank": 0.4547709789460824,
"inverse_median_rank": 0.3333333333333333,
"median_absolute_deviation": 2.965204437011204,
"median_rank": 3.0,
"standard_deviation": 6.912853027165772,
"variance": 47.78753697519498,
"z_arithmetic_mean_rank": 50.92718247408528,
"z_geometric_mean_rank": 32.3891422628882,
"z_hits_at_k": 81.04879588054186,
"z_inverse_harmonic_mean_rank": 108.66371772438194},
"pessimistic": {"adjusted_arithmetic_mean_rank": 0.11066281283601818,
"adjusted_arithmetic_mean_rank_index": 0.9085897422976528,
"adjusted_geometric_mean_rank_index": 0.9348865495371488,
"adjusted_hits_at_k": 0.8581177145124605,
"adjusted_inverse_harmonic_mean_rank": 0.42305571997740093,
"arithmetic_mean_rank": 5.222532588454376,
"count": 1074.0,
"geometric_mean_rank": 3.246188153320739,
"harmonic_mean_rank": 2.1989090032030383,
"hits_at_1": 0.2737430167597765,
"hits_at_10": 0.8733705772811918,
"hits_at_3": 0.5353817504655494,
"hits_at_5": 0.6722532588454376,
"inverse_arithmetic_mean_rank": 0.19147798181494027,
"inverse_geometric_mean_rank": 0.3080536163552425,
"inverse_harmonic_mean_rank": 0.4547709789460824,
"inverse_median_rank": 0.3333333333333333,
"median_absolute_deviation": 2.965204437011204,
"median_rank": 3.0,
"standard_deviation": 6.912853027165772,
"variance": 47.78753697519498,
"z_arithmetic_mean_rank": 50.92718247408528,
"z_geometric_mean_rank": 32.3891422628882,
"z_hits_at_k": 81.04879588054186,
"z_inverse_harmonic_mean_rank": 108.66371772438194},
"realistic": {"adjusted_arithmetic_mean_rank": 0.1106628162416283,
"adjusted_arithmetic_mean_rank_index": 0.9085897388183173,
"adjusted_geometric_mean_rank_index": 0.9348865492346087,
"adjusted_hits_at_k": 0.8581177145124605,
"adjusted_inverse_harmonic_mean_rank": 0.42305572348987547,
"arithmetic_mean_rank": 5.222532749176025,
"count": 1074.0,
"geometric_mean_rank": 3.246188163757324,
"harmonic_mean_rank": 2.1989089871531213,
"hits_at_1": 0.2737430167597765,
"hits_at_10": 0.8733705772811918,
"hits_at_3": 0.5353817504655494,
"hits_at_5": 0.6722532588454376,
"inverse_arithmetic_mean_rank": 0.191477969288826,
"inverse_geometric_mean_rank": 0.3080536127090454,
"inverse_harmonic_mean_rank": 0.4547709822654724,
"inverse_median_rank": 0.3333333432674408,
"median_absolute_deviation": 2.965204437011204,
"median_rank": 3.0,
"standard_deviation": 6.912852764129639,
"variance": 47.78753662109375,
"z_arithmetic_mean_rank": 50.92718227906574,
"z_geometric_mean_rank": 32.38914225240669,
"z_hits_at_k": 81.04879588054186,
"z_inverse_harmonic_mean_rank": 108.66371862657644}},
"tail": {"optimistic": {"adjusted_arithmetic_mean_rank": 0.10070442921933803,
"adjusted_arithmetic_mean_rank_index": 0.918330344297511,
"adjusted_geometric_mean_rank_index": 0.9497392181206249,
"adjusted_hits_at_k": 0.8647548168404587,
"adjusted_inverse_harmonic_mean_rank": 0.4971437384315117,
"arithmetic_mean_rank": 4.8584729981378025,
"count": 1074.0,
"geometric_mean_rank": 2.7738635757251613,
"harmonic_mean_rank": 1.9074073966718217,
"hits_at_1": 0.351024208566108,
"hits_at_10": 0.8789571694599627,
"hits_at_3": 0.6210428305400373,
"hits_at_5": 0.7486033519553073,
"inverse_arithmetic_mean_rank": 0.20582598696818705,
"inverse_geometric_mean_rank": 0.36050799641023207,
"inverse_harmonic_mean_rank": 0.5242718476109877,
"inverse_median_rank": 0.5,
"median_absolute_deviation": 1.482602218505602,
"median_rank": 2.0,
"standard_deviation": 7.3487535455920625,
"variance": 54.00417867385191,
"z_arithmetic_mean_rank": 51.515577182186746,
"z_geometric_mean_rank": 32.88123374076957,
"z_hits_at_k": 82.74800742147744,
"z_inverse_harmonic_mean_rank": 129.1285360765361},
"pessimistic": {"adjusted_arithmetic_mean_rank": 0.10070442921933803,
"adjusted_arithmetic_mean_rank_index": 0.918330344297511,
"adjusted_geometric_mean_rank_index": 0.9497392181206249,
"adjusted_hits_at_k": 0.8647548168404587,
"adjusted_inverse_harmonic_mean_rank": 0.4971437384315117,
"arithmetic_mean_rank": 4.8584729981378025,
"count": 1074.0,
"geometric_mean_rank": 2.7738635757251613,
"harmonic_mean_rank": 1.9074073966718217,