{"MRR": 0.2759448289871216,
"evaluation_time": "days: 0.0, hours: 0.0, minutes: 0.0, seconds: 0.637397050857544",
"hit_at_1": 0.15502793296089384,
"hit_at_10": 0.38687150837988826,
"hit_at_3": 0.2984171322160149,
"hit_at_5": 0.38687150837988826,
"training_time": "days: 0.0, hours: 0.0, minutes: 0.0, seconds: 58.37745690345764"}