{"MRR": 0.230407327413559,
"evaluation_time": "days: 0.0, hours: 0.0, minutes: 0.0, seconds: 0.2393040657043457",
"hit_at_1": 0.10614525139664804,
"hit_at_10": 0.340316573556797,
"hit_at_3": 0.24906890130353818,
"hit_at_5": 0.340316573556797,
"training_time": "days: 0.0, hours: 0.0, minutes: 6.0, seconds: 35.209622859954834"}