{"MRR": 0.2663101255893707,
"evaluation_time": "days: 0.0, hours: 0.0, minutes: 0.0, seconds: 0.15389490127563477",
"hit_at_1": 0.13454376163873372,
"hit_at_10": 0.39432029795158285,
"hit_at_3": 0.2946927374301676,
"hit_at_5": 0.39432029795158285,
"training_time": "days: 0.0, hours: 0.0, minutes: 10.0, seconds: 31.33020806312561"}