{"MRR": 0.23248842358589175,
"evaluation_time": "days: 0.0, hours: 0.0, minutes: 0.0, seconds: 0.3283860683441162",
"hit_at_1": 0.10661080074487896,
"hit_at_10": 0.34916201117318435,
"hit_at_3": 0.24441340782122906,
"hit_at_5": 0.34916201117318435,
"training_time": "days: 0.0, hours: 0.0, minutes: 3.0, seconds: 0.955435037612915"}