{"MRR": 0.24633061885833737,
"evaluation_time": "days: 0.0, hours: 0.0, minutes: 0.0, seconds: 0.1919691562652588",
"hit_at_1": 0.11685288640595903,
"hit_at_10": 0.36778398510242083,
"hit_at_3": 0.26536312849162014,
"hit_at_5": 0.36778398510242083,
"training_time": "days: 0.0, hours: 0.0, minutes: 2.0, seconds: 4.207029104232788"}