{"MRR": 0.19878768920898438,
"evaluation_time": "days: 0.0, hours: 0.0, minutes: 0.0, seconds: 0.3931269645690918",
"hit_at_1": 0.08379888268156424,
"hit_at_10": 0.30027932960893855,
"hit_at_3": 0.19972067039106145,
"hit_at_5": 0.30027932960893855,
"training_time": "days: 0.0, hours: 0.0, minutes: 4.0, seconds: 26.927340030670166"}