{"MRR": 0.3035874366760254,
"evaluation_time": "days: 0.0, hours: 0.0, minutes: 0.0, seconds: 0.23285698890686035",
"hit_at_1": 0.17411545623836128,
"hit_at_10": 0.4338919925512104,
"hit_at_3": 0.33100558659217877,
"hit_at_5": 0.4338919925512104,
"training_time": "days: 0.0, hours: 0.0, minutes: 1.0, seconds: 14.337057113647461"}