{"both": {"optimistic": {"adjusted_arithmetic_mean_rank": 0.210877020112097,
"adjusted_arithmetic_mean_rank_index": 0.8060138013502404,
"adjusted_geometric_mean_rank_index": 0.8448287147193454,
"adjusted_hits_at_k": 0.6707918931432896,
"adjusted_inverse_harmonic_mean_rank": 0.18107861250342483,
"arithmetic_mean_rank": 10.062849162011172,
"count": 2148.0,
"geometric_mean_rank": 6.413240533182174,
"harmonic_mean_rank": 4.431117283190749,
"hits_at_1": 0.016294227188081937,
"hits_at_10": 0.7057728119180633,
"hits_at_3": 0.2942271880819367,
"hits_at_5": 0.4622905027932961,
"inverse_arithmetic_mean_rank": 0.09937543372657877,
"inverse_geometric_mean_rank": 0.15592741217579312,
"inverse_harmonic_mean_rank": 0.22567671674894652,
"inverse_median_rank": 0.16666666666666666,
"median_absolute_deviation": 5.930408874022408,
"median_rank": 6.0,
"standard_deviation": 11.465771979147613,
"variance": 131.46392707780657,
"z_arithmetic_mean_rank": 63.913801564548805,
"z_geometric_mean_rank": 41.369008591733454,
"z_hits_at_k": 90.18284515571878,
"z_inverse_harmonic_mean_rank": 66.14313572495043},
"pessimistic": {"adjusted_arithmetic_mean_rank": 0.210877020112097,
"adjusted_arithmetic_mean_rank_index": 0.8060138013502404,
"adjusted_geometric_mean_rank_index": 0.8448287147193454,
"adjusted_hits_at_k": 0.6707918931432896,
"adjusted_inverse_harmonic_mean_rank": 0.18107861250342483,
"arithmetic_mean_rank": 10.062849162011172,
"count": 2148.0,
"geometric_mean_rank": 6.413240533182174,
"harmonic_mean_rank": 4.431117283190749,
"hits_at_1": 0.016294227188081937,
"hits_at_10": 0.7057728119180633,
"hits_at_3": 0.2942271880819367,
"hits_at_5": 0.4622905027932961,
"inverse_arithmetic_mean_rank": 0.09937543372657877,
"inverse_geometric_mean_rank": 0.15592741217579312,
"inverse_harmonic_mean_rank": 0.22567671674894652,
"inverse_median_rank": 0.16666666666666666,
"median_absolute_deviation": 5.930408874022408,
"median_rank": 6.0,
"standard_deviation": 11.465771979147613,
"variance": 131.46392707780657,
"z_arithmetic_mean_rank": 63.913801564548805,
"z_geometric_mean_rank": 41.369008591733454,
"z_hits_at_k": 90.18284515571878,
"z_inverse_harmonic_mean_rank": 66.14313572495043},
"realistic": {"adjusted_arithmetic_mean_rank": 0.21087701765581612,
"adjusted_arithmetic_mean_rank_index": 0.8060138038590968,
"adjusted_geometric_mean_rank_index": 0.8448286902613498,
"adjusted_hits_at_k": 0.6707918931432896,
"adjusted_inverse_harmonic_mean_rank": 0.18107862680869108,
"arithmetic_mean_rank": 10.062849044799805,
"count": 2148.0,
"geometric_mean_rank": 6.413241386413574,
"harmonic_mean_rank": 4.431117017606378,
"hits_at_1": 0.016294227188081937,
"hits_at_10": 0.7057728119180633,
"hits_at_3": 0.2942271880819367,
"hits_at_5": 0.4622905027932961,
"inverse_arithmetic_mean_rank": 0.09937543421983719,
"inverse_geometric_mean_rank": 0.1559273898601532,
"inverse_harmonic_mean_rank": 0.22567673027515414,
"inverse_median_rank": 0.1666666716337204,
"median_absolute_deviation": 5.930408874022408,
"median_rank": 6.0,
"standard_deviation": 11.465771675109863,
"variance": 131.4639129638672,
"z_arithmetic_mean_rank": 63.9138017634915,
"z_geometric_mean_rank": 41.36900739409066,
"z_hits_at_k": 90.18284515571878,
"z_inverse_harmonic_mean_rank": 66.14314095027855}},
"head": {"optimistic": {"adjusted_arithmetic_mean_rank": 0.19439484665239565,
"adjusted_arithmetic_mean_rank_index": 0.8230450601171099,
"adjusted_geometric_mean_rank_index": 0.8579506959327291,
"adjusted_hits_at_k": 0.7099759164298827,
"adjusted_inverse_harmonic_mean_rank": 0.19589817546264832,
"arithmetic_mean_rank": 9.174115456238361,
"count": 1074.0,
"geometric_mean_rank": 5.900208201459016,
"harmonic_mean_rank": 4.164922025140456,
"hits_at_1": 0.0186219739292365,
"hits_at_10": 0.7411545623836127,
"hits_at_3": 0.3249534450651769,
"hits_at_5": 0.5046554934823091,
"inverse_arithmetic_mean_rank": 0.10900233431442201,
"inverse_geometric_mean_rank": 0.16948554455293932,
"inverse_harmonic_mean_rank": 0.24010053344666796,
"inverse_median_rank": 0.2,
"median_absolute_deviation": 4.447806655516806,
"median_rank": 5.0,
"standard_deviation": 10.56823357533656,
"variance": 111.68756090287098,
"z_arithmetic_mean_rank": 46.1323345506658,
"z_geometric_mean_rank": 29.72369979958183,
"z_hits_at_k": 67.05687594798002,
"z_inverse_harmonic_mean_rank": 50.31730582045265},
"pessimistic": {"adjusted_arithmetic_mean_rank": 0.19439484665239565,
"adjusted_arithmetic_mean_rank_index": 0.8230450601171099,
"adjusted_geometric_mean_rank_index": 0.8579506959327291,
"adjusted_hits_at_k": 0.7099759164298827,
"adjusted_inverse_harmonic_mean_rank": 0.19589817546264832,
"arithmetic_mean_rank": 9.174115456238361,
"count": 1074.0,
"geometric_mean_rank": 5.900208201459016,
"harmonic_mean_rank": 4.164922025140456,
"hits_at_1": 0.0186219739292365,
"hits_at_10": 0.7411545623836127,
"hits_at_3": 0.3249534450651769,
"hits_at_5": 0.5046554934823091,
"inverse_arithmetic_mean_rank": 0.10900233431442201,
"inverse_geometric_mean_rank": 0.16948554455293932,
"inverse_harmonic_mean_rank": 0.24010053344666796,
"inverse_median_rank": 0.2,
"median_absolute_deviation": 4.447806655516806,
"median_rank": 5.0,
"standard_deviation": 10.56823357533656,
"variance": 111.68756090287098,
"z_arithmetic_mean_rank": 46.1323345506658,
"z_geometric_mean_rank": 29.72369979958183,
"z_hits_at_k": 67.05687594798002,
"z_inverse_harmonic_mean_rank": 50.31730582045265},
"realistic": {"adjusted_arithmetic_mean_rank": 0.19439484081958275,
"adjusted_arithmetic_mean_rank_index": 0.8230450660761928,
"adjusted_geometric_mean_rank_index": 0.8579507018779823,
"adjusted_hits_at_k": 0.7099759164298827,
"adjusted_inverse_harmonic_mean_rank": 0.19589819051472768,
"arithmetic_mean_rank": 9.174115180969238,
"count": 1074.0,
"geometric_mean_rank": 5.900207996368408,
"harmonic_mean_rank": 4.164921778391504,
"hits_at_1": 0.0186219739292365,
"hits_at_10": 0.7411545623836127,
"hits_at_3": 0.3249534450651769,
"hits_at_5": 0.5046554934823091,
"inverse_arithmetic_mean_rank": 0.10900233685970306,
"inverse_geometric_mean_rank": 0.16948555409908295,
"inverse_harmonic_mean_rank": 0.24010054767131805,
"inverse_median_rank": 0.20000000298023224,
"median_absolute_deviation": 4.447806655516806,
"median_rank": 5.0,
"standard_deviation": 10.568233489990234,
"variance": 111.68756866455078,
"z_arithmetic_mean_rank": 46.132334884677164,
"z_geometric_mean_rank": 29.72370000555511,
"z_hits_at_k": 67.05687594798002,
"z_inverse_harmonic_mean_rank": 50.31730968664527}},
"tail": {"optimistic": {"adjusted_arithmetic_mean_rank": 0.22699990350284668,
"adjusted_arithmetic_mean_rank_index": 0.7893616601958969,
"adjusted_geometric_mean_rank_index": 0.8308205922252927,
"adjusted_hits_at_k": 0.6317169627809416,
"adjusted_inverse_harmonic_mean_rank": 0.16627507535249159,
"arithmetic_mean_rank": 10.951582867783985,
"count": 1074.0,
"geometric_mean_rank": 6.970881828590414,
"harmonic_mean_rank": 4.733662826676073,
"hits_at_1": 0.013966480446927373,
"hits_at_10": 0.6703910614525139,
"hits_at_3": 0.2635009310986965,
"hits_at_5": 0.419925512104283,
"inverse_arithmetic_mean_rank": 0.09131100153035197,
"inverse_geometric_mean_rank": 0.1434538734968357,
"inverse_harmonic_mean_rank": 0.21125290005122507,
"inverse_median_rank": 0.14285714285714285,
"median_absolute_deviation": 5.930408874022408,
"median_rank": 7.0,
"standard_deviation": 12.233584840642125,
"variance": 149.6605980531888,
"z_arithmetic_mean_rank": 44.280820930062575,
"z_geometric_mean_rank": 28.764112893708873,
"z_hits_at_k": 60.448717840579086,
"z_inverse_harmonic_mean_rank": 43.18842903266471},
"pessimistic": {"adjusted_arithmetic_mean_rank": 0.22699990350284668,
"adjusted_arithmetic_mean_rank_index": 0.7893616601958969,
"adjusted_geometric_mean_rank_index": 0.8308205922252927,
"adjusted_hits_at_k": 0.6317169627809416,
"adjusted_inverse_harmonic_mean_rank": 0.16627507535249159,
"arithmetic_mean_rank": 10.951582867783985,
"count": 1074.0,
"geometric_mean_rank": 6.970881828590414,