{"MRR": 0.17879192531108856,
"evaluation_time": "days: 0.0, hours: 0.0, minutes: 0.0, seconds: 0.3540968894958496",
"hit_at_1": 0.019553072625698324,
"hit_at_10": 0.3407821229050279,
"hit_at_3": 0.2015828677839851,
"hit_at_5": 0.3407821229050279,
"training_time": "days: 0.0, hours: 0.0, minutes: 0.0, seconds: 36.06283092498779"}