{"MRR": 0.22567673027515414,
"evaluation_time": "days: 0.0, hours: 0.0, minutes: 0.0, seconds: 0.17879295349121094",
"hit_at_1": 0.016294227188081937,
"hit_at_10": 0.4622905027932961,
"hit_at_3": 0.2942271880819367,
"hit_at_5": 0.4622905027932961,
"training_time": "days: 0.0, hours: 0.0, minutes: 0.0, seconds: 57.63357639312744"}