{"both": {"optimistic": {"adjusted_arithmetic_mean_rank": 0.26953039253467054,
"adjusted_arithmetic_mean_rank_index": 0.7461049799456914,
"adjusted_geometric_mean_rank_index": 0.80634069073449,
"adjusted_hits_at_k": 0.570258404815212,
"adjusted_inverse_harmonic_mean_rank": 0.1538590245848052,
"arithmetic_mean_rank": 12.861731843575418,
"count": 2148.0,
"geometric_mean_rank": 7.7559176341682114,
"harmonic_mean_rank": 5.001513062613176,
"hits_at_1": 0.01303538175046555,
"hits_at_10": 0.6159217877094972,
"hits_at_3": 0.25931098696461824,
"hits_at_5": 0.40409683426443205,
"inverse_arithmetic_mean_rank": 0.07775002714735585,
"inverse_geometric_mean_rank": 0.12893380863078824,
"inverse_harmonic_mean_rank": 0.1999394958048001,
"inverse_median_rank": 0.14285714285714285,
"median_absolute_deviation": 7.41301109252801,
"median_rank": 7.0,
"standard_deviation": 14.633669729023817,
"variance": 214.144289738148,
"z_arithmetic_mean_rank": 59.163261912743884,
"z_geometric_mean_rank": 39.48435272342853,
"z_hits_at_k": 76.66688572995602,
"z_inverse_harmonic_mean_rank": 56.200554029696775},
"pessimistic": {"adjusted_arithmetic_mean_rank": 0.26953039253467054,
"adjusted_arithmetic_mean_rank_index": 0.7461049799456914,
"adjusted_geometric_mean_rank_index": 0.80634069073449,
"adjusted_hits_at_k": 0.570258404815212,
"adjusted_inverse_harmonic_mean_rank": 0.1538590245848052,
"arithmetic_mean_rank": 12.861731843575418,
"count": 2148.0,
"geometric_mean_rank": 7.7559176341682114,
"harmonic_mean_rank": 5.001513062613176,
"hits_at_1": 0.01303538175046555,
"hits_at_10": 0.6159217877094972,
"hits_at_3": 0.25931098696461824,
"hits_at_5": 0.40409683426443205,
"inverse_arithmetic_mean_rank": 0.07775002714735585,
"inverse_geometric_mean_rank": 0.12893380863078824,
"inverse_harmonic_mean_rank": 0.1999394958048001,
"inverse_median_rank": 0.14285714285714285,
"median_absolute_deviation": 7.41301109252801,
"median_rank": 7.0,
"standard_deviation": 14.633669729023817,
"variance": 214.144289738148,
"z_arithmetic_mean_rank": 59.163261912743884,
"z_geometric_mean_rank": 39.48435272342853,
"z_hits_at_k": 76.66688572995602,
"z_inverse_harmonic_mean_rank": 56.200554029696775},
"realistic": {"adjusted_arithmetic_mean_rank": 0.26953038594737183,
"adjusted_arithmetic_mean_rank_index": 0.7461049866739883,
"adjusted_geometric_mean_rank_index": 0.8063406795034246,
"adjusted_hits_at_k": 0.570258404815212,
"adjusted_inverse_harmonic_mean_rank": 0.15385903353311112,
"arithmetic_mean_rank": 12.86173152923584,
"count": 2148.0,
"geometric_mean_rank": 7.755918025970459,
"harmonic_mean_rank": 5.001512850960518,
"hits_at_1": 0.01303538175046555,
"hits_at_10": 0.6159217877094972,
"hits_at_3": 0.25931098696461824,
"hits_at_5": 0.40409683426443205,
"inverse_arithmetic_mean_rank": 0.07775002717971802,
"inverse_geometric_mean_rank": 0.12893380224704742,
"inverse_harmonic_mean_rank": 0.1999395042657852,
"inverse_median_rank": 0.1428571492433548,
"median_absolute_deviation": 7.41301109252801,
"median_rank": 7.0,
"standard_deviation": 14.63366985321045,
"variance": 214.144287109375,
"z_arithmetic_mean_rank": 59.16326244627201,
"z_geometric_mean_rank": 39.48435217347321,
"z_hits_at_k": 76.66688572995602,
"z_inverse_harmonic_mean_rank": 56.20055729827172}},
"head": {"optimistic": {"adjusted_arithmetic_mean_rank": 0.25273500310739755,
"adjusted_arithmetic_mean_rank_index": 0.7634419439041351,
"adjusted_geometric_mean_rank_index": 0.8221456924481989,
"adjusted_hits_at_k": 0.6014776981158819,
"adjusted_inverse_harmonic_mean_rank": 0.16938325233834595,
"arithmetic_mean_rank": 11.927374301675977,
"count": 1074.0,
"geometric_mean_rank": 7.135356609120865,
"harmonic_mean_rank": 4.650229182853281,
"hits_at_1": 0.0148975791433892,
"hits_at_10": 0.6443202979515829,
"hits_at_3": 0.29608938547486036,
"hits_at_5": 0.44692737430167595,
"inverse_arithmetic_mean_rank": 0.08384074941451991,
"inverse_geometric_mean_rank": 0.14014716499547292,
"inverse_harmonic_mean_rank": 0.2150431646868685,
"inverse_median_rank": 0.14285714285714285,
"median_absolute_deviation": 7.41301109252801,
"median_rank": 7.0,
"standard_deviation": 13.981043803777258,
"variance": 195.46958584313847,
"z_arithmetic_mean_rank": 42.791532168584894,
"z_geometric_mean_rank": 28.483235539872663,
"z_hits_at_k": 56.809272617089654,
"z_inverse_harmonic_mean_rank": 43.50683148856844},
"pessimistic": {"adjusted_arithmetic_mean_rank": 0.25273500310739755,
"adjusted_arithmetic_mean_rank_index": 0.7634419439041351,
"adjusted_geometric_mean_rank_index": 0.8221456924481989,
"adjusted_hits_at_k": 0.6014776981158819,
"adjusted_inverse_harmonic_mean_rank": 0.16938325233834595,
"arithmetic_mean_rank": 11.927374301675977,
"count": 1074.0,
"geometric_mean_rank": 7.135356609120865,
"harmonic_mean_rank": 4.650229182853281,
"hits_at_1": 0.0148975791433892,
"hits_at_10": 0.6443202979515829,
"hits_at_3": 0.29608938547486036,
"hits_at_5": 0.44692737430167595,
"inverse_arithmetic_mean_rank": 0.08384074941451991,
"inverse_geometric_mean_rank": 0.14014716499547292,
"inverse_harmonic_mean_rank": 0.2150431646868685,
"inverse_median_rank": 0.14285714285714285,
"median_absolute_deviation": 7.41301109252801,
"median_rank": 7.0,
"standard_deviation": 13.981043803777258,
"variance": 195.46958584313847,
"z_arithmetic_mean_rank": 42.791532168584894,
"z_geometric_mean_rank": 28.483235539872663,
"z_hits_at_k": 56.809272617089654,
"z_inverse_harmonic_mean_rank": 43.50683148856844},
"realistic": {"adjusted_arithmetic_mean_rank": 0.25273499430173163,
"adjusted_arithmetic_mean_rank_index": 0.7634419529004279,
"adjusted_geometric_mean_rank_index": 0.8221456839268984,
"adjusted_hits_at_k": 0.6014776981158819,
"adjusted_inverse_harmonic_mean_rank": 0.1693832603311054,
"arithmetic_mean_rank": 11.927373886108398,
"count": 1074.0,
"geometric_mean_rank": 7.135356903076172,
"harmonic_mean_rank": 4.650229019514039,
"hits_at_1": 0.0148975791433892,
"hits_at_10": 0.6443202979515829,
"hits_at_3": 0.29608938547486036,
"hits_at_5": 0.44692737430167595,
"inverse_arithmetic_mean_rank": 0.0838407501578331,
"inverse_geometric_mean_rank": 0.1401471644639969,
"inverse_harmonic_mean_rank": 0.21504317224025724,
"inverse_median_rank": 0.1428571492433548,
"median_absolute_deviation": 7.41301109252801,
"median_rank": 7.0,
"standard_deviation": 13.981042861938477,
"variance": 195.4695587158203,
"z_arithmetic_mean_rank": 42.79153267283431,
"z_geometric_mean_rank": 28.483235244652228,
"z_hits_at_k": 56.809272617089654,
"z_inverse_harmonic_mean_rank": 43.506833541543784}},
"tail": {"optimistic": {"adjusted_arithmetic_mean_rank": 0.2859596641899064,
"adjusted_arithmetic_mean_rank_index": 0.7291539386295107,
"adjusted_geometric_mean_rank_index": 0.7894651144544637,
"adjusted_hits_at_k": 0.5391260296947941,
"adjusted_inverse_harmonic_mean_rank": 0.13835158466087294,
"arithmetic_mean_rank": 13.796089385474861,
"count": 1074.0,
"geometric_mean_rank": 8.430448769877664,
"harmonic_mean_rank": 5.410206541927811,
"hits_at_1": 0.0111731843575419,
"hits_at_10": 0.5875232774674115,
"hits_at_3": 0.22253258845437615,
"hits_at_5": 0.3612662942271881,
"inverse_arithmetic_mean_rank": 0.07248430856448673,
"inverse_geometric_mean_rank": 0.11861764744636616,
"inverse_harmonic_mean_rank": 0.18483582692273176,
"inverse_median_rank": 0.125,
"median_absolute_deviation": 7.41301109252801,
"median_rank": 8.0,
"standard_deviation": 15.201083698241677,
"variance": 231.07294560094883,
"z_arithmetic_mean_rank": 40.90334838265436,
"z_geometric_mean_rank": 27.332331300299806,
"z_hits_at_k": 51.58873224816858,
"z_inverse_harmonic_mean_rank": 35.93555788813106},
"pessimistic": {"adjusted_arithmetic_mean_rank": 0.2859596641899064,
"adjusted_arithmetic_mean_rank_index": 0.7291539386295107,
"adjusted_geometric_mean_rank_index": 0.7894651144544637,
"adjusted_hits_at_k": 0.5391260296947941,
"adjusted_inverse_harmonic_mean_rank": 0.13835158466087294,
"arithmetic_mean_rank": 13.796089385474861,
"count": 1074.0,
"geometric_mean_rank": 8.430448769877664,