{"MRR": 0.21750527620315555,
"evaluation_time": "days: 0.0, hours: 0.0, minutes: 0.0, seconds: 0.37274885177612305",
"hit_at_1": 0.006517690875232775,
"hit_at_10": 0.46089385474860334,
"hit_at_3": 0.30353817504655495,
"hit_at_5": 0.46089385474860334,
"training_time": "days: 0.0, hours: 0.0, minutes: 1.0, seconds: 5.20608115196228"}