{"MRR": 0.21837885677814484,
"evaluation_time": "days: 0.0, hours: 0.0, minutes: 0.0, seconds: 0.3782808780670166",
"hit_at_1": 0.010242085661080074,
"hit_at_10": 0.45996275605214154,
"hit_at_3": 0.2942271880819367,
"hit_at_5": 0.45996275605214154,
"training_time": "days: 0.0, hours: 0.0, minutes: 1.0, seconds: 5.4086949825286865"}