{"MRR": 0.26331827044487,
"evaluation_time": "days: 0.0, hours: 0.0, minutes: 0.0, seconds: 0.24400711059570312",
"hit_at_1": 0.0297951582867784,
"hit_at_10": 0.5456238361266295,
"hit_at_3": 0.38594040968342647,
"hit_at_5": 0.5456238361266295,
"training_time": "days: 0.0, hours: 0.0, minutes: 5.0, seconds: 23.200155019760132"}