{"MRR": 0.2368706315755844,
"evaluation_time": "days: 0.0, hours: 0.0, minutes: 0.0, seconds: 0.3361082077026367",
"hit_at_1": 0.017690875232774673,
"hit_at_10": 0.49534450651769085,
"hit_at_3": 0.33845437616387336,
"hit_at_5": 0.49534450651769085,
"training_time": "days: 0.0, hours: 0.0, minutes: 1.0, seconds: 45.95210075378418"}