{"MRR": 0.1246415451169014,
"evaluation_time": "days: 0.0, hours: 0.0, minutes: 7.0, seconds: 49.096997022628784",
"hit_at_1": 0.08008159672258808,
"hit_at_10": 0.16644377105517089,
"hit_at_3": 0.1372670176567182,
"hit_at_5": 0.16644377105517089,
"training_time": "days: 1.0, hours: 2.0, minutes: 21.0, seconds: 33.26196599006653"}