{"MRR": 0.13430698215961456,
"evaluation_time": "days: 0.0, hours: 0.0, minutes: 9.0, seconds: 44.37504601478577",
"hit_at_1": 0.08500787188298826,
"hit_at_10": 0.18349105313944236,
"hit_at_3": 0.14993820995073726,
"hit_at_5": 0.18349105313944236,
"training_time": "days: 0.0, hours: 14.0, minutes: 53.0, seconds: 15.090887069702148"}