{"both": {"optimistic": {"adjusted_arithmetic_mean_rank": 0.2345831632717841,
"adjusted_arithmetic_mean_rank_index": 0.76552046956503,
"adjusted_geometric_mean_rank_index": 0.9664720369685612,
"adjusted_hits_at_k": 0.2087792203238586,
"adjusted_inverse_harmonic_mean_rank": 0.12403700686663521,
"arithmetic_mean_rank": 1732.8312031284386,
"count": 118142.0,
"geometric_mean_rank": 183.07726885815026,
"harmonic_mean_rank": 8.023006940738155,
"hits_at_1": 0.08008159672258808,
"hits_at_10": 0.20931590797514854,
"hits_at_3": 0.1372670176567182,
"hits_at_5": 0.16644377105517089,
"inverse_arithmetic_mean_rank": 0.0005770902544890746,
"inverse_geometric_mean_rank": 0.005462174557425849,
"inverse_harmonic_mean_rank": 0.12464154741314423,
"inverse_median_rank": 0.003215434083601286,
"median_absolute_deviation": 458.124085518231,
"median_rank": 311.0,
"standard_deviation": 2923.285897528871,
"variance": 8545600.438691176,
"z_arithmetic_mean_rank": 455.34481300752645,
"z_geometric_mean_rank": 332.7695152272525,
"z_hits_at_k": 2754.422205783223,
"z_inverse_harmonic_mean_rank": 4042.1019673903065},
"pessimistic": {"adjusted_arithmetic_mean_rank": 0.23458318160574257,
"adjusted_arithmetic_mean_rank_index": 0.7655204512285892,
"adjusted_geometric_mean_rank_index": 0.9664720324837698,
"adjusted_hits_at_k": 0.2087792203238586,
"adjusted_inverse_harmonic_mean_rank": 0.12403700649179868,
"arithmetic_mean_rank": 1732.8313385586837,
"count": 118142.0,
"geometric_mean_rank": 183.0772932133007,
"harmonic_mean_rank": 8.023006964849221,
"hits_at_1": 0.08008159672258808,
"hits_at_10": 0.20931590797514854,
"hits_at_3": 0.1372670176567182,
"hits_at_5": 0.16644377105517089,
"inverse_arithmetic_mean_rank": 0.0005770902093863154,
"inverse_geometric_mean_rank": 0.005462173830781486,
"inverse_harmonic_mean_rank": 0.12464154703856639,
"inverse_median_rank": 0.003215434083601286,
"median_absolute_deviation": 458.124085518231,
"median_rank": 311.0,
"standard_deviation": 2923.285957879021,
"variance": 8545600.791532665,
"z_arithmetic_mean_rank": 455.3448021006944,
"z_geometric_mean_rank": 332.7695136830776,
"z_hits_at_k": 2754.422205783223,
"z_inverse_harmonic_mean_rank": 4042.101955175182},
"realistic": {"adjusted_arithmetic_mean_rank": 0.23458314317649445,
"adjusted_arithmetic_mean_rank_index": 0.7655204896630404,
"adjusted_geometric_mean_rank_index": 0.9664720479038892,
"adjusted_hits_at_k": 0.2087792203238586,
"adjusted_inverse_harmonic_mean_rank": 0.12403700456880655,
"arithmetic_mean_rank": 1732.8310546875,
"count": 118142.0,
"geometric_mean_rank": 183.07720947265625,
"harmonic_mean_rank": 8.023007088544187,
"hits_at_1": 0.08008159672258808,
"hits_at_10": 0.20931590797514854,
"hits_at_3": 0.1372670176567182,
"hits_at_5": 0.16644377105517089,
"inverse_arithmetic_mean_rank": 0.0005770903080701828,
"inverse_geometric_mean_rank": 0.005462176166474819,
"inverse_harmonic_mean_rank": 0.1246415451169014,
"inverse_median_rank": 0.003215434029698372,
"median_absolute_deviation": 458.124085518231,
"median_rank": 311.0,
"standard_deviation": 2923.285888671875,
"variance": 8545601.0,
"z_arithmetic_mean_rank": 455.3448249621706,
"z_geometric_mean_rank": 332.7695189924352,
"z_hits_at_k": 2754.422205783223,
"z_inverse_harmonic_mean_rank": 4042.1018925089625}},
"head": {"optimistic": {"adjusted_arithmetic_mean_rank": 0.23617746001866943,
"adjusted_arithmetic_mean_rank_index": 0.7639262392168454,
"adjusted_geometric_mean_rank_index": 0.9649100051805383,
"adjusted_hits_at_k": 0.20380559315319538,
"adjusted_inverse_harmonic_mean_rank": 0.11994844897966489,
"arithmetic_mean_rank": 1739.8600666993957,
"count": 59071.0,
"geometric_mean_rank": 191.01188531549465,
"harmonic_mean_rank": 8.29479849284927,
"hits_at_1": 0.0767381625501515,
"hits_at_10": 0.20434731086319852,
"hits_at_3": 0.13297557176956543,
"hits_at_5": 0.1617883563846896,
"inverse_arithmetic_mean_rank": 0.0005747588666122164,
"inverse_geometric_mean_rank": 0.005235276319838937,
"inverse_harmonic_mean_rank": 0.12055747958941665,
"inverse_median_rank": 0.00303951367781155,
"median_absolute_deviation": 484.81092545133185,
"median_rank": 329.0,
"standard_deviation": 2891.047877287863,
"variance": 8358157.828770656,
"z_arithmetic_mean_rank": 321.2603213442926,
"z_geometric_mean_rank": 234.90747957974025,
"z_hits_at_k": 1898.3616432672322,
"z_inverse_harmonic_mean_rank": 2759.766839934162},
"pessimistic": {"adjusted_arithmetic_mean_rank": 0.23617746691266592,
"adjusted_arithmetic_mean_rank_index": 0.763926232321913,
"adjusted_geometric_mean_rank_index": 0.9649100030321864,
"adjusted_hits_at_k": 0.20380559315319538,
"adjusted_inverse_harmonic_mean_rank": 0.11994844880457284,
"arithmetic_mean_rank": 1739.8601174857374,
"count": 59071.0,
"geometric_mean_rank": 191.01189694879264,
"harmonic_mean_rank": 8.294798504887911,
"hits_at_1": 0.0767381625501515,
"hits_at_10": 0.20434731086319852,
"hits_at_3": 0.13297557176956543,
"hits_at_5": 0.1617883563846896,
"inverse_arithmetic_mean_rank": 0.000574758849835063,
"inverse_geometric_mean_rank": 0.005235276000992151,
"inverse_harmonic_mean_rank": 0.12055747941444578,
"inverse_median_rank": 0.00303951367781155,
"median_absolute_deviation": 484.81092545133185,
"median_rank": 329.0,
"standard_deviation": 2891.047923142489,
"variance": 8358158.0939064985,
"z_arithmetic_mean_rank": 321.26031844470873,
"z_geometric_mean_rank": 234.9074790567237,
"z_hits_at_k": 1898.3616432672322,
"z_inverse_harmonic_mean_rank": 2759.7668359056547},
"realistic": {"adjusted_arithmetic_mean_rank": 0.23617744897610055,
"adjusted_arithmetic_mean_rank_index": 0.7639262502609135,
"adjusted_geometric_mean_rank_index": 0.9649100246691035,
"adjusted_hits_at_k": 0.20380559315319538,
"adjusted_inverse_harmonic_mean_rank": 0.1199484564063436,
"arithmetic_mean_rank": 1739.8599853515625,
"count": 59071.0,
"geometric_mean_rank": 191.01177978515625,
"harmonic_mean_rank": 8.294797982220082,
"hits_at_1": 0.0767381625501515,
"hits_at_10": 0.20434731086319852,
"hits_at_3": 0.13297557176956543,
"hits_at_5": 0.1617883563846896,
"inverse_arithmetic_mean_rank": 0.0005747589166276157,
"inverse_geometric_mean_rank": 0.005235279444605112,
"inverse_harmonic_mean_rank": 0.12055748701095581,
"inverse_median_rank": 0.0030395137146115303,
"median_absolute_deviation": 484.81092545133185,
"median_rank": 329.0,
"standard_deviation": 2891.0478515625,
"variance": 8358157.5,
"z_arithmetic_mean_rank": 321.26032598874735,
"z_geometric_mean_rank": 234.90748432423428,
"z_hits_at_k": 1898.3616432672322,
"z_inverse_harmonic_mean_rank": 2759.7670108067477}},
"tail": {"optimistic": {"adjusted_arithmetic_mean_rank": 0.2329975207667719,
"adjusted_arithmetic_mean_rank_index": 0.7671060448632666,
"adjusted_geometric_mean_rank_index": 0.9679651235023102,
"adjusted_hits_at_k": 0.2137528267858974,
"adjusted_inverse_harmonic_mean_rank": 0.12812554924104946,
"arithmetic_mean_rank": 1725.8023395574817,
"count": 59071.0,
"geometric_mean_rank": 175.47225565152024,
"harmonic_mean_rank": 7.768461608514128,
"hits_at_1": 0.08342503089502463,
"hits_at_10": 0.21428450508709856,
"hits_at_3": 0.14155846354387094,
"hits_at_5": 0.1710991857256522,
"inverse_arithmetic_mean_rank": 0.0005794406329617174,
"inverse_geometric_mean_rank": 0.005698906623654246,
"inverse_harmonic_mean_rank": 0.12872561523687182,
"inverse_median_rank": 0.003424657534246575,
"median_absolute_deviation": 431.43724558513014,
"median_rank": 292.0,
"standard_deviation": 2955.15553546095,
"variance": 8732944.238765495,
"z_arithmetic_mean_rank": 322.6929344861953,
"z_geometric_mean_rank": 235.64941193469406,
"z_hits_at_k": 1997.135529468546,
"z_inverse_harmonic_mean_rank": 2956.9364464052674},
"pessimistic": {"adjusted_arithmetic_mean_rank": 0.2329975504785933,
"adjusted_arithmetic_mean_rank_index": 0.7671060151474334,
"adjusted_geometric_mean_rank_index": 0.9679651168923448,
"adjusted_hits_at_k": 0.2137528267858974,
"adjusted_inverse_harmonic_mean_rank": 0.12812554866646914,
"arithmetic_mean_rank": 1725.8025596316297,