{"MRR": 0.13111916184425354,
"evaluation_time": "days: 0.0, hours: 0.0, minutes: 4.0, seconds: 40.33215832710266",
"hit_at_1": 0.08382285723959303,
"hit_at_10": 0.17394322086980074,
"hit_at_3": 0.14267576306478644,
"hit_at_5": 0.17394322086980074,
"training_time": "days: 1.0, hours: 10.0, minutes: 36.0, seconds: 45.75634694099426"}