{"both": {"optimistic": {"adjusted_arithmetic_mean_rank": 0.191813680954826,
"adjusted_arithmetic_mean_rank_index": 0.808295742612697,
"adjusted_geometric_mean_rank_index": 0.9736800988858223,
"adjusted_hits_at_k": 0.22002756044150726,
"adjusted_inverse_harmonic_mean_rank": 0.1305190944308428,
"arithmetic_mean_rank": 1416.8993499348242,
"count": 118142.0,
"geometric_mean_rank": 143.9331005582543,
"harmonic_mean_rank": 7.626650363628508,
"hits_at_1": 0.08382285723959303,
"hits_at_10": 0.22055661830678336,
"hits_at_3": 0.14267576306478644,
"hits_at_5": 0.17394322086980074,
"inverse_arithmetic_mean_rank": 0.000705766432912824,
"inverse_geometric_mean_rank": 0.006947672190214983,
"inverse_harmonic_mean_rank": 0.13111916140393684,
"inverse_median_rank": 0.004796163069544364,
"median_absolute_deviation": 307.6399603399124,
"median_rank": 208.5,
"standard_deviation": 2557.521050206147,
"variance": 6540913.922247552,
"z_arithmetic_mean_rank": 480.7882851047559,
"z_geometric_mean_rank": 335.2513493395549,
"z_hits_at_k": 2902.821446618558,
"z_inverse_harmonic_mean_rank": 4253.339400136901},
"pessimistic": {"adjusted_arithmetic_mean_rank": 0.19181369470529483,
"adjusted_arithmetic_mean_rank_index": 0.8082957288603665,
"adjusted_geometric_mean_rank_index": 0.9736800931043094,
"adjusted_hits_at_k": 0.22002756044150726,
"adjusted_inverse_harmonic_mean_rank": 0.130519093231996,
"arithmetic_mean_rank": 1416.8994515075078,
"count": 118142.0,
"geometric_mean_rank": 143.93313195539235,
"harmonic_mean_rank": 7.626650433312261,
"hits_at_1": 0.08382285723959303,
"hits_at_10": 0.22055661830678336,
"hits_at_3": 0.14267576306478644,
"hits_at_5": 0.17394322086980074,
"inverse_arithmetic_mean_rank": 0.0007057663823188383,
"inverse_geometric_mean_rank": 0.006947670674670786,
"inverse_harmonic_mean_rank": 0.13111916020591743,
"inverse_median_rank": 0.004796163069544364,
"median_absolute_deviation": 307.6399603399124,
"median_rank": 208.5,
"standard_deviation": 2557.5210617474327,
"variance": 6540913.9812817145,
"z_arithmetic_mean_rank": 480.7882769246319,
"z_geometric_mean_rank": 335.2513473489011,
"z_hits_at_k": 2902.821446618558,
"z_inverse_harmonic_mean_rank": 4253.339361069036},
"realistic": {"adjusted_arithmetic_mean_rank": 0.19181367311080347,
"adjusted_arithmetic_mean_rank_index": 0.8082957504577816,
"adjusted_geometric_mean_rank_index": 0.9736800923620471,
"adjusted_hits_at_k": 0.22002756044150726,
"adjusted_inverse_harmonic_mean_rank": 0.1305190948714636,
"arithmetic_mean_rank": 1416.8992919921875,
"count": 118142.0,
"geometric_mean_rank": 143.93313598632812,
"harmonic_mean_rank": 7.6266503380171375,
"hits_at_1": 0.08382285723959303,
"hits_at_10": 0.22055661830678336,
"hits_at_3": 0.14267576306478644,
"hits_at_5": 0.17394322086980074,
"inverse_arithmetic_mean_rank": 0.0007057664333842695,
"inverse_geometric_mean_rank": 0.0069476705975830555,
"inverse_harmonic_mean_rank": 0.13111916184425354,
"inverse_median_rank": 0.0047961631789803505,
"median_absolute_deviation": 307.6399603399124,
"median_rank": 208.5,
"standard_deviation": 2557.52099609375,
"variance": 6540914.0,
"z_arithmetic_mean_rank": 480.78828977114784,
"z_geometric_mean_rank": 335.2513470933301,
"z_hits_at_k": 2902.821446618558,
"z_inverse_harmonic_mean_rank": 4253.339414495794}},
"head": {"optimistic": {"adjusted_arithmetic_mean_rank": 0.19732893713900018,
"adjusted_arithmetic_mean_rank_index": 0.8027800363086682,
"adjusted_geometric_mean_rank_index": 0.9725012109108547,
"adjusted_hits_at_k": 0.21681574856720273,
"adjusted_inverse_harmonic_mean_rank": 0.1269715739150181,
"arithmetic_mean_rank": 1453.672749741836,
"count": 59071.0,
"geometric_mean_rank": 149.90560074473635,
"harmonic_mean_rank": 7.8384806291332065,
"hits_at_1": 0.08056406697025613,
"hits_at_10": 0.21734861437930625,
"hits_at_3": 0.13856206937414298,
"hits_at_5": 0.17043896328147484,
"inverse_arithmetic_mean_rank": 0.0006879127370156689,
"inverse_geometric_mean_rank": 0.006670864831146831,
"inverse_harmonic_mean_rank": 0.12757574424350931,
"inverse_median_rank": 0.004545454545454545,
"median_absolute_deviation": 324.68988585272683,
"median_rank": 220.0,
"standard_deviation": 2583.298408982914,
"variance": 6673430.669853656,
"z_arithmetic_mean_rank": 337.59983515908357,
"z_geometric_mean_rank": 236.75555970690846,
"z_hits_at_k": 2019.5456580372893,
"z_inverse_harmonic_mean_rank": 2921.3544842444976},
"pessimistic": {"adjusted_arithmetic_mean_rank": 0.1973289555229909,
"adjusted_arithmetic_mean_rank_index": 0.8027800179221817,
"adjusted_geometric_mean_rank_index": 0.9725012011175647,
"adjusted_hits_at_k": 0.21681574856720273,
"adjusted_inverse_harmonic_mean_rank": 0.12697157167699266,
"arithmetic_mean_rank": 1453.6728851720811,
"count": 59071.0,
"geometric_mean_rank": 149.90565377528006,
"harmonic_mean_rank": 7.838480766546312,
"hits_at_1": 0.08056406697025613,
"hits_at_10": 0.21734861437930625,
"hits_at_3": 0.13856206937414298,
"hits_at_5": 0.17043896328147484,
"inverse_arithmetic_mean_rank": 0.0006879126729268416,
"inverse_geometric_mean_rank": 0.006670862471265265,
"inverse_harmonic_mean_rank": 0.12757574200703267,
"inverse_median_rank": 0.004545454545454545,
"median_absolute_deviation": 324.68988585272683,
"median_rank": 220.0,
"standard_deviation": 2583.298407158627,
"variance": 6673430.6604283005,
"z_arithmetic_mean_rank": 337.59982742685986,
"z_geometric_mean_rank": 236.7555573227306,
"z_hits_at_k": 2019.5456580372893,
"z_inverse_harmonic_mean_rank": 2921.3544327521404},
"realistic": {"adjusted_arithmetic_mean_rank": 0.19732893439020985,
"adjusted_arithmetic_mean_rank_index": 0.8027800390578318,
"adjusted_geometric_mean_rank_index": 0.972501192454883,
"adjusted_hits_at_k": 0.21681574856720273,
"adjusted_inverse_harmonic_mean_rank": 0.12697156988688368,
"arithmetic_mean_rank": 1453.6727294921875,
"count": 59071.0,
"geometric_mean_rank": 149.90570068359375,
"harmonic_mean_rank": 7.83848087645768,
"hits_at_1": 0.08056406697025613,
"hits_at_10": 0.21734861437930625,
"hits_at_3": 0.13856206937414298,
"hits_at_5": 0.17043896328147484,
"inverse_arithmetic_mean_rank": 0.0006879127467982471,
"inverse_geometric_mean_rank": 0.006670860573649406,
"inverse_harmonic_mean_rank": 0.12757574021816254,
"inverse_median_rank": 0.004545454401522875,
"median_absolute_deviation": 324.68988585272683,
"median_rank": 220.0,
"standard_deviation": 2583.29833984375,
"variance": 6673430.0,
"z_arithmetic_mean_rank": 337.5998363152124,
"z_geometric_mean_rank": 236.75555521379948,
"z_hits_at_k": 2019.5456580372893,
"z_inverse_harmonic_mean_rank": 2921.3543915654186}},
"tail": {"optimistic": {"adjusted_arithmetic_mean_rank": 0.18632836296195976,
"adjusted_arithmetic_mean_rank_index": 0.8137815042392761,
"adjusted_geometric_mean_rank_index": 0.9748089531230034,
"adjusted_hits_at_k": 0.223239358942834,
"adjusted_inverse_harmonic_mean_rank": 0.13406660148688232,
"arithmetic_mean_rank": 1380.1259501278123,
"count": 59071.0,
"geometric_mean_rank": 138.1985551800002,
"harmonic_mean_rank": 7.425968005818573,
"hits_at_1": 0.08708164750892994,
"hits_at_10": 0.22376462223426047,
"hits_at_3": 0.1467894567554299,
"hits_at_5": 0.17744747845812667,
"inverse_arithmetic_mean_rank": 0.0007245715508120044,
"inverse_geometric_mean_rank": 0.0072359656632989015,
"inverse_harmonic_mean_rank": 0.1346625785643644,
"inverse_median_rank": 0.005050505050505051,
"median_absolute_deviation": 292.0726370456036,
"median_rank": 198.0,
"standard_deviation": 2530.946978657339,
"variance": 6405692.608774712,
"z_arithmetic_mean_rank": 342.3275613482746,
"z_geometric_mean_rank": 237.31553025480702,
"z_hits_at_k": 2085.770101964941,
"z_inverse_harmonic_mean_rank": 3094.0466014037115},
"pessimistic": {"adjusted_arithmetic_mean_rank": 0.18632837210405864,
"adjusted_arithmetic_mean_rank_index": 0.8137814950959428,
"adjusted_geometric_mean_rank_index": 0.9748089510292269,
"adjusted_hits_at_k": 0.223239358942834,
"adjusted_inverse_harmonic_mean_rank": 0.13406660132721018,