{"both": {"optimistic": {"adjusted_arithmetic_mean_rank": 0.3153415745969984,
"adjusted_arithmetic_mean_rank_index": 0.6847511240365677,
"adjusted_geometric_mean_rank_index": 0.9644740438891222,
"adjusted_hits_at_k": 0.2297343358743577,
"adjusted_inverse_harmonic_mean_rank": 0.13370912610144786,
"arithmetic_mean_rank": 2329.3816678234666,
"count": 118142.0,
"geometric_mean_rank": 193.92758871684964,
"harmonic_mean_rank": 7.445628770920278,
"hits_at_1": 0.08500787188298826,
"hits_at_10": 0.23025680960200437,
"hits_at_3": 0.14993820995073726,
"hits_at_5": 0.18349105313944236,
"inverse_arithmetic_mean_rank": 0.00042929847599186376,
"inverse_geometric_mean_rank": 0.005156563883543578,
"inverse_harmonic_mean_rank": 0.13430699149353376,
"inverse_median_rank": 0.0030959752321981426,
"median_absolute_deviation": 477.3979143588038,
"median_rank": 323.0,
"standard_deviation": 3771.8605452646634,
"variance": 14226931.972924244,
"z_arithmetic_mean_rank": 407.3018095888259,
"z_geometric_mean_rank": 332.08157893624735,
"z_hits_at_k": 3030.88283968881,
"z_inverse_harmonic_mean_rank": 4357.295740406013},
"pessimistic": {"adjusted_arithmetic_mean_rank": 0.3153415940768292,
"adjusted_arithmetic_mean_rank_index": 0.6847511045540995,
"adjusted_geometric_mean_rank_index": 0.9644740362194067,
"adjusted_hits_at_k": 0.2297343358743577,
"adjusted_inverse_harmonic_mean_rank": 0.1337091244715114,
"arithmetic_mean_rank": 2329.3818117181017,
"count": 118142.0,
"geometric_mean_rank": 193.9276303680775,
"harmonic_mean_rank": 7.4456288612173385,
"hits_at_1": 0.08500787188298826,
"hits_at_10": 0.23025680960200437,
"hits_at_3": 0.14993820995073726,
"hits_at_5": 0.18349105313944236,
"inverse_arithmetic_mean_rank": 0.0004292984494724897,
"inverse_geometric_mean_rank": 0.0051565627760313745,
"inverse_harmonic_mean_rank": 0.13430698986472217,
"inverse_median_rank": 0.0030959752321981426,
"median_absolute_deviation": 477.3979143588038,
"median_rank": 323.0,
"standard_deviation": 3771.860599906007,
"variance": 14226932.385123301,
"z_arithmetic_mean_rank": 407.3017980003169,
"z_geometric_mean_rank": 332.0815762954596,
"z_hits_at_k": 3030.88283968881,
"z_inverse_harmonic_mean_rank": 4357.295687289853},
"realistic": {"adjusted_arithmetic_mean_rank": 0.3153415973555462,
"adjusted_arithmetic_mean_rank_index": 0.6847511012749385,
"adjusted_geometric_mean_rank_index": 0.9644740507847237,
"adjusted_hits_at_k": 0.2297343358743577,
"adjusted_inverse_harmonic_mean_rank": 0.1337091167610825,
"arithmetic_mean_rank": 2329.3818359375,
"count": 118142.0,
"geometric_mean_rank": 193.92755126953125,
"harmonic_mean_rank": 7.445629288368412,
"hits_at_1": 0.08500787188298826,
"hits_at_10": 0.23025680960200437,
"hits_at_3": 0.14993820995073726,
"hits_at_5": 0.18349105313944236,
"inverse_arithmetic_mean_rank": 0.00042929843766614795,
"inverse_geometric_mean_rank": 0.0051565649919211864,
"inverse_harmonic_mean_rank": 0.13430698215961456,
"inverse_median_rank": 0.0030959751456975937,
"median_absolute_deviation": 477.3979143588038,
"median_rank": 323.0,
"standard_deviation": 3771.860595703125,
"variance": 14226932.0,
"z_arithmetic_mean_rank": 407.30179604981527,
"z_geometric_mean_rank": 332.0815813104971,
"z_hits_at_k": 3030.88283968881,
"z_inverse_harmonic_mean_rank": 4357.295436023391}},
"head": {"optimistic": {"adjusted_arithmetic_mean_rank": 0.3167231556910527,
"adjusted_arithmetic_mean_rank_index": 0.6833696083774201,
"adjusted_geometric_mean_rank_index": 0.9623251831177677,
"adjusted_hits_at_k": 0.22227052726942978,
"adjusted_inverse_harmonic_mean_rank": 0.12734626500063914,
"arithmetic_mean_rank": 2333.219989504156,
"count": 59071.0,
"geometric_mean_rank": 205.00866462193406,
"harmonic_mean_rank": 7.8155421980894575,
"hits_at_1": 0.07937905232686089,
"hits_at_10": 0.22279968173892434,
"hits_at_3": 0.14372534746322221,
"hits_at_5": 0.1756699564930338,
"inverse_arithmetic_mean_rank": 0.00042859224783708245,
"inverse_geometric_mean_rank": 0.004877842611404479,
"inverse_harmonic_mean_rank": 0.12795017602802455,
"inverse_median_rank": 0.0028328611898017,
"median_absolute_deviation": 521.8759809139718,
"median_rank": 353.0,
"standard_deviation": 3732.4917707723052,
"variance": 13931494.81888298,
"z_arithmetic_mean_rank": 287.3831643868115,
"z_geometric_mean_rank": 234.27820427668863,
"z_hits_at_k": 2070.35458089661,
"z_inverse_harmonic_mean_rank": 2929.9753546443408},
"pessimistic": {"adjusted_arithmetic_mean_rank": 0.3167231671810469,
"adjusted_arithmetic_mean_rank_index": 0.683369596885866,
"adjusted_geometric_mean_rank_index": 0.9623251785308973,
"adjusted_hits_at_k": 0.22227052726942978,
"adjusted_inverse_harmonic_mean_rank": 0.12734626464536408,
"arithmetic_mean_rank": 2333.220074148059,
"count": 59071.0,
"geometric_mean_rank": 205.00868945978033,
"harmonic_mean_rank": 7.815542219775599,
"hits_at_1": 0.07937905232686089,
"hits_at_10": 0.22279968173892434,
"hits_at_3": 0.14372534746322221,
"hits_at_5": 0.1756699564930338,
"inverse_arithmetic_mean_rank": 0.00042859223228873305,
"inverse_geometric_mean_rank": 0.004877842020429018,
"inverse_harmonic_mean_rank": 0.12795017567299535,
"inverse_median_rank": 0.0028328611898017,
"median_absolute_deviation": 521.8759809139718,
"median_rank": 353.0,
"standard_deviation": 3732.491768651497,
"variance": 13931494.803051177,
"z_arithmetic_mean_rank": 287.38315955417164,
"z_geometric_mean_rank": 234.27820316001436,
"z_hits_at_k": 2070.35458089661,
"z_inverse_harmonic_mean_rank": 2929.975346470193},
"realistic": {"adjusted_arithmetic_mean_rank": 0.316723186279796,
"adjusted_arithmetic_mean_rank_index": 0.6833695777845239,
"adjusted_geometric_mean_rank_index": 0.9623251770442853,
"adjusted_hits_at_k": 0.22227052726942978,
"adjusted_inverse_harmonic_mean_rank": 0.12734628048113045,
"arithmetic_mean_rank": 2333.22021484375,
"count": 59071.0,
"geometric_mean_rank": 205.00869750976562,
"harmonic_mean_rank": 7.8155412531537545,
"hits_at_1": 0.07937905232686089,
"hits_at_10": 0.22279968173892434,
"hits_at_3": 0.14372534746322221,
"hits_at_5": 0.1756699564930338,
"inverse_arithmetic_mean_rank": 0.00042859220411628485,
"inverse_geometric_mean_rank": 0.004877842031419277,
"inverse_harmonic_mean_rank": 0.12795019149780273,
"inverse_median_rank": 0.00283286115154624,
"median_absolute_deviation": 521.8759809139718,
"median_rank": 353.0,
"standard_deviation": 3732.491455078125,
"variance": 13931493.0,
"z_arithmetic_mean_rank": 287.3831515213237,
"z_geometric_mean_rank": 234.27820279809848,
"z_hits_at_k": 2070.35458089661,
"z_inverse_harmonic_mean_rank": 2929.9757108185713}},
"tail": {"optimistic": {"adjusted_arithmetic_mean_rank": 0.31396749307100047,
"adjusted_arithmetic_mean_rank_index": 0.6861251394702633,
"adjusted_geometric_mean_rank_index": 0.9665011614921529,
"adjusted_hits_at_k": 0.2371981134023264,
"adjusted_inverse_harmonic_mean_rank": 0.14007196306067843,
"arithmetic_mean_rank": 2325.5433461427774,
"count": 59071.0,
"geometric_mean_rank": 183.44546429238054,
"harmonic_mean_rank": 7.109149266030957,
"hits_at_1": 0.09063669143911564,
"hits_at_10": 0.2377139374650844,
"hits_at_3": 0.15615107243825227,
"hits_at_5": 0.19131214978585093,
"inverse_arithmetic_mean_rank": 0.00043000703541330797,
"inverse_geometric_mean_rank": 0.005451211366044853,
"inverse_harmonic_mean_rank": 0.1406638069590429,
"inverse_median_rank": 0.003367003367003367,
"median_absolute_deviation": 438.8502566776582,
"median_rank": 297.0,
"standard_deviation": 3810.818765244401,
"variance": 14522339.661538862,
"z_arithmetic_mean_rank": 288.62728453648714,
"z_geometric_mean_rank": 235.293012950462,
"z_hits_at_k": 2216.1895443524936,
"z_inverse_harmonic_mean_rank": 3232.6409146892793},
"pessimistic": {"adjusted_arithmetic_mean_rank": 0.3139675204972971,
"adjusted_arithmetic_mean_rank_index": 0.6861251120402634,
"adjusted_geometric_mean_rank_index": 0.9665011511045081,
"adjusted_hits_at_k": 0.2371981134023264,
"adjusted_inverse_harmonic_mean_rank": 0.14007196015608542,
"arithmetic_mean_rank": 2325.5435492881447,