{"MRR": 0.10085418820381166,
"evaluation_time": "days: 0.0, hours: 0.0, minutes: 6.0, seconds: 17.500921726226807",
"hit_at_1": 0.06306817219955646,
"hit_at_10": 0.1343044810482301,
"hit_at_3": 0.11073115403497485,
"hit_at_5": 0.1343044810482301,
"training_time": "days: 0.0, hours: 11.0, minutes: 28.0, seconds: 29.300261735916138"}