{"MRR": 0.1382761299610138,
"evaluation_time": "days: 0.0, hours: 0.0, minutes: 2.0, seconds: 25.0154230594635",
"hit_at_1": 0.08819048263953548,
"hit_at_10": 0.18566640144910362,
"hit_at_3": 0.15320546461038412,
"hit_at_5": 0.18566640144910362,
"training_time": "days: 1.0, hours: 5.0, minutes: 8.0, seconds: 58.47633409500122"}