{"MRR": 0.12605831027030945,
"evaluation_time": "days: 0.0, hours: 0.0, minutes: 5.0, seconds: 37.24163508415222",
"hit_at_1": 0.08019163379661763,
"hit_at_10": 0.16832286570398333,
"hit_at_3": 0.14006873084931692,
"hit_at_5": 0.16832286570398333,
"training_time": "days: 0.0, hours: 19.0, minutes: 37.0, seconds: 35.13974690437317"}