{"both": {"optimistic": {"adjusted_arithmetic_mean_rank": 0.31124394863566684,
"adjusted_arithmetic_mean_rank_index": 0.6888493047918132,
"adjusted_geometric_mean_rank_index": 0.9482970443785973,
"adjusted_hits_at_k": 0.16846984485707395,
"adjusted_inverse_harmonic_mean_rank": 0.10023322028796504,
"arithmetic_mean_rank": 2299.113109647712,
"count": 118142.0,
"geometric_mean_rank": 281.7785531919082,
"harmonic_mean_rank": 9.915304571585976,
"hits_at_1": 0.06306817219955646,
"hits_at_10": 0.1690338744900205,
"hits_at_3": 0.11073115403497485,
"hits_at_5": 0.1343044810482301,
"inverse_arithmetic_mean_rank": 0.0004349503274996452,
"inverse_geometric_mean_rank": 0.0035488861330015406,
"inverse_harmonic_mean_rank": 0.10085418887339814,
"inverse_median_rank": 0.001984126984126984,
"median_absolute_deviation": 744.2663136898121,
"median_rank": 504.0,
"standard_deviation": 3497.684751654914,
"variance": 12233798.621959299,
"z_arithmetic_mean_rank": 409.7394783695557,
"z_geometric_mean_rank": 326.5116171794294,
"z_hits_at_k": 2222.6210106511753,
"z_inverse_harmonic_mean_rank": 3266.38724328031},
"pessimistic": {"adjusted_arithmetic_mean_rank": 0.31124396811549765,
"adjusted_arithmetic_mean_rank_index": 0.6888492853093449,
"adjusted_geometric_mean_rank_index": 0.9482970376029025,
"adjusted_hits_at_k": 0.16846984485707395,
"adjusted_inverse_harmonic_mean_rank": 0.10023322005996732,
"arithmetic_mean_rank": 2299.113253542347,
"count": 118142.0,
"geometric_mean_rank": 281.77858998805925,
"harmonic_mean_rank": 9.915304593985704,
"hits_at_1": 0.06306817219955646,
"hits_at_10": 0.1690338744900205,
"hits_at_3": 0.11073115403497485,
"hits_at_5": 0.1343044810482301,
"inverse_arithmetic_mean_rank": 0.00043495030027740263,
"inverse_geometric_mean_rank": 0.0035488856695690624,
"inverse_harmonic_mean_rank": 0.10085418864555779,
"inverse_median_rank": 0.001984126984126984,
"median_absolute_deviation": 744.2663136898121,
"median_rank": 504.0,
"standard_deviation": 3497.684766273096,
"variance": 12233798.724218883,
"z_arithmetic_mean_rank": 409.73946678104664,
"z_geometric_mean_rank": 326.5116148464652,
"z_hits_at_k": 2222.6210106511753,
"z_inverse_harmonic_mean_rank": 3266.38723585035},
"realistic": {"adjusted_arithmetic_mean_rank": 0.31124393881574175,
"adjusted_arithmetic_mean_rank_index": 0.6888493146130678,
"adjusted_geometric_mean_rank_index": 0.9482970760222382,
"adjusted_hits_at_k": 0.16846984485707395,
"adjusted_inverse_harmonic_mean_rank": 0.10023321961791612,
"arithmetic_mean_rank": 2299.113037109375,
"count": 118142.0,
"geometric_mean_rank": 281.77838134765625,
"harmonic_mean_rank": 9.91530463741521,
"hits_at_1": 0.06306817219955646,
"hits_at_10": 0.1690338744900205,
"hits_at_3": 0.11073115403497485,
"hits_at_5": 0.1343044810482301,
"inverse_arithmetic_mean_rank": 0.0004349503433331847,
"inverse_geometric_mean_rank": 0.0035488882567733526,
"inverse_harmonic_mean_rank": 0.10085418820381166,
"inverse_median_rank": 0.0019841270986944437,
"median_absolute_deviation": 744.2663136898121,
"median_rank": 504.0,
"standard_deviation": 3497.684814453125,
"variance": 12233799.0,
"z_arithmetic_mean_rank": 409.7394842114078,
"z_geometric_mean_rank": 326.5116280747669,
"z_hits_at_k": 2222.6210106511753,
"z_inverse_harmonic_mean_rank": 3266.3872214448425}},
"head": {"optimistic": {"adjusted_arithmetic_mean_rank": 0.31892335169656544,
"adjusted_arithmetic_mean_rank_index": 0.6811691136655562,
"adjusted_geometric_mean_rank_index": 0.9437749894503041,
"adjusted_hits_at_k": 0.1587782584000293,
"adjusted_inverse_harmonic_mean_rank": 0.09346387988642867,
"arithmetic_mean_rank": 2349.4282812209035,
"count": 59071.0,
"geometric_mean_rank": 305.45773250744435,
"harmonic_mean_rank": 10.627982073742317,
"hits_at_1": 0.057591711669008484,
"hits_at_10": 0.15935061197541942,
"hits_at_3": 0.10319784665910514,
"hits_at_5": 0.12573005366423456,
"inverse_arithmetic_mean_rank": 0.0004256354654419756,
"inverse_geometric_mean_rank": 0.00327377536587858,
"inverse_harmonic_mean_rank": 0.09409123886938217,
"inverse_median_rank": 0.0017857142857142857,
"median_absolute_deviation": 825.8094357076203,
"median_rank": 560.0,
"standard_deviation": 3513.1278879377846,
"variance": 12342067.5570062,
"z_arithmetic_mean_rank": 286.45777185287454,
"z_geometric_mean_rank": 229.76215695958717,
"z_hits_at_k": 1478.9513421489876,
"z_inverse_harmonic_mean_rank": 2150.411436215271},
"pessimistic": {"adjusted_arithmetic_mean_rank": 0.31892337697455264,
"adjusted_arithmetic_mean_rank_index": 0.6811690883841373,
"adjusted_geometric_mean_rank_index": 0.9437749796966751,
"adjusted_hits_at_k": 0.1587782584000293,
"adjusted_inverse_harmonic_mean_rank": 0.09346387956770769,
"arithmetic_mean_rank": 2349.4284674374903,
"count": 59071.0,
"geometric_mean_rank": 305.4577853232244,
"harmonic_mean_rank": 10.627982109718214,
"hits_at_1": 0.057591711669008484,
"hits_at_10": 0.15935061197541942,
"hits_at_3": 0.10319784665910514,
"hits_at_5": 0.12573005366423456,
"inverse_arithmetic_mean_rank": 0.000425635431705948,
"inverse_geometric_mean_rank": 0.0032737747998200016,
"inverse_harmonic_mean_rank": 0.09409123855088175,
"inverse_median_rank": 0.0017857142857142857,
"median_absolute_deviation": 825.8094357076203,
"median_rank": 560.0,
"standard_deviation": 3513.1279295367754,
"variance": 12342067.849291349,
"z_arithmetic_mean_rank": 286.457761221067,
"z_geometric_mean_rank": 229.76215458506476,
"z_hits_at_k": 1478.9513421489876,
"z_inverse_harmonic_mean_rank": 2150.4114288821575},
"realistic": {"adjusted_arithmetic_mean_rank": 0.31892337688759226,
"adjusted_arithmetic_mean_rank_index": 0.6811690884711095,
"adjusted_geometric_mean_rank_index": 0.9437749949666097,
"adjusted_hits_at_k": 0.1587782584000293,
"adjusted_inverse_harmonic_mean_rank": 0.09346387760680802,
"arithmetic_mean_rank": 2349.428466796875,
"count": 59071.0,
"geometric_mean_rank": 305.45770263671875,
"harmonic_mean_rank": 10.627982331056405,
"hits_at_1": 0.057591711669008484,
"hits_at_10": 0.15935061197541942,
"hits_at_3": 0.10319784665910514,
"hits_at_5": 0.12573005366423456,
"inverse_arithmetic_mean_rank": 0.00042563542956486344,
"inverse_geometric_mean_rank": 0.003273775801062584,
"inverse_harmonic_mean_rank": 0.09409123659133911,
"inverse_median_rank": 0.0017857142956927419,
"median_absolute_deviation": 825.8094357076203,
"median_rank": 560.0,
"standard_deviation": 3513.1279296875,
"variance": 12342067.0,
"z_arithmetic_mean_rank": 286.4577612576421,
"z_geometric_mean_rank": 229.76215830253253,
"z_hits_at_k": 1478.9513421489876,
"z_inverse_harmonic_mean_rank": 2150.411383765894}},
"tail": {"optimistic": {"adjusted_arithmetic_mean_rank": 0.30360623129711556,
"adjusted_arithmetic_mean_rank_index": 0.6964878002886529,
"adjusted_geometric_mean_rank_index": 0.9524569082004194,
"adjusted_hits_at_k": 0.17816139096139072,
"adjusted_inverse_harmonic_mean_rank": 0.1070025350056844,
"arithmetic_mean_rank": 2248.7979380745205,
"count": 59071.0,
"geometric_mean_rank": 259.93499129045597,
"harmonic_mean_rank": 9.292200205574066,
"hits_at_1": 0.06854463273010446,
"hits_at_10": 0.17871713700462155,
"hits_at_3": 0.11826446141084458,
"hits_at_5": 0.14287890843222562,
"inverse_arithmetic_mean_rank": 0.00044468201569778477,
"inverse_geometric_mean_rank": 0.003847115753963968,
"inverse_harmonic_mean_rank": 0.10761713887741409,
"inverse_median_rank": 0.002197802197802198,
"median_absolute_deviation": 671.6188049830376,
"median_rank": 455.0,
"standard_deviation": 3481.4460291567816,
"variance": 12120466.453931522,
"z_arithmetic_mean_rank": 292.9864698811513,
"z_geometric_mean_rank": 231.87396411398703,
"z_hits_at_k": 1664.5976065847512,
"z_inverse_harmonic_mean_rank": 2469.450453014675},
"pessimistic": {"adjusted_arithmetic_mean_rank": 0.3036062450102639,
"adjusted_arithmetic_mean_rank_index": 0.6964877865736528,
"adjusted_geometric_mean_rank_index": 0.9524569039878839,
"adjusted_hits_at_k": 0.17816139096139072,
"adjusted_inverse_harmonic_mean_rank": 0.1070025348684097,