{"both": {"optimistic": {"adjusted_arithmetic_mean_rank": 0.2221857852622868,
"adjusted_arithmetic_mean_rank_index": 0.7779195261049574,
"adjusted_geometric_mean_rank_index": 0.9732060301869179,
"adjusted_hits_at_k": 0.2314707136786634,
"adjusted_inverse_harmonic_mean_rank": 0.13768108082119856,
"arithmetic_mean_rank": 1641.2536015980768,
"count": 118142.0,
"geometric_mean_rank": 146.5075824576382,
"harmonic_mean_rank": 7.231902264398104,
"hits_at_1": 0.08819048263953548,
"hits_at_10": 0.2319920096155474,
"hits_at_3": 0.15320546461038412,
"hits_at_5": 0.18566640144910362,
"inverse_arithmetic_mean_rank": 0.0006092903613593336,
"inverse_geometric_mean_rank": 0.0068255852920728124,
"inverse_harmonic_mean_rank": 0.13827620499282672,
"inverse_median_rank": 0.004761904761904762,
"median_absolute_deviation": 309.8638636676708,
"median_rank": 210.0,
"standard_deviation": 2903.110296020256,
"variance": 8428049.390858818,
"z_arithmetic_mean_rank": 462.71998624731054,
"z_geometric_mean_rank": 335.0881210152118,
"z_hits_at_k": 3053.790855028602,
"z_inverse_harmonic_mean_rank": 4486.733288059448},
"pessimistic": {"adjusted_arithmetic_mean_rank": 0.22218580015862804,
"adjusted_arithmetic_mean_rank_index": 0.7779195112065993,
"adjusted_geometric_mean_rank_index": 0.9732059945132784,
"adjusted_hits_at_k": 0.2314707136786634,
"adjusted_inverse_harmonic_mean_rank": 0.13768092852823188,
"arithmetic_mean_rank": 1641.253711635151,
"count": 118142.0,
"geometric_mean_rank": 146.50777618723734,
"harmonic_mean_rank": 7.231910223894531,
"hits_at_1": 0.08819048263953548,
"hits_at_10": 0.2319920096155474,
"hits_at_3": 0.15320546461038412,
"hits_at_5": 0.18566640144910362,
"inverse_arithmetic_mean_rank": 0.0006092903205097513,
"inverse_geometric_mean_rank": 0.00682557626649112,
"inverse_harmonic_mean_rank": 0.1382760528049641,
"inverse_median_rank": 0.004761904761904762,
"median_absolute_deviation": 309.8638636676708,
"median_rank": 210.0,
"standard_deviation": 2903.110319719073,
"variance": 8428049.528459376,
"z_arithmetic_mean_rank": 462.71997738550954,
"z_geometric_mean_rank": 335.08810873229083,
"z_hits_at_k": 3053.790855028602,
"z_inverse_harmonic_mean_rank": 4486.728325155909},
"realistic": {"adjusted_arithmetic_mean_rank": 0.22218579345404357,
"adjusted_arithmetic_mean_rank_index": 0.7779195179120915,
"adjusted_geometric_mean_rank_index": 0.9732060159243432,
"adjusted_hits_at_k": 0.2314707136786634,
"adjusted_inverse_harmonic_mean_rank": 0.1376810057375671,
"arithmetic_mean_rank": 1641.253662109375,
"count": 118142.0,
"geometric_mean_rank": 146.50765991210938,
"harmonic_mean_rank": 7.23190618859484,
"hits_at_1": 0.08819048263953548,
"hits_at_10": 0.2319920096155474,
"hits_at_3": 0.15320546461038412,
"hits_at_5": 0.18566640144910362,
"inverse_arithmetic_mean_rank": 0.0006092903204262257,
"inverse_geometric_mean_rank": 0.006825581658631563,
"inverse_harmonic_mean_rank": 0.1382761299610138,
"inverse_median_rank": 0.004761904943734407,
"median_absolute_deviation": 309.8638636676708,
"median_rank": 210.0,
"standard_deviation": 2903.110107421875,
"variance": 8428049.0,
"z_arithmetic_mean_rank": 462.7199813740523,
"z_geometric_mean_rank": 335.0881161044127,
"z_hits_at_k": 3053.790855028602,
"z_inverse_harmonic_mean_rank": 4486.730841243759}},
"head": {"optimistic": {"adjusted_arithmetic_mean_rank": 0.2360078745985712,
"adjusted_arithmetic_mean_rank_index": 0.764095847660457,
"adjusted_geometric_mean_rank_index": 0.9698383632702182,
"adjusted_hits_at_k": 0.22077978029490813,
"adjusted_inverse_harmonic_mean_rank": 0.12885912944410902,
"arithmetic_mean_rank": 1738.6107734759864,
"count": 59071.0,
"geometric_mean_rank": 164.32488758443202,
"harmonic_mean_rank": 7.7242746916964125,
"hits_at_1": 0.08058099575087606,
"hits_at_10": 0.22130994904437035,
"hits_at_3": 0.14367456112136243,
"hits_at_5": 0.1762963213759713,
"inverse_arithmetic_mean_rank": 0.0005751718643734793,
"inverse_geometric_mean_rank": 0.006085505456294248,
"inverse_harmonic_mean_rank": 0.1294619935092416,
"inverse_median_rank": 0.004032258064516129,
"median_absolute_deviation": 366.2027479708837,
"median_rank": 248.0,
"standard_deviation": 3000.7115029343554,
"variance": 9004269.523842558,
"z_arithmetic_mean_rank": 321.3316482084585,
"z_geometric_mean_rank": 236.1072890657001,
"z_hits_at_k": 2056.468912537541,
"z_inverse_harmonic_mean_rank": 2964.7832505356123},
"pessimistic": {"adjusted_arithmetic_mean_rank": 0.23600789528056074,
"adjusted_arithmetic_mean_rank_index": 0.7640958269756596,
"adjusted_geometric_mean_rank_index": 0.9698383521444877,
"adjusted_hits_at_k": 0.22077978029490813,
"adjusted_inverse_harmonic_mean_rank": 0.12885912737504904,
"arithmetic_mean_rank": 1738.610925835012,
"count": 59071.0,
"geometric_mean_rank": 164.32494783012467,
"harmonic_mean_rank": 7.724274815060246,
"hits_at_1": 0.08058099575087606,
"hits_at_10": 0.22130994904437035,
"hits_at_3": 0.14367456112136243,
"hits_at_5": 0.1762963213759713,
"inverse_arithmetic_mean_rank": 0.0005751718139696636,
"inverse_geometric_mean_rank": 0.006085503225193638,
"inverse_harmonic_mean_rank": 0.12946199144161347,
"inverse_median_rank": 0.004032258064516129,
"median_absolute_deviation": 366.2027479708837,
"median_rank": 248.0,
"standard_deviation": 3000.711506020318,
"variance": 9004269.542362725,
"z_arithmetic_mean_rank": 321.3316395097068,
"z_geometric_mean_rank": 236.10728635713937,
"z_hits_at_k": 2056.468912537541,
"z_inverse_harmonic_mean_rank": 2964.7832029308015},
"realistic": {"adjusted_arithmetic_mean_rank": 0.2360078836076692,
"adjusted_arithmetic_mean_rank_index": 0.7640958386501359,
"adjusted_geometric_mean_rank_index": 0.9698383712525229,
"adjusted_hits_at_k": 0.22077978029490813,
"adjusted_inverse_harmonic_mean_rank": 0.12885913964981593,
"arithmetic_mean_rank": 1738.61083984375,
"count": 59071.0,
"geometric_mean_rank": 164.32484436035156,
"harmonic_mean_rank": 7.724274083200277,
"hits_at_1": 0.08058099575087606,
"hits_at_10": 0.22130994904437035,
"hits_at_3": 0.14367456112136243,
"hits_at_5": 0.1762963213759713,
"inverse_arithmetic_mean_rank": 0.0005751718417741358,
"inverse_geometric_mean_rank": 0.006085507106035948,
"inverse_harmonic_mean_rank": 0.12946200370788574,
"inverse_median_rank": 0.004032257944345474,
"median_absolute_deviation": 366.2027479708837,
"median_rank": 248.0,
"standard_deviation": 3000.71142578125,
"variance": 9004269.0,
"z_arithmetic_mean_rank": 321.33164441927244,
"z_geometric_mean_rank": 236.1072910089933,
"z_hits_at_k": 2056.468912537541,
"z_inverse_harmonic_mean_rank": 2964.783485347915}},
"tail": {"optimistic": {"adjusted_arithmetic_mean_rank": 0.2084387256872694,
"adjusted_arithmetic_mean_rank_index": 0.7916681560299451,
"adjusted_geometric_mean_rank_index": 0.9762000562005049,
"adjusted_hits_at_k": 0.24216160254872357,
"adjusted_inverse_harmonic_mean_rank": 0.1465029987265802,
"arithmetic_mean_rank": 1543.8964297201674,
"count": 59071.0,
"geometric_mean_rank": 130.62215975381665,
"harmonic_mean_rank": 6.798539455902383,
"hits_at_1": 0.09579996952819489,
"hits_at_10": 0.24267407018672446,
"hits_at_3": 0.1627363680994058,
"hits_at_5": 0.19503648152223596,
"inverse_arithmetic_mean_rank": 0.0006477118417724762,
"inverse_geometric_mean_rank": 0.007655668853467882,
"inverse_harmonic_mean_rank": 0.14709041647641186,
"inverse_median_rank": 0.005649717514124294,
"median_absolute_deviation": 260.9379904569859,
"median_rank": 177.0,
"standard_deviation": 2798.726928452104,
"variance": 7832872.420042949,
"z_arithmetic_mean_rank": 333.02529959089793,
"z_geometric_mean_rank": 237.65419185964632,
"z_hits_at_k": 2262.564418890786,
"z_inverse_harmonic_mean_rank": 3381.059117469905},
"pessimistic": {"adjusted_arithmetic_mean_rank": 0.20843873482936828,
"adjusted_arithmetic_mean_rank_index": 0.7916681468866118,
"adjusted_geometric_mean_rank_index": 0.9762000015656997,
"adjusted_hits_at_k": 0.24216160254872357,
"adjusted_inverse_harmonic_mean_rank": 0.14650269621027678,
"arithmetic_mean_rank": 1543.8964974352898,