{"both": {"optimistic": {"adjusted_arithmetic_mean_rank": 0.25328798102521016,
"adjusted_arithmetic_mean_rank_index": 0.7468131192917626,
"adjusted_geometric_mean_rank_index": 0.9660571675464313,
"adjusted_hits_at_k": 0.20910108547782746,
"adjusted_inverse_harmonic_mean_rank": 0.1254547505167222,
"arithmetic_mean_rank": 1871.0009310829341,
"count": 118142.0,
"geometric_mean_rank": 185.33026261274676,
"harmonic_mean_rank": 7.932836631296252,
"hits_at_1": 0.08019163379661763,
"hits_at_10": 0.20963755480692725,
"hits_at_3": 0.14006873084931692,
"hits_at_5": 0.16832286570398333,
"inverse_arithmetic_mean_rank": 0.0005344732775847421,
"inverse_geometric_mean_rank": 0.005395772853835159,
"inverse_harmonic_mean_rank": 0.12605831261605052,
"inverse_median_rank": 0.003395585738539898,
"median_absolute_deviation": 435.1437511313942,
"median_rank": 294.5,
"standard_deviation": 3143.558017331332,
"variance": 9881957.008328095,
"z_arithmetic_mean_rank": 444.21735756941473,
"z_geometric_mean_rank": 332.62667002200703,
"z_hits_at_k": 2758.6685696023064,
"z_inverse_harmonic_mean_rank": 4088.303214437757},
"pessimistic": {"adjusted_arithmetic_mean_rank": 0.2532880050885306,
"adjusted_arithmetic_mean_rank_index": 0.7468130952251841,
"adjusted_geometric_mean_rank_index": 0.9660571494495244,
"adjusted_hits_at_k": 0.20910108547782746,
"adjusted_inverse_harmonic_mean_rank": 0.12545473786784428,
"arithmetic_mean_rank": 1871.0011088351307,
"count": 118142.0,
"geometric_mean_rank": 185.33036088997846,
"harmonic_mean_rank": 7.9328374267395665,
"hits_at_1": 0.08019163379661763,
"hits_at_10": 0.20963755480692725,
"hits_at_3": 0.14006873084931692,
"hits_at_5": 0.16832286570398333,
"inverse_arithmetic_mean_rank": 0.000534473226807755,
"inverse_geometric_mean_rank": 0.005395769992557512,
"inverse_harmonic_mean_rank": 0.12605829997590215,
"inverse_median_rank": 0.003395585738539898,
"median_absolute_deviation": 435.1437511313942,
"median_rank": 294.5,
"standard_deviation": 3143.5580442264554,
"variance": 9881957.177420856,
"z_arithmetic_mean_rank": 444.21734325419766,
"z_geometric_mean_rank": 332.62666379099494,
"z_hits_at_k": 2758.6685696023064,
"z_inverse_harmonic_mean_rank": 4088.302802237756},
"realistic": {"adjusted_arithmetic_mean_rank": 0.25328797065668746,
"adjusted_arithmetic_mean_rank_index": 0.7468131296616891,
"adjusted_geometric_mean_rank_index": 0.9660571706107407,
"adjusted_hits_at_k": 0.20910108547782746,
"adjusted_inverse_harmonic_mean_rank": 0.1254547481693611,
"arithmetic_mean_rank": 1871.0008544921875,
"count": 118142.0,
"geometric_mean_rank": 185.3302459716797,
"harmonic_mean_rank": 7.932836778913498,
"hits_at_1": 0.08019163379661763,
"hits_at_10": 0.20963755480692725,
"hits_at_3": 0.14006873084931692,
"hits_at_5": 0.16832286570398333,
"inverse_arithmetic_mean_rank": 0.0005344732780940831,
"inverse_geometric_mean_rank": 0.005395773332566023,
"inverse_harmonic_mean_rank": 0.12605831027030945,
"inverse_median_rank": 0.003395585808902979,
"median_absolute_deviation": 435.1437511313942,
"median_rank": 294.5,
"standard_deviation": 3143.55810546875,
"variance": 9881957.0,
"z_arithmetic_mean_rank": 444.21736373762633,
"z_geometric_mean_rank": 332.6266710770906,
"z_hits_at_k": 2758.6685696023064,
"z_inverse_harmonic_mean_rank": 4088.303137942257}},
"head": {"optimistic": {"adjusted_arithmetic_mean_rank": 0.2645594231820698,
"adjusted_arithmetic_mean_rank_index": 0.7355404228182649,
"adjusted_geometric_mean_rank_index": 0.9620924183870342,
"adjusted_hits_at_k": 0.1973005154461917,
"adjusted_inverse_harmonic_mean_rank": 0.11572386393402674,
"arithmetic_mean_rank": 1948.9428653654077,
"count": 59071.0,
"geometric_mean_rank": 206.2690827425176,
"harmonic_mean_rank": 8.595804938864237,
"hits_at_1": 0.0715918132416922,
"hits_at_10": 0.19784665910514465,
"hits_at_3": 0.13023310930913645,
"hits_at_5": 0.15757309001032654,
"inverse_arithmetic_mean_rank": 0.0005130986740406625,
"inverse_geometric_mean_rank": 0.004848036296589751,
"inverse_harmonic_mean_rank": 0.11633581812433844,
"inverse_median_rank": 0.002967359050445104,
"median_absolute_deviation": 496.67174319937664,
"median_rank": 337.0,
"standard_deviation": 3207.2670747714237,
"variance": 10286562.088912845,
"z_arithmetic_mean_rank": 309.32299542238576,
"z_geometric_mean_rank": 234.22153766950441,
"z_hits_at_k": 1837.7696358822036,
"z_inverse_harmonic_mean_rank": 2662.56783635713},
"pessimistic": {"adjusted_arithmetic_mean_rank": 0.2645594415660605,
"adjusted_arithmetic_mean_rank_index": 0.7355404044317784,
"adjusted_geometric_mean_rank_index": 0.962092386388653,
"adjusted_hits_at_k": 0.1973005154461917,
"adjusted_inverse_harmonic_mean_rank": 0.11572383920983877,
"arithmetic_mean_rank": 1948.9430007956528,
"count": 59071.0,
"geometric_mean_rank": 206.26925601335392,
"harmonic_mean_rank": 8.595806764417798,
"hits_at_1": 0.0715918132416922,
"hits_at_10": 0.19784665910514465,
"hits_at_3": 0.13023310930913645,
"hits_at_5": 0.15757309001032654,
"inverse_arithmetic_mean_rank": 0.0005130986383859106,
"inverse_geometric_mean_rank": 0.0048480322241297065,
"inverse_harmonic_mean_rank": 0.11633579341726058,
"inverse_median_rank": 0.002967359050445104,
"median_absolute_deviation": 496.67174319937664,
"median_rank": 337.0,
"standard_deviation": 3207.2670635522586,
"variance": 10286562.016947128,
"z_arithmetic_mean_rank": 309.32298769016205,
"z_geometric_mean_rank": 234.22152987949391,
"z_hits_at_k": 1837.7696358822036,
"z_inverse_harmonic_mean_rank": 2662.567267504471},
"realistic": {"adjusted_arithmetic_mean_rank": 0.2645594405301096,
"adjusted_arithmetic_mean_rank_index": 0.7355404054678699,
"adjusted_geometric_mean_rank_index": 0.9620923947354726,
"adjusted_hits_at_k": 0.1973005154461917,
"adjusted_inverse_harmonic_mean_rank": 0.11572384757859354,
"arithmetic_mean_rank": 1948.9429931640625,
"count": 59071.0,
"geometric_mean_rank": 206.2692108154297,
"harmonic_mean_rank": 8.5958061464961,
"hits_at_1": 0.0715918132416922,
"hits_at_10": 0.19784665910514465,
"hits_at_3": 0.13023310930913645,
"hits_at_5": 0.15757309001032654,
"inverse_arithmetic_mean_rank": 0.000513098668307066,
"inverse_geometric_mean_rank": 0.00484803318977356,
"inverse_harmonic_mean_rank": 0.11633580178022383,
"inverse_median_rank": 0.002967359032481909,
"median_absolute_deviation": 496.67174319937664,
"median_rank": 337.0,
"standard_deviation": 3207.267333984375,
"variance": 10286563.0,
"z_arithmetic_mean_rank": 309.32298812587834,
"z_geometric_mean_rank": 234.22153191152833,
"z_hits_at_k": 1837.7696358822036,
"z_inverse_harmonic_mean_rank": 2662.567460052287}},
"tail": {"optimistic": {"adjusted_arithmetic_mean_rank": 0.24207772307817493,
"adjusted_arithmetic_mean_rank_index": 0.758024616484284,
"adjusted_geometric_mean_rank_index": 0.9696094016325123,
"adjusted_hits_at_k": 0.22090160637558892,
"adjusted_inverse_harmonic_mean_rank": 0.13518560017908343,
"arithmetic_mean_rank": 1793.0589968004604,
"count": 59071.0,
"geometric_mean_rank": 166.51698734213522,
"harmonic_mean_rank": 7.364811134215375,
"hits_at_1": 0.08879145435154306,
"hits_at_10": 0.22142845050870985,
"hits_at_3": 0.1499043523894974,
"hits_at_5": 0.17907264139764012,
"inverse_arithmetic_mean_rank": 0.0005577061333644921,
"inverse_geometric_mean_rank": 0.006005393299275488,
"inverse_harmonic_mean_rank": 0.13578080710776258,
"inverse_median_rank": 0.0038461538461538464,
"median_absolute_deviation": 383.9939745929509,
"median_rank": 260.0,
"standard_deviation": 3076.5568477608135,
"variance": 9465202.037503954,
"z_arithmetic_mean_rank": 318.8727158963882,
"z_geometric_mean_rank": 236.04970856215647,
"z_hits_at_k": 2063.9280108854723,
"z_inverse_harmonic_mean_rank": 3119.871333754511},
"pessimistic": {"adjusted_arithmetic_mean_rank": 0.24207775278999633,
"adjusted_arithmetic_mean_rank_index": 0.7580245867684507,
"adjusted_geometric_mean_rank_index": 0.9696093948896755,
"adjusted_hits_at_k": 0.22090160637558892,
"adjusted_inverse_harmonic_mean_rank": 0.13518559960546983,