{"MRR": 0.10802965611219406,
"evaluation_time": "days: 0.0, hours: 0.0, minutes: 1.0, seconds: 36.50143218040466",
"hit_at_1": 0.07648423084085253,
"hit_at_10": 0.132586209815307,
"hit_at_3": 0.1118399891655804,
"hit_at_5": 0.132586209815307,
"training_time": "days: 2.0, hours: 16.0, minutes: 33.0, seconds: 47.031655073165894"}