{"both": {"optimistic": {"adjusted_arithmetic_mean_rank": 0.26066813838583897,
"adjusted_arithmetic_mean_rank_index": 0.7394319627022081,
"adjusted_geometric_mean_rank_index": 0.963090385098362,
"adjusted_hits_at_k": 0.1840548944176715,
"adjusted_inverse_harmonic_mean_rank": 0.11411113048926884,
"arithmetic_mean_rank": 1925.5170642108649,
"count": 118142.0,
"geometric_mean_rank": 201.44169905564192,
"harmonic_mean_rank": 8.716684296172653,
"hits_at_1": 0.07840564744121481,
"hits_at_10": 0.18460835266035788,
"hits_at_3": 0.11804438726278546,
"hits_at_5": 0.14335291428958372,
"inverse_arithmetic_mean_rank": 0.0005193410219970345,
"inverse_geometric_mean_rank": 0.004964215476179942,
"inverse_harmonic_mean_rank": 0.11472252131915375,
"inverse_median_rank": 0.0034602076124567475,
"median_absolute_deviation": 425.5068367111078,
"median_rank": 289.0,
"standard_deviation": 3233.0939018743447,
"variance": 10452896.178337075,
"z_arithmetic_mean_rank": 439.8269179918034,
"z_geometric_mean_rank": 331.6051663268506,
"z_hits_at_k": 2428.2344166278444,
"z_inverse_harmonic_mean_rank": 3718.638789371474},
"pessimistic": {"adjusted_arithmetic_mean_rank": 0.26066815557392503,
"adjusted_arithmetic_mean_rank_index": 0.739431945511795,
"adjusted_geometric_mean_rank_index": 0.9630903640941532,
"adjusted_hits_at_k": 0.1840548944176715,
"adjusted_inverse_harmonic_mean_rank": 0.11411111729259593,
"arithmetic_mean_rank": 1925.5171911767195,
"count": 118142.0,
"geometric_mean_rank": 201.44181312129427,
"harmonic_mean_rank": 8.716685298171697,
"hits_at_1": 0.07840564744121481,
"hits_at_10": 0.18460835266035788,
"hits_at_3": 0.11804438726278546,
"hits_at_5": 0.14335291428958372,
"inverse_arithmetic_mean_rank": 0.0005193409877524289,
"inverse_geometric_mean_rank": 0.0049642126652120104,
"inverse_harmonic_mean_rank": 0.11472250813158845,
"inverse_median_rank": 0.0034602076124567475,
"median_absolute_deviation": 425.5068367111078,
"median_rank": 289.0,
"standard_deviation": 3233.093924744927,
"variance": 10452896.326222554,
"z_arithmetic_mean_rank": 439.82690776664833,
"z_geometric_mean_rank": 331.6051590948148,
"z_hits_at_k": 2428.2344166278444,
"z_inverse_harmonic_mean_rank": 3718.638359320001},
"realistic": {"adjusted_arithmetic_mean_rank": 0.2606681088052101,
"adjusted_arithmetic_mean_rank_index": 0.7394319922868422,
"adjusted_geometric_mean_rank_index": 0.96309034910321,
"adjusted_hits_at_k": 0.1840548944176715,
"adjusted_inverse_harmonic_mean_rank": 0.11411112182654731,
"arithmetic_mean_rank": 1925.516845703125,
"count": 118142.0,
"geometric_mean_rank": 201.44189453125,
"harmonic_mean_rank": 8.716684953917103,
"hits_at_1": 0.07840564744121481,
"hits_at_10": 0.18460835266035788,
"hits_at_3": 0.11804438726278546,
"hits_at_5": 0.14335291428958372,
"inverse_arithmetic_mean_rank": 0.0005193410906940699,
"inverse_geometric_mean_rank": 0.00496421055868268,
"inverse_harmonic_mean_rank": 0.11472251266241075,
"inverse_median_rank": 0.0034602077212184668,
"median_absolute_deviation": 425.5068367111078,
"median_rank": 289.0,
"standard_deviation": 3233.093994140625,
"variance": 10452897.0,
"z_arithmetic_mean_rank": 439.82693558925524,
"z_geometric_mean_rank": 331.60515393322845,
"z_hits_at_k": 2428.2344166278444,
"z_inverse_harmonic_mean_rank": 3718.6385070718234}},
"head": {"optimistic": {"adjusted_arithmetic_mean_rank": 0.2738487916306331,
"adjusted_arithmetic_mean_rank_index": 0.7262497932123566,
"adjusted_geometric_mean_rank_index": 0.9575363003375923,
"adjusted_hits_at_k": 0.16514781365480372,
"adjusted_inverse_harmonic_mean_rank": 0.1035491183690981,
"arithmetic_mean_rank": 2017.3753110663438,
"count": 59071.0,
"geometric_mean_rank": 230.94040528754866,
"harmonic_mean_rank": 9.599739074485067,
"hits_at_1": 0.07128709519053343,
"hits_at_10": 0.16571583348851382,
"hits_at_3": 0.10604188180325372,
"hits_at_5": 0.12847251612466354,
"inverse_arithmetic_mean_rank": 0.0004956935848845202,
"inverse_geometric_mean_rank": 0.004330121438710041,
"inverse_harmonic_mean_rank": 0.10416949796665596,
"inverse_median_rank": 0.0030211480362537764,
"median_absolute_deviation": 487.77612988834306,
"median_rank": 331.0,
"standard_deviation": 3299.0543671093073,
"variance": 10883759.717142992,
"z_arithmetic_mean_rank": 305.4159288766094,
"z_geometric_mean_rank": 233.11235007489356,
"z_hits_at_k": 1538.281016046828,
"z_inverse_harmonic_mean_rank": 2382.4520084282353},
"pessimistic": {"adjusted_arithmetic_mean_rank": 0.27384881231262265,
"adjusted_arithmetic_mean_rank_index": 0.7262497725275593,
"adjusted_geometric_mean_rank_index": 0.9575362658467065,
"adjusted_hits_at_k": 0.16514781365480372,
"adjusted_inverse_harmonic_mean_rank": 0.10354909381374881,
"arithmetic_mean_rank": 2017.3754634253694,
"count": 59071.0,
"geometric_mean_rank": 230.94059205526625,
"harmonic_mean_rank": 9.599741335817559,
"hits_at_1": 0.07128709519053343,
"hits_at_10": 0.16571583348851382,
"hits_at_3": 0.10604188180325372,
"hits_at_5": 0.12847251612466354,
"inverse_arithmetic_mean_rank": 0.0004956935474480623,
"inverse_geometric_mean_rank": 0.004330117936827194,
"inverse_harmonic_mean_rank": 0.10416947342829996,
"inverse_median_rank": 0.0030211480362537764,
"median_absolute_deviation": 487.77612988834306,
"median_rank": 331.0,
"standard_deviation": 3299.054436507037,
"variance": 10883760.175036764,
"z_arithmetic_mean_rank": 305.41592017785774,
"z_geometric_mean_rank": 233.11234167808246,
"z_hits_at_k": 1538.281016046828,
"z_inverse_harmonic_mean_rank": 2382.4514434602074},
"realistic": {"adjusted_arithmetic_mean_rank": 0.27384876597534996,
"adjusted_arithmetic_mean_rank_index": 0.7262498188711228,
"adjusted_geometric_mean_rank_index": 0.9575362817421855,
"adjusted_hits_at_k": 0.16514781365480372,
"adjusted_inverse_harmonic_mean_rank": 0.10354910834869364,
"arithmetic_mean_rank": 2017.3751220703125,
"count": 59071.0,
"geometric_mean_rank": 230.9405059814453,
"harmonic_mean_rank": 9.59973999727638,
"hits_at_1": 0.07128709519053343,
"hits_at_10": 0.16571583348851382,
"hits_at_3": 0.10604188180325372,
"hits_at_5": 0.12847251612466354,
"inverse_arithmetic_mean_rank": 0.0004956936463713646,
"inverse_geometric_mean_rank": 0.004330119583755732,
"inverse_harmonic_mean_rank": 0.10416948795318604,
"inverse_median_rank": 0.003021148033440113,
"median_absolute_deviation": 487.77612988834306,
"median_rank": 331.0,
"standard_deviation": 3299.054443359375,
"variance": 10883761.0,
"z_arithmetic_mean_rank": 305.415939667106,
"z_geometric_mean_rank": 233.11234554783908,
"z_hits_at_k": 1538.281016046828,
"z_inverse_harmonic_mean_rank": 2382.4517778793606}},
"tail": {"optimistic": {"adjusted_arithmetic_mean_rank": 0.24755903302662421,
"adjusted_arithmetic_mean_rank_index": 0.7525425664139529,
"adjusted_geometric_mean_rank_index": 0.9679212967088943,
"adjusted_hits_at_k": 0.20296189645738205,
"adjusted_inverse_harmonic_mean_rank": 0.12467310253569971,
"arithmetic_mean_rank": 1833.658817355386,
"count": 59071.0,
"geometric_mean_rank": 175.710950484816,
"harmonic_mean_rank": 7.982403929043057,
"hits_at_1": 0.08552419969189619,
"hits_at_10": 0.20350087183220192,
"hits_at_3": 0.1300468927223172,
"hits_at_5": 0.1582333124545039,
"inverse_arithmetic_mean_rank": 0.0005453577244223987,
"inverse_geometric_mean_rank": 0.0056911649344610115,
"inverse_harmonic_mean_rank": 0.1252755446716515,
"inverse_median_rank": 0.004048582995951417,
"median_absolute_deviation": 364.7201457523781,
"median_rank": 247.0,
"standard_deviation": 3163.0929111394166,
"variance": 10005156.764500428,
"z_arithmetic_mean_rank": 316.5666216659474,
"z_geometric_mean_rank": 235.63874237868973,
"z_hits_at_k": 1896.3137032538973,
"z_inverse_harmonic_mean_rank": 2877.259398753247},
"pessimistic": {"adjusted_arithmetic_mean_rank": 0.24755904673977255,
"adjusted_arithmetic_mean_rank_index": 0.752542552698953,
"adjusted_geometric_mean_rank_index": 0.9679212862634502,
"adjusted_hits_at_k": 0.20296189645738205,
"adjusted_inverse_harmonic_mean_rank": 0.1246731006976601,