{"MRR": 0.11445631831884383,
"evaluation_time": "days: 0.0, hours: 0.0, minutes: 3.0, seconds: 34.62648606300354",
"hit_at_1": 0.08305259772138612,
"hit_at_10": 0.14022955426520628,
"hit_at_3": 0.11967801459260889,
"hit_at_5": 0.14022955426520628,
"training_time": "days: 1.0, hours: 4.0, minutes: 38.0, seconds: 35.264235973358154"}