{"both": {"optimistic": {"adjusted_arithmetic_mean_rank": 0.3151451869635291,
"adjusted_arithmetic_mean_rank_index": 0.6849475382597416,
"adjusted_geometric_mean_rank_index": 0.949637985753982,
"adjusted_hits_at_k": 0.16802092766864368,
"adjusted_inverse_harmonic_mean_rank": 0.10741363450568679,
"arithmetic_mean_rank": 2327.9309813614127,
"count": 118142.0,
"geometric_mean_rank": 274.4964244476123,
"harmonic_mean_rank": 9.256718155406004,
"hits_at_1": 0.07648423084085253,
"hits_at_10": 0.1685852618035923,
"hits_at_3": 0.1118399891655804,
"hits_at_5": 0.132586209815307,
"inverse_arithmetic_mean_rank": 0.0004295660000259902,
"inverse_geometric_mean_rank": 0.003643034702591728,
"inverse_harmonic_mean_rank": 0.10802964757180074,
"inverse_median_rank": 0.0021321961620469083,
"median_absolute_deviation": 692.3752360421161,
"median_rank": 469.0,
"standard_deviation": 3594.1381412294004,
"variance": 12917828.97823993,
"z_arithmetic_mean_rank": 407.41864016524926,
"z_geometric_mean_rank": 326.97332159959507,
"z_hits_at_k": 2216.6984505877167,
"z_inverse_harmonic_mean_rank": 3500.3816548621458},
"pessimistic": {"adjusted_arithmetic_mean_rank": 0.31514519727638074,
"adjusted_arithmetic_mean_rank_index": 0.6849475279454937,
"adjusted_geometric_mean_rank_index": 0.9496379843588132,
"adjusted_hits_at_k": 0.16802092766864368,
"adjusted_inverse_harmonic_mean_rank": 0.10741363449224187,
"arithmetic_mean_rank": 2327.9310575409254,
"count": 118142.0,
"geometric_mean_rank": 274.4964320242283,
"harmonic_mean_rank": 9.25671815655726,
"hits_at_1": 0.07648423084085253,
"hits_at_10": 0.1685852618035923,
"hits_at_3": 0.1118399891655804,
"hits_at_5": 0.132586209815307,
"inverse_arithmetic_mean_rank": 0.00042956598596881763,
"inverse_geometric_mean_rank": 0.003643034602037142,
"inverse_harmonic_mean_rank": 0.1080296475583651,
"inverse_median_rank": 0.0021321961620469083,
"median_absolute_deviation": 692.3752360421161,
"median_rank": 469.0,
"standard_deviation": 3594.1381800221384,
"variance": 12917829.25709285,
"z_arithmetic_mean_rank": 407.4186340301562,
"z_geometric_mean_rank": 326.97332111921946,
"z_hits_at_k": 2216.6984505877167,
"z_inverse_harmonic_mean_rank": 3500.3816544240044},
"realistic": {"adjusted_arithmetic_mean_rank": 0.315145243161073,
"adjusted_arithmetic_mean_rank_index": 0.6849474820545889,
"adjusted_geometric_mean_rank_index": 0.9496380073122562,
"adjusted_hits_at_k": 0.16802092766864368,
"adjusted_inverse_harmonic_mean_rank": 0.10741364305197829,
"arithmetic_mean_rank": 2327.931396484375,
"count": 118142.0,
"geometric_mean_rank": 274.4963073730469,
"harmonic_mean_rank": 9.256717423606823,
"hits_at_1": 0.07648423084085253,
"hits_at_10": 0.1685852618035923,
"hits_at_3": 0.1118399891655804,
"hits_at_5": 0.132586209815307,
"inverse_arithmetic_mean_rank": 0.0004295659309718758,
"inverse_geometric_mean_rank": 0.0036430363543331623,
"inverse_harmonic_mean_rank": 0.10802965611219406,
"inverse_median_rank": 0.0021321962121874094,
"median_absolute_deviation": 692.3752360421161,
"median_rank": 469.0,
"standard_deviation": 3594.137939453125,
"variance": 12917828.0,
"z_arithmetic_mean_rank": 407.41860673345246,
"z_geometric_mean_rank": 326.97332902240316,
"z_hits_at_k": 2216.6984505877167,
"z_inverse_harmonic_mean_rank": 3500.3819333675897}},
"head": {"optimistic": {"adjusted_arithmetic_mean_rank": 0.3296141685232391,
"adjusted_arithmetic_mean_rank_index": 0.6704768454159749,
"adjusted_geometric_mean_rank_index": 0.943228837072883,
"adjusted_hits_at_k": 0.1525781062105414,
"adjusted_inverse_harmonic_mean_rank": 0.09888531630561827,
"arithmetic_mean_rank": 2428.184845355589,
"count": 59071.0,
"geometric_mean_rank": 308.415140835296,
"harmonic_mean_rank": 10.049350002359414,
"hits_at_1": 0.07038986981767703,
"hits_at_10": 0.15315467826852433,
"hits_at_3": 0.10292698616918623,
"hits_at_5": 0.12090535118755397,
"inverse_arithmetic_mean_rank": 0.00041183026156872243,
"inverse_geometric_mean_rank": 0.0032423829689153735,
"inverse_harmonic_mean_rank": 0.09950892343934853,
"inverse_median_rank": 0.0019083969465648854,
"median_absolute_deviation": 773.9183580599242,
"median_rank": 524.0,
"standard_deviation": 3668.5968314416186,
"variance": 13458602.711663483,
"z_arithmetic_mean_rank": 281.9612624290311,
"z_geometric_mean_rank": 229.62919608473075,
"z_hits_at_k": 1421.1995851101324,
"z_inverse_harmonic_mean_rank": 2275.1475256083686},
"pessimistic": {"adjusted_arithmetic_mean_rank": 0.32961418690722977,
"adjusted_arithmetic_mean_rank_index": 0.6704768270294883,
"adjusted_geometric_mean_rank_index": 0.9432288340288155,
"adjusted_hits_at_k": 0.1525781062105414,
"adjusted_inverse_harmonic_mean_rank": 0.09888531627891102,
"arithmetic_mean_rank": 2428.184980785834,
"count": 59071.0,
"geometric_mean_rank": 308.4151573188834,
"harmonic_mean_rank": 10.0493500050547,
"hits_at_1": 0.07038986981767703,
"hits_at_10": 0.15315467826852433,
"hits_at_3": 0.10292698616918623,
"hits_at_5": 0.12090535118755397,
"inverse_arithmetic_mean_rank": 0.0004118302385991902,
"inverse_geometric_mean_rank": 0.003242382795622648,
"inverse_harmonic_mean_rank": 0.09950892341265975,
"inverse_median_rank": 0.0019083969465648854,
"median_absolute_deviation": 773.9183580599242,
"median_rank": 524.0,
"standard_deviation": 3668.5968700490203,
"variance": 13458602.99493347,
"z_arithmetic_mean_rank": 281.9612546968074,
"z_geometric_mean_rank": 229.6291953436521,
"z_hits_at_k": 1421.1995851101324,
"z_inverse_harmonic_mean_rank": 2275.1475249938894},
"realistic": {"adjusted_arithmetic_mean_rank": 0.32961416432838136,
"adjusted_arithmetic_mean_rank_index": 0.6704768496114022,
"adjusted_geometric_mean_rank_index": 0.9432288389602486,
"adjusted_hits_at_k": 0.1525781062105414,
"adjusted_inverse_harmonic_mean_rank": 0.09888531914062396,
"arithmetic_mean_rank": 2428.184814453125,
"count": 59071.0,
"geometric_mean_rank": 308.4151306152344,
"harmonic_mean_rank": 10.049349716251935,
"hits_at_1": 0.07038986981767703,
"hits_at_10": 0.15315467826852433,
"hits_at_3": 0.10292698616918623,
"hits_at_5": 0.12090535118755397,
"inverse_arithmetic_mean_rank": 0.00041183026041835546,
"inverse_geometric_mean_rank": 0.003242383012548089,
"inverse_harmonic_mean_rank": 0.09950892627239227,
"inverse_median_rank": 0.0019083969527855515,
"median_absolute_deviation": 773.9183580599242,
"median_rank": 524.0,
"standard_deviation": 3668.596923828125,
"variance": 13458603.0,
"z_arithmetic_mean_rank": 281.96126419336935,
"z_geometric_mean_rank": 229.6291965442102,
"z_hits_at_k": 1421.1995851101324,
"z_inverse_harmonic_mean_rank": 2275.147590836012}},
"tail": {"optimistic": {"adjusted_arithmetic_mean_rank": 0.30075474665802376,
"adjusted_arithmetic_mean_rank_index": 0.699339669953623,
"adjusted_geometric_mean_rank_index": 0.9553261818869064,
"adjusted_hits_at_k": 0.1834636848276785,
"adjusted_inverse_harmonic_mean_rank": 0.11594192034813244,
"arithmetic_mean_rank": 2227.677117367236,
"count": 59071.0,
"geometric_mean_rank": 244.30800261768675,
"harmonic_mean_rank": 8.579981216512156,
"hits_at_1": 0.08257859186402804,
"hits_at_10": 0.18401584533866025,
"hits_at_3": 0.12075299216197458,
"hits_at_5": 0.14426706844306006,
"inverse_arithmetic_mean_rank": 0.000448898088598155,
"inverse_geometric_mean_rank": 0.004093193793430018,
"inverse_harmonic_mean_rank": 0.11655037170425293,
"inverse_median_rank": 0.002403846153846154,
"median_absolute_deviation": 613.7973184613192,
"median_rank": 416.0,
"standard_deviation": 3515.2458762261363,
"variance": 12356953.570324855,
"z_arithmetic_mean_rank": 294.1861452026062,
"z_geometric_mean_rank": 232.5724837615276,
"z_hits_at_k": 1714.1380015693433,
"z_inverse_harmonic_mean_rank": 2675.757426792524},
"pessimistic": {"adjusted_arithmetic_mean_rank": 0.3007547489435485,
"adjusted_arithmetic_mean_rank_index": 0.6993396676677895,
"adjusted_geometric_mean_rank_index": 0.955326181808063,
"adjusted_hits_at_k": 0.1834636848276785,
"adjusted_inverse_harmonic_mean_rank": 0.11594192034794983,
"arithmetic_mean_rank": 2227.6771342960164,