{"MRR": 0.11472251266241075,
"evaluation_time": "days: 0.0, hours: 0.0, minutes: 1.0, seconds: 5.330493927001953",
"hit_at_1": 0.07840564744121481,
"hit_at_10": 0.14335291428958372,
"hit_at_3": 0.11804438726278546,
"hit_at_5": 0.14335291428958372,
"training_time": "days: 4.0, hours: 7.0, minutes: 7.0, seconds: 55.11173605918884"}