{"both": {"optimistic": {"adjusted_arithmetic_mean_rank": 0.402586900222948,
"adjusted_arithmetic_mean_rank_index": 0.5974939859181831,
"adjusted_geometric_mean_rank_index": 0.9408102153380691,
"adjusted_hits_at_k": 0.17214588372082357,
"adjusted_inverse_harmonic_mean_rank": 0.11384473392086993,
"arithmetic_mean_rank": 2973.8500110037076,
"count": 118142.0,
"geometric_mean_rank": 322.43659683234694,
"harmonic_mean_rank": 8.736958339893047,
"hits_at_1": 0.08305259772138612,
"hits_at_10": 0.17270741988454572,
"hits_at_3": 0.11967801459260889,
"hits_at_5": 0.14022955426520628,
"inverse_arithmetic_mean_rank": 0.00033626443711009114,
"inverse_geometric_mean_rank": 0.0031013849228782074,
"inverse_harmonic_mean_rank": 0.11445630860273068,
"inverse_median_rank": 0.0016474464579901153,
"median_absolute_deviation": 898.4569444143948,
"median_rank": 607.0,
"standard_deviation": 4286.954180648228,
"variance": 18377976.146977324,
"z_arithmetic_mean_rank": 355.399754947931,
"z_geometric_mean_rank": 323.9337997412546,
"z_hits_at_k": 2271.118955321759,
"z_inverse_harmonic_mean_rank": 3709.9574923905734},
"pessimistic": {"adjusted_arithmetic_mean_rank": 0.40258692772388566,
"adjusted_arithmetic_mean_rank_index": 0.5974939584135222,
"adjusted_geometric_mean_rank_index": 0.9408102003414531,
"adjusted_hits_at_k": 0.17214588372082357,
"adjusted_inverse_harmonic_mean_rank": 0.11384473246809271,
"arithmetic_mean_rank": 2973.850214149075,
"count": 118142.0,
"geometric_mean_rank": 322.43667827310975,
"harmonic_mean_rank": 8.73695845071345,
"hits_at_1": 0.08305259772138612,
"hits_at_10": 0.17270741988454572,
"hits_at_3": 0.11967801459260889,
"hits_at_5": 0.14022955426520628,
"inverse_arithmetic_mean_rank": 0.0003362644141396798,
"inverse_geometric_mean_rank": 0.0031013841395332257,
"inverse_harmonic_mean_rank": 0.11445630715095607,
"inverse_median_rank": 0.0016474464579901153,
"median_absolute_deviation": 898.4569444143948,
"median_rank": 607.0,
"standard_deviation": 4286.9542657009515,
"variance": 18377976.876211587,
"z_arithmetic_mean_rank": 355.399738587683,
"z_geometric_mean_rank": 323.933794577715,
"z_hits_at_k": 2271.118955321759,
"z_inverse_harmonic_mean_rank": 3709.9574450476566},
"realistic": {"adjusted_arithmetic_mean_rank": 0.40258694500429054,
"adjusted_arithmetic_mean_rank_index": 0.5974939411307776,
"adjusted_geometric_mean_rank_index": 0.9408102681899456,
"adjusted_hits_at_k": 0.17214588372082357,
"adjusted_inverse_harmonic_mean_rank": 0.11384474364369322,
"arithmetic_mean_rank": 2973.850341796875,
"count": 118142.0,
"geometric_mean_rank": 322.4363098144531,
"harmonic_mean_rank": 8.736957598219043,
"hits_at_1": 0.08305259772138612,
"hits_at_10": 0.17270741988454572,
"hits_at_3": 0.11967801459260889,
"hits_at_5": 0.14022955426520628,
"inverse_arithmetic_mean_rank": 0.00033626440563239157,
"inverse_geometric_mean_rank": 0.003101387759670615,
"inverse_harmonic_mean_rank": 0.11445631831884383,
"inverse_median_rank": 0.0016474464209750295,
"median_absolute_deviation": 898.4569444143948,
"median_rank": 607.0,
"standard_deviation": 4286.9541015625,
"variance": 18377976.0,
"z_arithmetic_mean_rank": 355.3997283076077,
"z_geometric_mean_rank": 323.93381793887716,
"z_hits_at_k": 2271.118955321759,
"z_inverse_harmonic_mean_rank": 3709.957809236684}},
"head": {"optimistic": {"adjusted_arithmetic_mean_rank": 0.4136374947740635,
"adjusted_arithmetic_mean_rank_index": 0.5864421118627452,
"adjusted_geometric_mean_rank_index": 0.9335605216043201,
"adjusted_hits_at_k": 0.15840557165639887,
"adjusted_inverse_harmonic_mean_rank": 0.10355287191239407,
"arithmetic_mean_rank": 3047.1635997359112,
"count": 59071.0,
"geometric_mean_rank": 360.7689487927625,
"harmonic_mean_rank": 9.599393418567347,
"hits_at_1": 0.07379255472228335,
"hits_at_10": 0.15897817880178092,
"hits_at_3": 0.10959692573343942,
"hits_at_5": 0.1288788068595419,
"inverse_arithmetic_mean_rank": 0.0003281740435881641,
"inverse_geometric_mean_rank": 0.002771857177138692,
"inverse_harmonic_mean_rank": 0.10417324891235097,
"inverse_median_rank": 0.0014705882352941176,
"median_absolute_deviation": 1005.2043041467981,
"median_rank": 680.0,
"standard_deviation": 4298.046103685587,
"variance": 18473200.30940685,
"z_arithmetic_mean_rank": 246.6214297076558,
"z_geometric_mean_rank": 227.2754432929593,
"z_hits_at_k": 1475.4799250592205,
"z_inverse_harmonic_mean_rank": 2382.5383697310167},
"pessimistic": {"adjusted_arithmetic_mean_rank": 0.4136375315420448,
"adjusted_arithmetic_mean_rank_index": 0.5864420750897721,
"adjusted_geometric_mean_rank_index": 0.933560502454507,
"adjusted_hits_at_k": 0.15840557165639887,
"adjusted_inverse_harmonic_mean_rank": 0.10355287044266921,
"arithmetic_mean_rank": 3047.163870596401,
"count": 59071.0,
"geometric_mean_rank": 360.76905248876227,
"harmonic_mean_rank": 9.599393553906351,
"hits_at_1": 0.07379255472228335,
"hits_at_10": 0.15897817880178092,
"hits_at_3": 0.10959692573343942,
"hits_at_5": 0.1288788068595419,
"inverse_arithmetic_mean_rank": 0.0003281740144169787,
"inverse_geometric_mean_rank": 0.002771856380422623,
"inverse_harmonic_mean_rank": 0.10417324744364322,
"inverse_median_rank": 0.0014705882352941176,
"median_absolute_deviation": 1005.2043041467981,
"median_rank": 680.0,
"standard_deviation": 4298.0461848364375,
"variance": 18473201.006987058,
"z_arithmetic_mean_rank": 246.6214142432084,
"z_geometric_mean_rank": 227.27543863093453,
"z_hits_at_k": 1475.4799250592205,
"z_inverse_harmonic_mean_rank": 2382.538335915674},
"realistic": {"adjusted_arithmetic_mean_rank": 0.41363752445112506,
"adjusted_arithmetic_mean_rank_index": 0.5864420821816545,
"adjusted_geometric_mean_rank_index": 0.9335605042125926,
"adjusted_hits_at_k": 0.15840557165639887,
"adjusted_inverse_harmonic_mean_rank": 0.10355287349752754,
"arithmetic_mean_rank": 3047.163818359375,
"count": 59071.0,
"geometric_mean_rank": 360.76904296875,
"harmonic_mean_rank": 9.599393272600993,
"hits_at_1": 0.07379255472228335,
"hits_at_10": 0.15897817880178092,
"hits_at_3": 0.10959692573343942,
"hits_at_5": 0.1288788068595419,
"inverse_arithmetic_mean_rank": 0.0003281740064267069,
"inverse_geometric_mean_rank": 0.0027718564961105585,
"inverse_harmonic_mean_rank": 0.10417325049638747,
"inverse_median_rank": 0.00147058826405555,
"median_absolute_deviation": 1005.2043041467981,
"median_rank": 680.0,
"standard_deviation": 4298.0458984375,
"variance": 18473200.0,
"z_arithmetic_mean_rank": 246.62141722561734,
"z_geometric_mean_rank": 227.27543905894075,
"z_hits_at_k": 1475.4799250592205,
"z_inverse_harmonic_mean_rank": 2382.538406201674}},
"tail": {"optimistic": {"adjusted_arithmetic_mean_rank": 0.39159629106556404,
"adjusted_arithmetic_mean_rank_index": 0.6084858595338662,
"adjusted_geometric_mean_rank_index": 0.9472713656131034,
"adjusted_hits_at_k": 0.18588613857489622,
"adjusted_inverse_harmonic_mean_rank": 0.1241365568805929,
"arithmetic_mean_rank": 2900.536422271504,
"count": 59071.0,
"geometric_mean_rank": 288.17712645371387,
"harmonic_mean_rank": 8.016715281499728,
"hits_at_1": 0.0923126407204889,
"hits_at_10": 0.1864366609673105,
"hits_at_3": 0.12975910345177838,
"hits_at_5": 0.15158030167087064,
"inverse_arithmetic_mean_rank": 0.00034476381414196055,
"inverse_geometric_mean_rank": 0.0034700880403171655,
"inverse_harmonic_mean_rank": 0.1247393682931103,
"inverse_median_rank": 0.0018726591760299626,
"median_absolute_deviation": 790.2269824634858,
"median_rank": 534.0,
"standard_deviation": 4274.576262036064,
"variance": 18272002.219962206,
"z_arithmetic_mean_rank": 255.96733192388993,
"z_geometric_mean_rank": 230.61155286424906,
"z_hits_at_k": 1736.7714727603868,
"z_inverse_harmonic_mean_rank": 2864.8767677156156},
"pessimistic": {"adjusted_arithmetic_mean_rank": 0.3915963093497618,
"adjusted_arithmetic_mean_rank_index": 0.6084858412471996,
"adjusted_geometric_mean_rank_index": 0.9472713540926364,
"adjusted_hits_at_k": 0.18588613857489622,
"adjusted_inverse_harmonic_mean_rank": 0.12413655544476333,