{"both": {"optimistic": {"adjusted_arithmetic_mean_rank": 0.39587867785573105,
"adjusted_arithmetic_mean_rank_index": 0.6042031165383684,
"adjusted_geometric_mean_rank_index": 0.9220734805956985,
"adjusted_hits_at_k": 0.13336960280320637,
"adjusted_inverse_harmonic_mean_rank": 0.06641448498662982,
"arithmetic_mean_rank": 2924.2973624959795,
"count": 118142.0,
"geometric_mean_rank": 424.18848334008123,
"harmonic_mean_rank": 14.912287409134747,
"hits_at_1": 0.028541924125205263,
"hits_at_10": 0.13395744104552149,
"hits_at_3": 0.07978534306173926,
"hits_at_5": 0.10163193445176144,
"inverse_arithmetic_mean_rank": 0.00034196248740807556,
"inverse_geometric_mean_rank": 0.002357442597512196,
"inverse_harmonic_mean_rank": 0.06705879336710174,
"inverse_median_rank": 0.001310615989515072,
"median_absolute_deviation": 1125.2950838457518,
"median_rank": 763.0,
"standard_deviation": 4079.7769164903184,
"variance": 16644579.688327251,
"z_arithmetic_mean_rank": 359.39046185799856,
"z_geometric_mean_rank": 317.48248620225445,
"z_hits_at_k": 1759.5438615385028,
"z_inverse_harmonic_mean_rank": 2164.3066630615544},
"pessimistic": {"adjusted_arithmetic_mean_rank": 0.3958792943350837,
"adjusted_arithmetic_mean_rank_index": 0.6042024999755482,
"adjusted_geometric_mean_rank_index": 0.9220732323187822,
"adjusted_hits_at_k": 0.13336960280320637,
"adjusted_inverse_harmonic_mean_rank": 0.06641444834491567,
"arithmetic_mean_rank": 2924.3019163379663,
"count": 118142.0,
"geometric_mean_rank": 424.18983163501866,
"harmonic_mean_rank": 14.912295551765126,
"hits_at_1": 0.028541924125205263,
"hits_at_10": 0.13395744104552149,
"hits_at_3": 0.07978534306173926,
"hits_at_5": 0.10163193445176144,
"inverse_arithmetic_mean_rank": 0.00034196195489016954,
"inverse_geometric_mean_rank": 0.0023574351043388984,
"inverse_harmonic_mean_rank": 0.06705875675067564,
"inverse_median_rank": 0.001310615989515072,
"median_absolute_deviation": 1125.2950838457518,
"median_rank": 763.0,
"standard_deviation": 4079.78042414925,
"variance": 16644608.309271434,
"z_arithmetic_mean_rank": 359.39009511577126,
"z_geometric_mean_rank": 317.4824007171231,
"z_hits_at_k": 1759.5438615385028,
"z_inverse_harmonic_mean_rank": 2164.3054689861037},
"realistic": {"adjusted_arithmetic_mean_rank": 0.395878975418316,
"adjusted_arithmetic_mean_rank_index": 0.6042028189354953,
"adjusted_geometric_mean_rank_index": 0.9220733919309392,
"adjusted_hits_at_k": 0.13336960280320637,
"adjusted_inverse_harmonic_mean_rank": 0.06641447090907172,
"arithmetic_mean_rank": 2924.299560546875,
"count": 118142.0,
"geometric_mean_rank": 424.18896484375,
"harmonic_mean_rank": 14.912290537490401,
"hits_at_1": 0.028541924125205263,
"hits_at_10": 0.13395744104552149,
"hits_at_3": 0.07978534306173926,
"hits_at_5": 0.10163193445176144,
"inverse_arithmetic_mean_rank": 0.00034196223714388907,
"inverse_geometric_mean_rank": 0.002357439836487174,
"inverse_harmonic_mean_rank": 0.06705877929925919,
"inverse_median_rank": 0.0013106160331517458,
"median_absolute_deviation": 1125.2950838457518,
"median_rank": 763.0,
"standard_deviation": 4079.778564453125,
"variance": 16644594.0,
"z_arithmetic_mean_rank": 359.3902848386633,
"z_geometric_mean_rank": 317.4824556737675,
"z_hits_at_k": 1759.5438615385028,
"z_inverse_harmonic_mean_rank": 2164.3062043039085}},
"head": {"optimistic": {"adjusted_arithmetic_mean_rank": 0.42422959416674144,
"adjusted_arithmetic_mean_rank_index": 0.5758485744493856,
"adjusted_geometric_mean_rank_index": 0.9033125941434157,
"adjusted_hits_at_k": 0.1106677878586479,
"adjusted_inverse_harmonic_mean_rank": 0.05214690854307981,
"arithmetic_mean_rank": 3125.1929373127255,
"count": 59071.0,
"geometric_mean_rank": 524.5610996124917,
"harmonic_mean_rank": 18.938367928056152,
"hits_at_1": 0.018435442095105888,
"hits_at_10": 0.11127287501481269,
"hits_at_3": 0.06378764537590358,
"hits_at_5": 0.08268016454774763,
"inverse_arithmetic_mean_rank": 0.00031998024443888405,
"inverse_geometric_mean_rank": 0.0019063556194668812,
"inverse_harmonic_mean_rank": 0.052802860510411505,
"inverse_median_rank": 0.001026694045174538,
"median_absolute_deviation": 1432.1937430764115,
"median_rank": 974.0,
"standard_deviation": 4159.583414150672,
"variance": 17302134.179277364,
"z_arithmetic_mean_rank": 242.16644039209362,
"z_geometric_mean_rank": 219.91158100092883,
"z_hits_at_k": 1030.8229541972137,
"z_inverse_harmonic_mean_rank": 1199.7929962951755},
"pessimistic": {"adjusted_arithmetic_mean_rank": 0.4242302628844027,
"adjusted_arithmetic_mean_rank_index": 0.5758479056409369,
"adjusted_geometric_mean_rank_index": 0.9033123235275872,
"adjusted_hits_at_k": 0.1106677878586479,
"adjusted_inverse_harmonic_mean_rank": 0.052146886692512676,
"arithmetic_mean_rank": 3125.197863587886,
"count": 59071.0,
"geometric_mean_rank": 524.5625649938355,
"harmonic_mean_rank": 18.9383757595992,
"hits_at_1": 0.018435442095105888,
"hits_at_10": 0.11127287501481269,
"hits_at_3": 0.06378764537590358,
"hits_at_5": 0.08268016454774763,
"inverse_arithmetic_mean_rank": 0.00031997974005138646,
"inverse_geometric_mean_rank": 0.001906350294004971,
"inverse_harmonic_mean_rank": 0.05280283867496583,
"inverse_median_rank": 0.001026694045174538,
"median_absolute_deviation": 1432.1937430764115,
"median_rank": 974.0,
"standard_deviation": 4159.587045368446,
"variance": 17302164.387996994,
"z_arithmetic_mean_rank": 242.16615913245607,
"z_geometric_mean_rank": 219.91151511946646,
"z_hits_at_k": 1030.8229541972137,
"z_inverse_harmonic_mean_rank": 1199.7924935586154},
"realistic": {"adjusted_arithmetic_mean_rank": 0.42422991658674997,
"adjusted_arithmetic_mean_rank_index": 0.5758482519856043,
"adjusted_geometric_mean_rank_index": 0.9033124707884446,
"adjusted_hits_at_k": 0.1106677878586479,
"adjusted_inverse_harmonic_mean_rank": 0.052146893858191504,
"arithmetic_mean_rank": 3125.1953125,
"count": 59071.0,
"geometric_mean_rank": 524.561767578125,
"harmonic_mean_rank": 18.93837319132088,
"hits_at_1": 0.018435442095105888,
"hits_at_10": 0.11127287501481269,
"hits_at_3": 0.06378764537590358,
"hits_at_5": 0.08268016454774763,
"inverse_arithmetic_mean_rank": 0.0003199799975845963,
"inverse_geometric_mean_rank": 0.0019063531653955579,
"inverse_harmonic_mean_rank": 0.05280284583568573,
"inverse_median_rank": 0.0010266940807923675,
"median_absolute_deviation": 1432.1937430764115,
"median_rank": 974.0,
"standard_deviation": 4159.58544921875,
"variance": 17302150.0,
"z_arithmetic_mean_rank": 242.16630478368967,
"z_geometric_mean_rank": 219.9115509701434,
"z_hits_at_k": 1030.8229541972137,
"z_inverse_harmonic_mean_rank": 1199.7926584261315}},
"tail": {"optimistic": {"adjusted_arithmetic_mean_rank": 0.3676816574160873,
"adjusted_arithmetic_mean_rank_index": 0.6324037222916812,
"adjusted_geometric_mean_rank_index": 0.9372013351650701,
"adjusted_hits_at_k": 0.15607132322452413,
"adjusted_inverse_harmonic_mean_rank": 0.08068200729701473,
"arithmetic_mean_rank": 2723.4017876792336,
"count": 59071.0,
"geometric_mean_rank": 343.02175577121926,
"harmonic_mean_rank": 12.297895429762987,
"hits_at_1": 0.03864840615530463,
"hits_at_10": 0.1566420070762303,
"hits_at_3": 0.09578304074757495,
"hits_at_5": 0.12058370435577526,
"inverse_arithmetic_mean_rank": 0.00036718783270394973,
"inverse_geometric_mean_rank": 0.0029152669857679726,
"inverse_harmonic_mean_rank": 0.08131472622379199,
"inverse_median_rank": 0.0016750418760469012,
"median_absolute_deviation": 880.6657177923275,
"median_rank": 597.0,
"standard_deviation": 3988.271196071706,
"variance": 15906307.133415235,
"z_arithmetic_mean_rank": 266.02868572450177,
"z_geometric_mean_rank": 228.16002161004698,
"z_hits_at_k": 1458.2056734860037,
"z_inverse_harmonic_mean_rank": 1862.0140117162823},
"pessimistic": {"adjusted_arithmetic_mean_rank": 0.3676822219406939,
"adjusted_arithmetic_mean_rank_index": 0.6324031576908489,
"adjusted_geometric_mean_rank_index": 0.9372011107265977,
"adjusted_hits_at_k": 0.15607132322452413,
"adjusted_inverse_harmonic_mean_rank": 0.08068195586420966,