{"both": {"optimistic": {"adjusted_arithmetic_mean_rank": 0.32846923656852184,
"adjusted_arithmetic_mean_rank_index": 0.6716216846585572,
"adjusted_geometric_mean_rank_index": 0.9514575643865599,
"adjusted_hits_at_k": 0.18646888307243795,
"adjusted_inverse_harmonic_mean_rank": 0.0930585324268664,
"arithmetic_mean_rank": 2426.353769193005,
"count": 118142.0,
"geometric_mean_rank": 264.61500374866336,
"harmonic_mean_rank": 10.67412972446255,
"hits_at_1": 0.04051057202349715,
"hits_at_10": 0.18702070389869818,
"hits_at_3": 0.11682551505815036,
"hits_at_5": 0.1462223426046622,
"inverse_arithmetic_mean_rank": 0.00041214105407745045,
"inverse_geometric_mean_rank": 0.0037790752067476114,
"inverse_harmonic_mean_rank": 0.09368445257960839,
"inverse_median_rank": 0.0022522522522522522,
"median_absolute_deviation": 655.3101805794761,
"median_rank": 444.0,
"standard_deviation": 3729.812905666957,
"variance": 13911504.311279787,
"z_arithmetic_mean_rank": 399.4921920068548,
"z_geometric_mean_rank": 327.59982736108617,
"z_hits_at_k": 2460.0821452709697,
"z_inverse_harmonic_mean_rank": 3032.579441468873},
"pessimistic": {"adjusted_arithmetic_mean_rank": 0.32846975106523063,
"adjusted_arithmetic_mean_rank_index": 0.6716211700921887,
"adjusted_geometric_mean_rank_index": 0.9514573527841266,
"adjusted_hits_at_k": 0.18646888307243795,
"adjusted_inverse_harmonic_mean_rank": 0.09305781981504563,
"arithmetic_mean_rank": 2426.3575697042543,
"count": 118142.0,
"geometric_mean_rank": 264.6161528788122,
"harmonic_mean_rank": 10.674210861929877,
"hits_at_1": 0.04051057202349715,
"hits_at_10": 0.18702070389869818,
"hits_at_3": 0.1168170506678404,
"hits_at_5": 0.1462223426046622,
"inverse_arithmetic_mean_rank": 0.00041214040852267654,
"inverse_geometric_mean_rank": 0.0037790587956207486,
"inverse_harmonic_mean_rank": 0.09368374045959234,
"inverse_median_rank": 0.0022522522522522522,
"median_absolute_deviation": 655.3101805794761,
"median_rank": 444.0,
"standard_deviation": 3729.816401951142,
"variance": 13911530.392263763,
"z_arithmetic_mean_rank": 399.4918859338807,
"z_geometric_mean_rank": 327.59975450347986,
"z_hits_at_k": 2460.0821452709697,
"z_inverse_harmonic_mean_rank": 3032.556218966851},
"realistic": {"adjusted_arithmetic_mean_rank": 0.3284694666471673,
"adjusted_arithmetic_mean_rank_index": 0.6716214545487605,
"adjusted_geometric_mean_rank_index": 0.9514574825818569,
"adjusted_hits_at_k": 0.18646888307243795,
"adjusted_inverse_harmonic_mean_rank": 0.09305813448375662,
"arithmetic_mean_rank": 2426.35546875,
"count": 118142.0,
"geometric_mean_rank": 264.6154479980469,
"harmonic_mean_rank": 10.674175033825588,
"hits_at_1": 0.04051057202349715,
"hits_at_10": 0.18702070389869818,
"hits_at_3": 0.1168170506678404,
"hits_at_5": 0.1462223426046622,
"inverse_arithmetic_mean_rank": 0.00041214076918549836,
"inverse_geometric_mean_rank": 0.003779068822041154,
"inverse_harmonic_mean_rank": 0.09368405491113663,
"inverse_median_rank": 0.0022522523067891598,
"median_absolute_deviation": 655.3101805794761,
"median_rank": 444.0,
"standard_deviation": 3729.814453125,
"variance": 13911515.0,
"z_arithmetic_mean_rank": 399.49205513356856,
"z_geometric_mean_rank": 327.5997991946102,
"z_hits_at_k": 2460.0821452709697,
"z_inverse_harmonic_mean_rank": 3032.566473350183}},
"head": {"optimistic": {"adjusted_arithmetic_mean_rank": 0.3564932933018873,
"adjusted_arithmetic_mean_rank_index": 0.6435940714327734,
"adjusted_geometric_mean_rank_index": 0.9385292876916396,
"adjusted_hits_at_k": 0.16076027426388195,
"adjusted_inverse_harmonic_mean_rank": 0.07739561857077383,
"arithmetic_mean_rank": 2626.19661085812,
"count": 59071.0,
"geometric_mean_rank": 333.8631422572873,
"harmonic_mean_rank": 12.814910826860709,
"hits_at_1": 0.030217873406578524,
"hits_at_10": 0.16133127930795144,
"hits_at_3": 0.09796685344754617,
"hits_at_5": 0.1232584516937245,
"inverse_arithmetic_mean_rank": 0.0003807788022669202,
"inverse_geometric_mean_rank": 0.0029952392864899206,
"inverse_harmonic_mean_rank": 0.0780340974284385,
"inverse_median_rank": 0.001694915254237288,
"median_absolute_deviation": 870.2875022627884,
"median_rank": 590.0,
"standard_deviation": 3849.314560038262,
"variance": 14817222.582122557,
"z_arithmetic_mean_rank": 270.6560235654949,
"z_geometric_mean_rank": 228.4850901117578,
"z_hits_at_k": 1497.4129693991133,
"z_inverse_harmonic_mean_rank": 1780.7138275212317},
"pessimistic": {"adjusted_arithmetic_mean_rank": 0.35649379886163113,
"adjusted_arithmetic_mean_rank_index": 0.643593565804393,
"adjusted_geometric_mean_rank_index": 0.938529184971058,
"adjusted_hits_at_k": 0.16076027426388195,
"adjusted_inverse_harmonic_mean_rank": 0.0773956128102221,
"arithmetic_mean_rank": 2626.200335189856,
"count": 59071.0,
"geometric_mean_rank": 333.86369848795835,
"harmonic_mean_rank": 12.81491177221508,
"hits_at_1": 0.030217873406578524,
"hits_at_10": 0.16133127930795144,
"hits_at_3": 0.09796685344754617,
"hits_at_5": 0.1232584516937245,
"inverse_arithmetic_mean_rank": 0.0003807782622675307,
"inverse_geometric_mean_rank": 0.0029952342962979175,
"inverse_harmonic_mean_rank": 0.0780340916718733,
"inverse_median_rank": 0.001694915254237288,
"median_absolute_deviation": 870.2875022627884,
"median_rank": 590.0,
"standard_deviation": 3849.318000337082,
"variance": 14817249.067719072,
"z_arithmetic_mean_rank": 270.6558109293428,
"z_geometric_mean_rank": 228.48506510441746,
"z_hits_at_k": 1497.4129693991133,
"z_inverse_harmonic_mean_rank": 1780.7136949827973},
"realistic": {"adjusted_arithmetic_mean_rank": 0.35649354788773047,
"adjusted_arithmetic_mean_rank_index": 0.6435938168123667,
"adjusted_geometric_mean_rank_index": 0.9385292732950125,
"adjusted_hits_at_k": 0.16076027426388195,
"adjusted_inverse_harmonic_mean_rank": 0.07739560915137306,
"arithmetic_mean_rank": 2626.198486328125,
"count": 59071.0,
"geometric_mean_rank": 333.86322021484375,
"harmonic_mean_rank": 12.814912372662661,
"hits_at_1": 0.030217873406578524,
"hits_at_10": 0.16133127930795144,
"hits_at_3": 0.09796685344754617,
"hits_at_5": 0.1232584516937245,
"inverse_arithmetic_mean_rank": 0.00038077853969298303,
"inverse_geometric_mean_rank": 0.0029952386394143105,
"inverse_harmonic_mean_rank": 0.07803408801555634,
"inverse_median_rank": 0.0016949152341112494,
"median_absolute_deviation": 870.2875022627884,
"median_rank": 590.0,
"standard_deviation": 3849.31640625,
"variance": 14817237.0,
"z_arithmetic_mean_rank": 270.6559164878355,
"z_geometric_mean_rank": 228.48508660689689,
"z_hits_at_k": 1497.4129693991133,
"z_inverse_harmonic_mean_rank": 1780.7136108002142}},
"tail": {"optimistic": {"adjusted_arithmetic_mean_rank": 0.30059730143090657,
"adjusted_arithmetic_mean_rank_index": 0.6994971364400118,
"adjusted_geometric_mean_rank_index": 0.9616750631670106,
"adjusted_hits_at_k": 0.21217738483840617,
"adjusted_inverse_harmonic_mean_rank": 0.1087213868556901,
"arithmetic_mean_rank": 2226.51092752789,
"count": 59071.0,
"geometric_mean_rank": 209.7299502289608,
"harmonic_mean_rank": 9.1462181235308,
"hits_at_1": 0.050803270640415774,
"hits_at_10": 0.2127101284894449,
"hits_at_3": 0.13568417666875454,
"hits_at_5": 0.16918623351559986,
"inverse_arithmetic_mean_rank": 0.00044913321000867787,
"inverse_geometric_mean_rank": 0.004768036224241252,
"inverse_harmonic_mean_rank": 0.1093348077307783,
"inverse_median_rank": 0.003067484662576687,
"median_absolute_deviation": 480.363118795815,
"median_rank": 326.0,
"standard_deviation": 3595.2623990061475,
"variance": 12925911.71770744,
"z_arithmetic_mean_rank": 294.2523854870054,
"z_geometric_mean_rank": 234.1181077760442,
"z_hits_at_k": 1982.415859393252,
"z_inverse_harmonic_mean_rank": 2509.118854136538},
"pessimistic": {"adjusted_arithmetic_mean_rank": 0.30059782481606817,
"adjusted_arithmetic_mean_rank_index": 0.6994966129841794,
"adjusted_geometric_mean_rank_index": 0.9616747928654412,
"adjusted_hits_at_k": 0.21217738483840617,
"adjusted_inverse_harmonic_mean_rank": 0.1087199673952822,
"arithmetic_mean_rank": 2226.514804218652,