{"MRR": 0.06705877929925919,
"evaluation_time": "days: 0.0, hours: 0.0, minutes: 11.0, seconds: 58.94362497329712",
"hit_at_1": 0.028541924125205263,
"hit_at_10": 0.10163193445176144,
"hit_at_3": 0.07978534306173926,
"hit_at_5": 0.10163193445176144,
"training_time": "days: 0.0, hours: 13.0, minutes: 28.0, seconds: 15.91582202911377"}