{"both": {"optimistic": {"adjusted_arithmetic_mean_rank": 0.29545383265680464,
"adjusted_arithmetic_mean_rank_index": 0.7046415586574241,
"adjusted_geometric_mean_rank_index": 0.961963813187845,
"adjusted_hits_at_k": 0.21128638047056342,
"adjusted_inverse_harmonic_mean_rank": 0.10400085897181273,
"arithmetic_mean_rank": 2182.4738534983326,
"count": 118142.0,
"geometric_mean_rank": 207.55967098393646,
"harmonic_mean_rank": 9.558472427916053,
"hits_at_1": 0.04476816034941003,
"hits_at_10": 0.21182136750689848,
"hits_at_3": 0.1306224712633949,
"hits_at_5": 0.16508946860557633,
"inverse_arithmetic_mean_rank": 0.0004581956381273843,
"inverse_geometric_mean_rank": 0.004817891622488611,
"inverse_harmonic_mean_rank": 0.104619227344261,
"inverse_median_rank": 0.0031746031746031746,
"median_absolute_deviation": 464.0544943922534,
"median_rank": 315.0,
"standard_deviation": 3547.943852352305,
"variance": 12587905.579444515,
"z_arithmetic_mean_rank": 419.13298405528855,
"z_geometric_mean_rank": 331.2172722397053,
"z_hits_at_k": 2787.499145005557,
"z_inverse_harmonic_mean_rank": 3389.1665663316235},
"pessimistic": {"adjusted_arithmetic_mean_rank": 0.2954543001727449,
"adjusted_arithmetic_mean_rank_index": 0.704641091078185,
"adjusted_geometric_mean_rank_index": 0.9619637207896702,
"adjusted_hits_at_k": 0.21128638047056342,
"adjusted_inverse_harmonic_mean_rank": 0.10400083639452261,
"arithmetic_mean_rank": 2182.477306969579,
"count": 118142.0,
"geometric_mean_rank": 207.5601727623269,
"harmonic_mean_rank": 9.558474489253353,
"hits_at_1": 0.04476816034941003,
"hits_at_10": 0.21182136750689848,
"hits_at_3": 0.1306224712633949,
"hits_at_5": 0.16508946860557633,
"inverse_arithmetic_mean_rank": 0.0004581949130955792,
"inverse_geometric_mean_rank": 0.004817879975196785,
"inverse_harmonic_mean_rank": 0.10461920478255246,
"inverse_median_rank": 0.0031746031746031746,
"median_absolute_deviation": 464.0544943922534,
"median_rank": 315.0,
"standard_deviation": 3547.947144120198,
"variance": 12587928.93747067,
"z_arithmetic_mean_rank": 419.13270593107154,
"z_geometric_mean_rank": 331.21724042575244,
"z_hits_at_k": 2787.499145005557,
"z_inverse_harmonic_mean_rank": 3389.1658305858073},
"realistic": {"adjusted_arithmetic_mean_rank": 0.29545403413619825,
"adjusted_arithmetic_mean_rank_index": 0.7046413571507514,
"adjusted_geometric_mean_rank_index": 0.9619637474323811,
"adjusted_hits_at_k": 0.21128638047056342,
"adjusted_inverse_harmonic_mean_rank": 0.10400085152158754,
"arithmetic_mean_rank": 2182.475341796875,
"count": 118142.0,
"geometric_mean_rank": 207.56002807617188,
"harmonic_mean_rank": 9.558473108131649,
"hits_at_1": 0.04476816034941003,
"hits_at_10": 0.21182136750689848,
"hits_at_3": 0.1306224712633949,
"hits_at_5": 0.16508946860557633,
"inverse_arithmetic_mean_rank": 0.0004581953398883343,
"inverse_geometric_mean_rank": 0.004817883484065533,
"inverse_harmonic_mean_rank": 0.10461921989917754,
"inverse_median_rank": 0.0031746032182127237,
"median_absolute_deviation": 464.0544943922534,
"median_rank": 315.0,
"standard_deviation": 3547.945556640625,
"variance": 12587918.0,
"z_arithmetic_mean_rank": 419.1328641956351,
"z_geometric_mean_rank": 331.2172495992015,
"z_hits_at_k": 2787.499145005557,
"z_inverse_harmonic_mean_rank": 3389.1663235446467}},
"head": {"optimistic": {"adjusted_arithmetic_mean_rank": 0.3228764313401725,
"adjusted_arithmetic_mean_rank_index": 0.6772154973379481,
"adjusted_geometric_mean_rank_index": 0.952029822029466,
"adjusted_hits_at_k": 0.1845444646301142,
"adjusted_inverse_harmonic_mean_rank": 0.08701043857818665,
"arithmetic_mean_rank": 2378.5496267203876,
"count": 59071.0,
"geometric_mean_rank": 260.75791680783163,
"harmonic_mean_rank": 11.41002022241993,
"hits_at_1": 0.03372213099490444,
"hits_at_10": 0.1850992872983359,
"hits_at_3": 0.10895363206988201,
"hits_at_5": 0.14072895329349427,
"inverse_arithmetic_mean_rank": 0.0004204242740055118,
"inverse_geometric_mean_rank": 0.003834974647143545,
"inverse_harmonic_mean_rank": 0.08764226359871533,
"inverse_median_rank": 0.002386634844868735,
"median_absolute_deviation": 618.245125116836,
"median_rank": 419.0,
"standard_deviation": 3676.1389512097244,
"variance": 13513997.588601332,
"z_arithmetic_mean_rank": 284.79512435279446,
"z_geometric_mean_rank": 231.77179713858067,
"z_hits_at_k": 1718.9524964006243,
"z_inverse_harmonic_mean_rank": 2001.9310391993242},
"pessimistic": {"adjusted_arithmetic_mean_rank": 0.3228769300059199,
"adjusted_arithmetic_mean_rank_index": 0.6772149986045,
"adjusted_geometric_mean_rank_index": 0.9520297384653916,
"adjusted_hits_at_k": 0.1845444646301142,
"adjusted_inverse_harmonic_mean_rank": 0.08701043344765645,
"arithmetic_mean_rank": 2378.5533002657817,
"count": 59071.0,
"geometric_mean_rank": 260.7583693062543,
"harmonic_mean_rank": 11.410020889894076,
"hits_at_1": 0.03372213099490444,
"hits_at_10": 0.1850992872983359,
"hits_at_3": 0.10895363206988201,
"hits_at_5": 0.14072895329349427,
"inverse_arithmetic_mean_rank": 0.0004204236246832304,
"inverse_geometric_mean_rank": 0.0038349679922469702,
"inverse_harmonic_mean_rank": 0.08764225847173567,
"inverse_median_rank": 0.002386634844868735,
"median_absolute_deviation": 618.245125116836,
"median_rank": 419.0,
"standard_deviation": 3676.14249320426,
"variance": 13514023.630342033,
"z_arithmetic_mean_rank": 284.79491461622627,
"z_geometric_mean_rank": 231.77177679489475,
"z_hits_at_k": 1718.9524964006243,
"z_inverse_harmonic_mean_rank": 2001.9309211563882},
"realistic": {"adjusted_arithmetic_mean_rank": 0.3228766543436796,
"adjusted_arithmetic_mean_rank_index": 0.6772152743041651,
"adjusted_geometric_mean_rank_index": 0.9520297792988918,
"adjusted_hits_at_k": 0.1845444646301142,
"adjusted_inverse_harmonic_mean_rank": 0.08701044232844879,
"arithmetic_mean_rank": 2378.55126953125,
"count": 59071.0,
"geometric_mean_rank": 260.7581481933594,
"harmonic_mean_rank": 11.410019734516599,
"hits_at_1": 0.03372213099490444,
"hits_at_10": 0.1850992872983359,
"hits_at_3": 0.10895363206988201,
"hits_at_5": 0.14072895329349427,
"inverse_arithmetic_mean_rank": 0.0004204239812679589,
"inverse_geometric_mean_rank": 0.0038349712267518044,
"inverse_harmonic_mean_rank": 0.08764226734638214,
"inverse_median_rank": 0.00238663493655622,
"median_absolute_deviation": 618.245125116836,
"median_rank": 419.0,
"standard_deviation": 3676.140869140625,
"variance": 13514011.0,
"z_arithmetic_mean_rank": 284.7950305585234,
"z_geometric_mean_rank": 231.77178673581622,
"z_hits_at_k": 1718.9524964006243,
"z_inverse_harmonic_mean_rank": 2001.9311254851345}},
"tail": {"optimistic": {"adjusted_arithmetic_mean_rank": 0.2681800907043169,
"adjusted_arithmetic_mean_rank_index": 0.7319187243478282,
"adjusted_geometric_mean_rank_index": 0.9698485316873933,
"adjusted_hits_at_k": 0.23802818496605832,
"adjusted_inverse_harmonic_mean_rank": 0.12099121490142589,
"arithmetic_mean_rank": 1986.3980802762776,
"count": 59071.0,
"geometric_mean_rank": 165.21460804087098,
"harmonic_mean_rank": 8.223941811314097,
"hits_at_1": 0.05581418970391563,
"hits_at_10": 0.23854344771546104,
"hits_at_3": 0.1522913104569078,
"hits_at_5": 0.1894499839176584,
"inverse_arithmetic_mean_rank": 0.0005034237648180346,
"inverse_geometric_mean_rank": 0.006052733543710728,
"inverse_harmonic_mean_rank": 0.12159619108980671,
"inverse_median_rank": 0.004291845493562232,
"median_absolute_deviation": 342.48111247479403,
"median_rank": 233.0,
"standard_deviation": 3403.6630492160116,
"variance": 11584922.152598439,
"z_arithmetic_mean_rank": 307.8909396513651,
"z_geometric_mean_rank": 236.10792435468906,
"z_hits_at_k": 2223.945069445928,
"z_inverse_harmonic_mean_rank": 2792.28721481458},
"pessimistic": {"adjusted_arithmetic_mean_rank": 0.26818052723953906,
"adjusted_arithmetic_mean_rank_index": 0.7319182877536623,
"adjusted_geometric_mean_rank_index": 0.9698484376574991,
"adjusted_hits_at_k": 0.23802818496605832,
"adjusted_inverse_harmonic_mean_rank": 0.12099117487744199,
"arithmetic_mean_rank": 1986.401313673376,