{"MRR": 0.09368405491113663,
"evaluation_time": "days: 0.0, hours: 0.0, minutes: 11.0, seconds: 6.286068916320801",
"hit_at_1": 0.04051057202349715,
"hit_at_10": 0.1462223426046622,
"hit_at_3": 0.1168170506678404,
"hit_at_5": 0.1462223426046622,
"training_time": "days: 0.0, hours: 22.0, minutes: 32.0, seconds: 23.80681824684143"}