{"MRR": 0.10461921989917754,
"evaluation_time": "days: 0.0, hours: 0.0, minutes: 6.0, seconds: 51.81016135215759",
"hit_at_1": 0.04476816034941003,
"hit_at_10": 0.16508946860557633,
"hit_at_3": 0.1306224712633949,
"hit_at_5": 0.16508946860557633,
"training_time": "days: 1.0, hours: 6.0, minutes: 55.0, seconds: 45.09158110618591"}