{"MRR": 0.2519633173942566,
"evaluation_time": "days: 0.0, hours: 0.0, minutes: 0.0, seconds: 0.15798497200012207",
"hit_at_1": 0.10288640595903166,
"hit_at_10": 0.40549348230912474,
"hit_at_3": 0.27886405959031657,
"hit_at_5": 0.40549348230912474,
"training_time": "days: 0.0, hours: 0.0, minutes: 0.0, seconds: 24.27539086341858"}