{"both": {"optimistic": {"adjusted_arithmetic_mean_rank": 0.27780352290964433,
"adjusted_arithmetic_mean_rank_index": 0.7376547669465134,
"adjusted_geometric_mean_rank_index": 0.8196792321273303,
"adjusted_hits_at_k": 0.5489015497817861,
"adjusted_inverse_harmonic_mean_rank": 0.20887923419832483,
"arithmetic_mean_rank": 13.256517690875233,
"count": 2148.0,
"geometric_mean_rank": 7.290594860108201,
"harmonic_mean_rank": 3.968831517948378,
"hits_at_1": 0.10288640595903166,
"hits_at_10": 0.5968342644320298,
"hits_at_3": 0.27886405959031657,
"hits_at_5": 0.40549348230912474,
"inverse_arithmetic_mean_rank": 0.07543459174714662,
"inverse_geometric_mean_rank": 0.13716301881917475,
"inverse_harmonic_mean_rank": 0.25196332862145115,
"inverse_median_rank": 0.125,
"median_absolute_deviation": 8.895613311033612,
"median_rank": 8.0,
"standard_deviation": 15.520750493483618,
"variance": 240.89369588097196,
"z_arithmetic_mean_rank": 58.4931924475525,
"z_geometric_mean_rank": 40.13750551507448,
"z_hits_at_k": 73.79561973795461,
"z_inverse_harmonic_mean_rank": 76.29795339547458},
"pessimistic": {"adjusted_arithmetic_mean_rank": 0.27780352290964433,
"adjusted_arithmetic_mean_rank_index": 0.7376547669465134,
"adjusted_geometric_mean_rank_index": 0.8196792321273303,
"adjusted_hits_at_k": 0.5489015497817861,
"adjusted_inverse_harmonic_mean_rank": 0.20887923419832483,
"arithmetic_mean_rank": 13.256517690875233,
"count": 2148.0,
"geometric_mean_rank": 7.290594860108201,
"harmonic_mean_rank": 3.968831517948378,
"hits_at_1": 0.10288640595903166,
"hits_at_10": 0.5968342644320298,
"hits_at_3": 0.27886405959031657,
"hits_at_5": 0.40549348230912474,
"inverse_arithmetic_mean_rank": 0.07543459174714662,
"inverse_geometric_mean_rank": 0.13716301881917475,
"inverse_harmonic_mean_rank": 0.25196332862145115,
"inverse_median_rank": 0.125,
"median_absolute_deviation": 8.895613311033612,
"median_rank": 8.0,
"standard_deviation": 15.520750493483618,
"variance": 240.89369588097196,
"z_arithmetic_mean_rank": 58.4931924475525,
"z_geometric_mean_rank": 40.13750551507448,
"z_hits_at_k": 73.79561973795461,
"z_inverse_harmonic_mean_rank": 76.29795339547458},
"realistic": {"adjusted_arithmetic_mean_rank": 0.27780351702945677,
"adjusted_arithmetic_mean_rank_index": 0.7376547729525638,
"adjusted_geometric_mean_rank_index": 0.819679253888643,
"adjusted_hits_at_k": 0.5489015497817861,
"adjusted_inverse_harmonic_mean_rank": 0.2088792223244862,
"arithmetic_mean_rank": 13.25651741027832,
"count": 2148.0,
"geometric_mean_rank": 7.290594100952148,
"harmonic_mean_rank": 3.968831694794929,
"hits_at_1": 0.10288640595903166,
"hits_at_10": 0.5968342644320298,
"hits_at_3": 0.27886405959031657,
"hits_at_5": 0.40549348230912474,
"inverse_arithmetic_mean_rank": 0.0754345953464508,
"inverse_geometric_mean_rank": 0.13716302812099457,
"inverse_harmonic_mean_rank": 0.2519633173942566,
"inverse_median_rank": 0.125,
"median_absolute_deviation": 8.895613311033612,
"median_rank": 8.0,
"standard_deviation": 15.520750999450684,
"variance": 240.89370727539062,
"z_arithmetic_mean_rank": 58.49319292380925,
"z_geometric_mean_rank": 40.13750658066792,
"z_hits_at_k": 73.79561973795461,
"z_inverse_harmonic_mean_rank": 76.2979490582814}},
"head": {"optimistic": {"adjusted_arithmetic_mean_rank": 0.2652040524410334,
"adjusted_arithmetic_mean_rank_index": 0.7507029620148554,
"adjusted_geometric_mean_rank_index": 0.832196663323892,
"adjusted_hits_at_k": 0.5733098914382087,
"adjusted_inverse_harmonic_mean_rank": 0.22388951134159696,
"arithmetic_mean_rank": 12.51582867783985,
"count": 1074.0,
"geometric_mean_rank": 6.7886329821302525,
"harmonic_mean_rank": 3.7515969384943864,
"hits_at_1": 0.10986964618249534,
"hits_at_10": 0.6191806331471136,
"hits_at_3": 0.30446927374301674,
"hits_at_5": 0.4338919925512104,
"inverse_arithmetic_mean_rank": 0.07989882457967565,
"inverse_geometric_mean_rank": 0.1473050616570824,
"inverse_harmonic_mean_rank": 0.2665531549349558,
"inverse_median_rank": 0.14285714285714285,
"median_absolute_deviation": 7.41301109252801,
"median_rank": 7.0,
"standard_deviation": 15.234426089609464,
"variance": 232.08773827977348,
"z_arithmetic_mean_rank": 42.07750203484288,
"z_geometric_mean_rank": 28.831451401716155,
"z_hits_at_k": 54.14883713695466,
"z_inverse_harmonic_mean_rank": 57.507003245749054},
"pessimistic": {"adjusted_arithmetic_mean_rank": 0.2652040524410334,
"adjusted_arithmetic_mean_rank_index": 0.7507029620148554,
"adjusted_geometric_mean_rank_index": 0.832196663323892,
"adjusted_hits_at_k": 0.5733098914382087,
"adjusted_inverse_harmonic_mean_rank": 0.22388951134159696,
"arithmetic_mean_rank": 12.51582867783985,
"count": 1074.0,
"geometric_mean_rank": 6.7886329821302525,
"harmonic_mean_rank": 3.7515969384943864,
"hits_at_1": 0.10986964618249534,
"hits_at_10": 0.6191806331471136,
"hits_at_3": 0.30446927374301674,
"hits_at_5": 0.4338919925512104,
"inverse_arithmetic_mean_rank": 0.07989882457967565,
"inverse_geometric_mean_rank": 0.1473050616570824,
"inverse_harmonic_mean_rank": 0.2665531549349558,
"inverse_median_rank": 0.14285714285714285,
"median_absolute_deviation": 7.41301109252801,
"median_rank": 7.0,
"standard_deviation": 15.234426089609464,
"variance": 232.08773827977348,
"z_arithmetic_mean_rank": 42.07750203484288,
"z_geometric_mean_rank": 28.831451401716155,
"z_hits_at_k": 54.14883713695466,
"z_inverse_harmonic_mean_rank": 57.507003245749054},
"realistic": {"adjusted_arithmetic_mean_rank": 0.2652040610961751,
"adjusted_arithmetic_mean_rank_index": 0.7507029531723454,
"adjusted_geometric_mean_rank_index": 0.8321966665824745,
"adjusted_hits_at_k": 0.5733098914382087,
"adjusted_inverse_harmonic_mean_rank": 0.2238894888990709,
"arithmetic_mean_rank": 12.515829086303711,
"count": 1074.0,
"geometric_mean_rank": 6.788632869720459,
"harmonic_mean_rank": 3.751597236997737,
"hits_at_1": 0.10986964618249534,
"hits_at_10": 0.6191806331471136,
"hits_at_3": 0.30446927374301674,
"hits_at_5": 0.4338919925512104,
"inverse_arithmetic_mean_rank": 0.07989881932735443,
"inverse_geometric_mean_rank": 0.14730507135391235,
"inverse_harmonic_mean_rank": 0.26655313372612,
"inverse_median_rank": 0.1428571492433548,
"median_absolute_deviation": 7.41301109252801,
"median_rank": 7.0,
"standard_deviation": 15.23442554473877,
"variance": 232.0877227783203,
"z_arithmetic_mean_rank": 42.07750153921312,
"z_geometric_mean_rank": 28.83145151460974,
"z_hits_at_k": 54.14883713695466,
"z_inverse_harmonic_mean_rank": 57.506997481287776}},
"tail": {"optimistic": {"adjusted_arithmetic_mean_rank": 0.2901283412139342,
"adjusted_arithmetic_mean_rank_index": 0.7248970260735895,
"adjusted_geometric_mean_rank_index": 0.806487551920025,
"adjusted_hits_at_k": 0.5245611638160743,
"adjusted_inverse_harmonic_mean_rank": 0.1938851891007983,
"arithmetic_mean_rank": 13.997206703910615,
"count": 1074.0,
"geometric_mean_rank": 7.8296725650289805,
"harmonic_mean_rank": 4.212770129256852,
"hits_at_1": 0.09590316573556797,
"hits_at_10": 0.574487895716946,
"hits_at_3": 0.2532588454376164,
"hits_at_5": 0.3770949720670391,
"inverse_arithmetic_mean_rank": 0.07144282578327679,
"inverse_geometric_mean_rank": 0.12771926178196427,
"inverse_harmonic_mean_rank": 0.23737350230794663,
"inverse_median_rank": 0.125,
"median_absolute_deviation": 8.895613311033612,
"median_rank": 8.0,
"standard_deviation": 15.767130780649591,
"variance": 248.60241305410776,
"z_arithmetic_mean_rank": 40.66454835966249,
"z_geometric_mean_rank": 27.92167070470004,
"z_hits_at_k": 50.19502664936245,
"z_inverse_harmonic_mean_rank": 50.3599033842755},
"pessimistic": {"adjusted_arithmetic_mean_rank": 0.2901283412139342,
"adjusted_arithmetic_mean_rank_index": 0.7248970260735895,
"adjusted_geometric_mean_rank_index": 0.806487551920025,
"adjusted_hits_at_k": 0.5245611638160743,
"adjusted_inverse_harmonic_mean_rank": 0.1938851891007983,
"arithmetic_mean_rank": 13.997206703910615,
"count": 1074.0,
"geometric_mean_rank": 7.8296725650289805,
"harmonic_mean_rank": 4.212770129256852,