{"both": {"optimistic": {"adjusted_arithmetic_mean_rank": 0.28205716069677705,
"adjusted_arithmetic_mean_rank_index": 0.7333100819610872,
"adjusted_geometric_mean_rank_index": 0.8171260211096756,
"adjusted_hits_at_k": 0.5499433475882947,
"adjusted_inverse_harmonic_mean_rank": 0.20838900495709767,
"arithmetic_mean_rank": 13.45949720670391,
"count": 2148.0,
"geometric_mean_rank": 7.379665111382707,
"harmonic_mean_rank": 3.976146349698021,
"hits_at_1": 0.10335195530726257,
"hits_at_10": 0.5977653631284916,
"hits_at_3": 0.27932960893854747,
"hits_at_5": 0.39664804469273746,
"inverse_arithmetic_mean_rank": 0.07429698038808759,
"inverse_geometric_mean_rank": 0.13550750405429074,
"inverse_harmonic_mean_rank": 0.2514997970524771,
"inverse_median_rank": 0.125,
"median_absolute_deviation": 8.895613311033612,
"median_rank": 8.0,
"standard_deviation": 15.655412321070617,
"variance": 245.0919349427297,
"z_arithmetic_mean_rank": 58.14867559988335,
"z_geometric_mean_rank": 40.01248158219247,
"z_hits_at_k": 73.93568149366199,
"z_inverse_harmonic_mean_rank": 76.11888586899784},
"pessimistic": {"adjusted_arithmetic_mean_rank": 0.28205716069677705,
"adjusted_arithmetic_mean_rank_index": 0.7333100819610872,
"adjusted_geometric_mean_rank_index": 0.8171260211096756,
"adjusted_hits_at_k": 0.5499433475882947,
"adjusted_inverse_harmonic_mean_rank": 0.20838900495709767,
"arithmetic_mean_rank": 13.45949720670391,
"count": 2148.0,
"geometric_mean_rank": 7.379665111382707,
"harmonic_mean_rank": 3.976146349698021,
"hits_at_1": 0.10335195530726257,
"hits_at_10": 0.5977653631284916,
"hits_at_3": 0.27932960893854747,
"hits_at_5": 0.39664804469273746,
"inverse_arithmetic_mean_rank": 0.07429698038808759,
"inverse_geometric_mean_rank": 0.13550750405429074,
"inverse_harmonic_mean_rank": 0.2514997970524771,
"inverse_median_rank": 0.125,
"median_absolute_deviation": 8.895613311033612,
"median_rank": 8.0,
"standard_deviation": 15.655412321070617,
"variance": 245.0919349427297,
"z_arithmetic_mean_rank": 58.14867559988335,
"z_geometric_mean_rank": 40.01248158219247,
"z_hits_at_k": 73.93568149366199,
"z_inverse_harmonic_mean_rank": 76.11888586899784},
"realistic": {"adjusted_arithmetic_mean_rank": 0.2820571658326371,
"adjusted_arithmetic_mean_rank_index": 0.7333100767152962,
"adjusted_geometric_mean_rank_index": 0.8171259862228423,
"adjusted_hits_at_k": 0.5499433475882947,
"adjusted_inverse_harmonic_mean_rank": 0.20838901005649213,
"arithmetic_mean_rank": 13.459497451782227,
"count": 2148.0,
"geometric_mean_rank": 7.379666328430176,
"harmonic_mean_rank": 3.9761462734684585,
"hits_at_1": 0.10335195530726257,
"hits_at_10": 0.5977653631284916,
"hits_at_3": 0.27932960893854747,
"hits_at_5": 0.39664804469273746,
"inverse_arithmetic_mean_rank": 0.0742969810962677,
"inverse_geometric_mean_rank": 0.1355074793100357,
"inverse_harmonic_mean_rank": 0.25149980187416077,
"inverse_median_rank": 0.125,
"median_absolute_deviation": 8.895613311033612,
"median_rank": 8.0,
"standard_deviation": 15.655412673950195,
"variance": 245.09194946289062,
"z_arithmetic_mean_rank": 58.14867518391227,
"z_geometric_mean_rank": 40.012479873877304,
"z_hits_at_k": 73.93568149366199,
"z_inverse_harmonic_mean_rank": 76.11888773166918}},
"head": {"optimistic": {"adjusted_arithmetic_mean_rank": 0.2702153475846149,
"adjusted_arithmetic_mean_rank_index": 0.7455831813188474,
"adjusted_geometric_mean_rank_index": 0.8287601690500496,
"adjusted_hits_at_k": 0.5680936309423432,
"adjusted_inverse_harmonic_mean_rank": 0.2210108098596687,
"arithmetic_mean_rank": 12.752327746741155,
"count": 1074.0,
"geometric_mean_rank": 6.907180112899541,
"harmonic_mean_rank": 3.7902807515837424,
"hits_at_1": 0.10614525139664804,
"hits_at_10": 0.6145251396648045,
"hits_at_3": 0.30726256983240224,
"hits_at_5": 0.425512104283054,
"inverse_arithmetic_mean_rank": 0.07841705607476634,
"inverse_geometric_mean_rank": 0.14477688197712474,
"inverse_harmonic_mean_rank": 0.26383269882637506,
"inverse_median_rank": 0.14285714285714285,
"median_absolute_deviation": 7.41301109252801,
"median_rank": 7.0,
"standard_deviation": 15.394868403670266,
"variance": 237.00197316632506,
"z_arithmetic_mean_rank": 41.79053422792757,
"z_geometric_mean_rank": 28.712394065854188,
"z_hits_at_k": 53.656163899892626,
"z_inverse_harmonic_mean_rank": 56.76759614055326},
"pessimistic": {"adjusted_arithmetic_mean_rank": 0.2702153475846149,
"adjusted_arithmetic_mean_rank_index": 0.7455831813188474,
"adjusted_geometric_mean_rank_index": 0.8287601690500496,
"adjusted_hits_at_k": 0.5680936309423432,
"adjusted_inverse_harmonic_mean_rank": 0.2210108098596687,
"arithmetic_mean_rank": 12.752327746741155,
"count": 1074.0,
"geometric_mean_rank": 6.907180112899541,
"harmonic_mean_rank": 3.7902807515837424,
"hits_at_1": 0.10614525139664804,
"hits_at_10": 0.6145251396648045,
"hits_at_3": 0.30726256983240224,
"hits_at_5": 0.425512104283054,
"inverse_arithmetic_mean_rank": 0.07841705607476634,
"inverse_geometric_mean_rank": 0.14477688197712474,
"inverse_harmonic_mean_rank": 0.26383269882637506,
"inverse_median_rank": 0.14285714285714285,
"median_absolute_deviation": 7.41301109252801,
"median_rank": 7.0,
"standard_deviation": 15.394868403670266,
"variance": 237.00197316632506,
"z_arithmetic_mean_rank": 41.79053422792757,
"z_geometric_mean_rank": 28.712394065854188,
"z_hits_at_k": 53.656163899892626,
"z_inverse_harmonic_mean_rank": 56.76759614055326},
"realistic": {"adjusted_arithmetic_mean_rank": 0.2702153512348269,
"adjusted_arithmetic_mean_rank_index": 0.7455831775896149,
"adjusted_geometric_mean_rank_index": 0.8287602048251067,
"adjusted_hits_at_k": 0.5680936309423432,
"adjusted_inverse_harmonic_mean_rank": 0.22101079875443053,
"arithmetic_mean_rank": 12.752327919006348,
"count": 1074.0,
"geometric_mean_rank": 6.90717887878418,
"harmonic_mean_rank": 3.790280902354024,
"hits_at_1": 0.10614525139664804,
"hits_at_10": 0.6145251396648045,
"hits_at_3": 0.30726256983240224,
"hits_at_5": 0.425512104283054,
"inverse_arithmetic_mean_rank": 0.07841705530881882,
"inverse_geometric_mean_rank": 0.14477691054344177,
"inverse_harmonic_mean_rank": 0.263832688331604,
"inverse_median_rank": 0.1428571492433548,
"median_absolute_deviation": 7.41301109252801,
"median_rank": 7.0,
"standard_deviation": 15.394868850708008,
"variance": 237.00198364257812,
"z_arithmetic_mean_rank": 41.79053401890111,
"z_geometric_mean_rank": 28.712395305280953,
"z_hits_at_k": 53.656163899892626,
"z_inverse_harmonic_mean_rank": 56.767593288124125}},
"tail": {"optimistic": {"adjusted_arithmetic_mean_rank": 0.2936408375952909,
"adjusted_arithmetic_mean_rank_index": 0.721310183086656,
"adjusted_geometric_mean_rank_index": 0.8049349059720897,
"adjusted_hits_at_k": 0.5318435967554342,
"adjusted_inverse_harmonic_mean_rank": 0.1957808492172046,
"arithmetic_mean_rank": 14.166666666666666,
"count": 1074.0,
"geometric_mean_rank": 7.884470401235539,
"harmonic_mean_rank": 4.1811806723301315,
"hits_at_1": 0.1005586592178771,
"hits_at_10": 0.5810055865921788,
"hits_at_3": 0.25139664804469275,
"hits_at_5": 0.36778398510242083,
"inverse_arithmetic_mean_rank": 0.07058823529411765,
"inverse_geometric_mean_rank": 0.12683160048939934,
"inverse_harmonic_mean_rank": 0.2391668952785792,
"inverse_median_rank": 0.125,
"median_absolute_deviation": 8.895613311033612,
"median_rank": 8.0,
"standard_deviation": 15.880230458936236,
"variance": 252.18171942892616,
"z_arithmetic_mean_rank": 40.46333722917859,
"z_geometric_mean_rank": 27.86791603883319,
"z_hits_at_k": 50.89187944876552,
"z_inverse_harmonic_mean_rank": 50.85228374996714},
"pessimistic": {"adjusted_arithmetic_mean_rank": 0.2936408375952909,
"adjusted_arithmetic_mean_rank_index": 0.721310183086656,
"adjusted_geometric_mean_rank_index": 0.8049349059720897,
"adjusted_hits_at_k": 0.5318435967554342,
"adjusted_inverse_harmonic_mean_rank": 0.1957808492172046,
"arithmetic_mean_rank": 14.166666666666666,
"count": 1074.0,
"geometric_mean_rank": 7.884470401235539,
"harmonic_mean_rank": 4.1811806723301315,