{"MRR": 0.4074951112270355,
"evaluation_time": "days: 0.0, hours: 0.0, minutes: 0.0, seconds: 0.12929701805114746",
"hit_at_1": 0.23696461824953446,
"hit_at_10": 0.6177839851024208,
"hit_at_3": 0.46787709497206703,
"hit_at_5": 0.6177839851024208,
"training_time": "days: 0.0, hours: 0.0, minutes: 0.0, seconds: 5.498646020889282"}