{"both": {"optimistic": {"adjusted_arithmetic_mean_rank": 0.1300286340066634,
"adjusted_arithmetic_mean_rank_index": 0.8885927106948007,
"adjusted_geometric_mean_rank_index": 0.919711524744005,
"adjusted_hits_at_k": 0.8004957200536075,
"adjusted_inverse_harmonic_mean_rank": 0.3733690548334488,
"arithmetic_mean_rank": 6.204841713221602,
"count": 2148.0,
"geometric_mean_rank": 3.8009101543307953,
"harmonic_mean_rank": 2.454017209379803,
"hits_at_1": 0.23696461824953446,
"hits_at_10": 0.8216945996275605,
"hits_at_3": 0.46787709497206703,
"hits_at_5": 0.6177839851024208,
"inverse_arithmetic_mean_rank": 0.16116446578631452,
"inverse_geometric_mean_rank": 0.2630948797515221,
"inverse_harmonic_mean_rank": 0.4074951048337298,
"inverse_median_rank": 0.25,
"median_absolute_deviation": 4.447806655516806,
"median_rank": 4.0,
"standard_deviation": 7.497792029000326,
"variance": 56.21688531014083,
"z_arithmetic_mean_rank": 70.46199219903109,
"z_geometric_mean_rank": 45.03582004985535,
"z_hits_at_k": 107.62053374128836,
"z_inverse_harmonic_mean_rank": 136.38165064291167},
"pessimistic": {"adjusted_arithmetic_mean_rank": 0.1300286340066634,
"adjusted_arithmetic_mean_rank_index": 0.8885927106948007,
"adjusted_geometric_mean_rank_index": 0.919711524744005,
"adjusted_hits_at_k": 0.8004957200536075,
"adjusted_inverse_harmonic_mean_rank": 0.3733690548334488,
"arithmetic_mean_rank": 6.204841713221602,
"count": 2148.0,
"geometric_mean_rank": 3.8009101543307953,
"harmonic_mean_rank": 2.454017209379803,
"hits_at_1": 0.23696461824953446,
"hits_at_10": 0.8216945996275605,
"hits_at_3": 0.46787709497206703,
"hits_at_5": 0.6177839851024208,
"inverse_arithmetic_mean_rank": 0.16116446578631452,
"inverse_geometric_mean_rank": 0.2630948797515221,
"inverse_harmonic_mean_rank": 0.4074951048337298,
"inverse_median_rank": 0.25,
"median_absolute_deviation": 4.447806655516806,
"median_rank": 4.0,
"standard_deviation": 7.497792029000326,
"variance": 56.21688531014083,
"z_arithmetic_mean_rank": 70.46199219903109,
"z_geometric_mean_rank": 45.03582004985535,
"z_hits_at_k": 107.62053374128836,
"z_inverse_harmonic_mean_rank": 136.38165064291167},
"realistic": {"adjusted_arithmetic_mean_rank": 0.13002863192254627,
"adjusted_arithmetic_mean_rank_index": 0.8885927128235275,
"adjusted_geometric_mean_rank_index": 0.9197115224473399,
"adjusted_hits_at_k": 0.8004957200536075,
"adjusted_inverse_harmonic_mean_rank": 0.3733690615949848,
"arithmetic_mean_rank": 6.204841613769531,
"count": 2148.0,
"geometric_mean_rank": 3.800910234451294,
"harmonic_mean_rank": 2.454017170878035,
"hits_at_1": 0.23696461824953446,
"hits_at_10": 0.8216945996275605,
"hits_at_3": 0.46787709497206703,
"hits_at_5": 0.6177839851024208,
"inverse_arithmetic_mean_rank": 0.16116446256637573,
"inverse_geometric_mean_rank": 0.26309487223625183,
"inverse_harmonic_mean_rank": 0.4074951112270355,
"inverse_median_rank": 0.25,
"median_absolute_deviation": 4.447806655516806,
"median_rank": 4.0,
"standard_deviation": 7.4977922439575195,
"variance": 56.216888427734375,
"z_arithmetic_mean_rank": 70.46199236783094,
"z_geometric_mean_rank": 45.03581993739379,
"z_hits_at_k": 107.62053374128836,
"z_inverse_harmonic_mean_rank": 136.3816531127185}},
"head": {"optimistic": {"adjusted_arithmetic_mean_rank": 0.12066567361474187,
"adjusted_arithmetic_mean_rank_index": 0.8983703375225502,
"adjusted_geometric_mean_rank_index": 0.9253696568564834,
"adjusted_hits_at_k": 0.8309931599339603,
"adjusted_inverse_harmonic_mean_rank": 0.3886168753844674,
"arithmetic_mean_rank": 5.694599627560521,
"count": 1074.0,
"geometric_mean_rank": 3.5744879353746994,
"harmonic_mean_rank": 2.3684039264317778,
"hits_at_1": 0.24860335195530725,
"hits_at_10": 0.8491620111731844,
"hits_at_3": 0.4860335195530726,
"hits_at_5": 0.6443202979515829,
"inverse_arithmetic_mean_rank": 0.17560497056899935,
"inverse_geometric_mean_rank": 0.27976035115507364,
"inverse_harmonic_mean_rank": 0.4222252753594247,
"inverse_median_rank": 0.25,
"median_absolute_deviation": 4.447806655516806,
"median_rank": 4.0,
"standard_deviation": 6.894511667546086,
"variance": 47.5342911339291,
"z_arithmetic_mean_rank": 50.354376654770086,
"z_geometric_mean_rank": 32.05942953882845,
"z_hits_at_k": 78.48689504781925,
"z_inverse_harmonic_mean_rank": 99.81794939911194},
"pessimistic": {"adjusted_arithmetic_mean_rank": 0.12066567361474187,
"adjusted_arithmetic_mean_rank_index": 0.8983703375225502,
"adjusted_geometric_mean_rank_index": 0.9253696568564834,
"adjusted_hits_at_k": 0.8309931599339603,
"adjusted_inverse_harmonic_mean_rank": 0.3886168753844674,
"arithmetic_mean_rank": 5.694599627560521,
"count": 1074.0,
"geometric_mean_rank": 3.5744879353746994,
"harmonic_mean_rank": 2.3684039264317778,
"hits_at_1": 0.24860335195530725,
"hits_at_10": 0.8491620111731844,
"hits_at_3": 0.4860335195530726,
"hits_at_5": 0.6443202979515829,
"inverse_arithmetic_mean_rank": 0.17560497056899935,
"inverse_geometric_mean_rank": 0.27976035115507364,
"inverse_harmonic_mean_rank": 0.4222252753594247,
"inverse_median_rank": 0.25,
"median_absolute_deviation": 4.447806655516806,
"median_rank": 4.0,
"standard_deviation": 6.894511667546086,
"variance": 47.5342911339291,
"z_arithmetic_mean_rank": 50.354376654770086,
"z_geometric_mean_rank": 32.05942953882845,
"z_hits_at_k": 78.48689504781925,
"z_inverse_harmonic_mean_rank": 99.81794939911194},
"realistic": {"adjusted_arithmetic_mean_rank": 0.1206656736335574,
"adjusted_arithmetic_mean_rank_index": 0.8983703375033274,
"adjusted_geometric_mean_rank_index": 0.9253696571695262,
"adjusted_hits_at_k": 0.8309931599339603,
"adjusted_inverse_harmonic_mean_rank": 0.3886168662160683,
"arithmetic_mean_rank": 5.694599628448486,
"count": 1074.0,
"geometric_mean_rank": 3.5744879245758057,
"harmonic_mean_rank": 2.3684039750333317,
"hits_at_1": 0.24860335195530725,
"hits_at_10": 0.8491620111731844,
"hits_at_3": 0.4860335195530726,
"hits_at_5": 0.6443202979515829,
"inverse_arithmetic_mean_rank": 0.17560496926307678,
"inverse_geometric_mean_rank": 0.27976036071777344,
"inverse_harmonic_mean_rank": 0.4222252666950225,
"inverse_median_rank": 0.25,
"median_absolute_deviation": 4.447806655516806,
"median_rank": 4.0,
"standard_deviation": 6.894511699676514,
"variance": 47.5342903137207,
"z_arithmetic_mean_rank": 50.354376653692626,
"z_geometric_mean_rank": 32.05942954967382,
"z_hits_at_k": 78.48689504781925,
"z_inverse_harmonic_mean_rank": 99.81794704416839}},
"tail": {"optimistic": {"adjusted_arithmetic_mean_rank": 0.13918749396892793,
"adjusted_arithmetic_mean_rank_index": 0.879032734869238,
"adjusted_geometric_mean_rank_index": 0.9138169595259333,
"adjusted_hits_at_k": 0.7700831886287799,
"adjusted_inverse_harmonic_mean_rank": 0.3581377232065413,
"arithmetic_mean_rank": 6.715083798882682,
"count": 1074.0,
"geometric_mean_rank": 4.041674853150828,
"harmonic_mean_rank": 2.5460521361505433,
"hits_at_1": 0.22532588454376165,
"hits_at_10": 0.7942271880819367,
"hits_at_3": 0.44972067039106145,
"hits_at_5": 0.5912476722532588,
"inverse_arithmetic_mean_rank": 0.14891846921797006,
"inverse_geometric_mean_rank": 0.2474221792533398,
"inverse_harmonic_mean_rank": 0.3927649343080349,
"inverse_median_rank": 0.25,
"median_absolute_deviation": 4.447806655516806,
"median_rank": 4.0,
"standard_deviation": 8.023639169005111,
"variance": 64.37878551439303,
"z_arithmetic_mean_rank": 49.311099192159915,
"z_geometric_mean_rank": 31.637557414876913,
"z_hits_at_k": 73.68892102923749,
"z_inverse_harmonic_mean_rank": 93.02299583888926},
"pessimistic": {"adjusted_arithmetic_mean_rank": 0.13918749396892793,
"adjusted_arithmetic_mean_rank_index": 0.879032734869238,
"adjusted_geometric_mean_rank_index": 0.9138169595259333,
"adjusted_hits_at_k": 0.7700831886287799,
"adjusted_inverse_harmonic_mean_rank": 0.3581377232065413,
"arithmetic_mean_rank": 6.715083798882682,
"count": 1074.0,
"geometric_mean_rank": 4.041674853150828,
"harmonic_mean_rank": 2.5460521361505433,
"hits_at_1": 0.22532588454376165,
"hits_at_10": 0.7942271880819367,