{"both": {"optimistic": {"adjusted_arithmetic_mean_rank": 0.1189945414900415,
"adjusted_arithmetic_mean_rank_index": 0.8998629829849779,
"adjusted_geometric_mean_rank_index": 0.9306223126752848,
"adjusted_hits_at_k": 0.8249779685065591,
"adjusted_inverse_harmonic_mean_rank": 0.4153345004759624,
"arithmetic_mean_rank": 5.678305400372439,
"count": 2148.0,
"geometric_mean_rank": 3.420280971736005,
"harmonic_mean_rank": 2.23626031917434,
"hits_at_1": 0.28258845437616387,
"hits_at_10": 0.8435754189944135,
"hits_at_3": 0.4972067039106145,
"hits_at_5": 0.6554934823091247,
"inverse_arithmetic_mean_rank": 0.1761088792325982,
"inverse_geometric_mean_rank": 0.29237364072239885,
"inverse_harmonic_mean_rank": 0.44717513047372526,
"inverse_median_rank": 0.25,
"median_absolute_deviation": 4.447806655516806,
"median_rank": 4.0,
"standard_deviation": 7.401139534022792,
"variance": 54.776866402075115,
"z_arithmetic_mean_rank": 71.35568154470496,
"z_geometric_mean_rank": 45.57009223048506,
"z_hits_at_k": 110.91198500041193,
"z_inverse_harmonic_mean_rank": 151.71049665358183},
"pessimistic": {"adjusted_arithmetic_mean_rank": 0.1189945414900415,
"adjusted_arithmetic_mean_rank_index": 0.8998629829849779,
"adjusted_geometric_mean_rank_index": 0.9306223126752848,
"adjusted_hits_at_k": 0.8249779685065591,
"adjusted_inverse_harmonic_mean_rank": 0.4153345004759624,
"arithmetic_mean_rank": 5.678305400372439,
"count": 2148.0,
"geometric_mean_rank": 3.420280971736005,
"harmonic_mean_rank": 2.23626031917434,
"hits_at_1": 0.28258845437616387,
"hits_at_10": 0.8435754189944135,
"hits_at_3": 0.4972067039106145,
"hits_at_5": 0.6554934823091247,
"inverse_arithmetic_mean_rank": 0.1761088792325982,
"inverse_geometric_mean_rank": 0.29237364072239885,
"inverse_harmonic_mean_rank": 0.44717513047372526,
"inverse_median_rank": 0.25,
"median_absolute_deviation": 4.447806655516806,
"median_rank": 4.0,
"standard_deviation": 7.401139534022792,
"variance": 54.776866402075115,
"z_arithmetic_mean_rank": 71.35568154470496,
"z_geometric_mean_rank": 45.57009223048506,
"z_hits_at_k": 110.91198500041193,
"z_inverse_harmonic_mean_rank": 151.71049665358183},
"realistic": {"adjusted_arithmetic_mean_rank": 0.11899454621652142,
"adjusted_arithmetic_mean_rank_index": 0.8998629781573297,
"adjusted_geometric_mean_rank_index": 0.9306223069404599,
"adjusted_hits_at_k": 0.8249779685065591,
"adjusted_inverse_harmonic_mean_rank": 0.41533451599672183,
"arithmetic_mean_rank": 5.678305625915527,
"count": 2148.0,
"geometric_mean_rank": 3.420281171798706,
"harmonic_mean_rank": 2.23626024578419,
"hits_at_1": 0.28258845437616387,
"hits_at_10": 0.8435754189944135,
"hits_at_3": 0.4972067039106145,
"hits_at_5": 0.6554934823091247,
"inverse_arithmetic_mean_rank": 0.17610886693000793,
"inverse_geometric_mean_rank": 0.2923736274242401,
"inverse_harmonic_mean_rank": 0.4471751451492309,
"inverse_median_rank": 0.25,
"median_absolute_deviation": 4.447806655516806,
"median_rank": 4.0,
"standard_deviation": 7.401139259338379,
"variance": 54.77686309814453,
"z_arithmetic_mean_rank": 71.355681161891,
"z_geometric_mean_rank": 45.57009194966598,
"z_hits_at_k": 110.91198500041193,
"z_inverse_harmonic_mean_rank": 151.71050232289684}},
"head": {"optimistic": {"adjusted_arithmetic_mean_rank": 0.11089956693728975,
"adjusted_arithmetic_mean_rank_index": 0.9083478628946917,
"adjusted_geometric_mean_rank_index": 0.9353022246783171,
"adjusted_hits_at_k": 0.8529014540165951,
"adjusted_inverse_harmonic_mean_rank": 0.4264660024387198,
"arithmetic_mean_rank": 5.233705772811918,
"count": 1074.0,
"geometric_mean_rank": 3.2318488029855095,
"harmonic_mean_rank": 2.1834356974441604,
"hits_at_1": 0.2849162011173184,
"hits_at_10": 0.8687150837988827,
"hits_at_3": 0.5288640595903166,
"hits_at_5": 0.686219739292365,
"inverse_arithmetic_mean_rank": 0.1910692047678349,
"inverse_geometric_mean_rank": 0.3094204156692672,
"inverse_harmonic_mean_rank": 0.45799379444540483,
"inverse_median_rank": 0.3333333333333333,
"median_absolute_deviation": 2.965204437011204,
"median_rank": 3.0,
"standard_deviation": 7.098426127852128,
"variance": 50.387653492573754,
"z_arithmetic_mean_rank": 50.9136249399003,
"z_geometric_mean_rank": 32.403543327155425,
"z_hits_at_k": 80.55612264347982,
"z_inverse_harmonic_mean_rank": 109.53966373630908},
"pessimistic": {"adjusted_arithmetic_mean_rank": 0.11089956693728975,
"adjusted_arithmetic_mean_rank_index": 0.9083478628946917,
"adjusted_geometric_mean_rank_index": 0.9353022246783171,
"adjusted_hits_at_k": 0.8529014540165951,
"adjusted_inverse_harmonic_mean_rank": 0.4264660024387198,
"arithmetic_mean_rank": 5.233705772811918,
"count": 1074.0,
"geometric_mean_rank": 3.2318488029855095,
"harmonic_mean_rank": 2.1834356974441604,
"hits_at_1": 0.2849162011173184,
"hits_at_10": 0.8687150837988827,
"hits_at_3": 0.5288640595903166,
"hits_at_5": 0.686219739292365,
"inverse_arithmetic_mean_rank": 0.1910692047678349,
"inverse_geometric_mean_rank": 0.3094204156692672,
"inverse_harmonic_mean_rank": 0.45799379444540483,
"inverse_median_rank": 0.3333333333333333,
"median_absolute_deviation": 2.965204437011204,
"median_rank": 3.0,
"standard_deviation": 7.098426127852128,
"variance": 50.387653492573754,
"z_arithmetic_mean_rank": 50.9136249399003,
"z_geometric_mean_rank": 32.403543327155425,
"z_hits_at_k": 80.55612264347982,
"z_inverse_harmonic_mean_rank": 109.53966373630908},
"realistic": {"adjusted_arithmetic_mean_rank": 0.1108995716976177,
"adjusted_arithmetic_mean_rank_index": 0.9083478580313112,
"adjusted_geometric_mean_rank_index": 0.935302227178559,
"adjusted_hits_at_k": 0.8529014540165951,
"adjusted_inverse_harmonic_mean_rank": 0.42646598250361595,
"arithmetic_mean_rank": 5.233705997467041,
"count": 1074.0,
"geometric_mean_rank": 3.23184871673584,
"harmonic_mean_rank": 2.1834357872582406,
"hits_at_1": 0.2849162011173184,
"hits_at_10": 0.8687150837988827,
"hits_at_3": 0.5288640595903166,
"hits_at_5": 0.686219739292365,
"inverse_arithmetic_mean_rank": 0.19106920063495636,
"inverse_geometric_mean_rank": 0.3094204366207123,
"inverse_harmonic_mean_rank": 0.45799377560615545,
"inverse_median_rank": 0.3333333432674408,
"median_absolute_deviation": 2.965204437011204,
"median_rank": 3.0,
"standard_deviation": 7.098426818847656,
"variance": 50.38766098022461,
"z_arithmetic_mean_rank": 50.91362466730393,
"z_geometric_mean_rank": 32.4035434137763,
"z_hits_at_k": 80.55612264347982,
"z_inverse_harmonic_mean_rank": 109.53965861589018}},
"tail": {"optimistic": {"adjusted_arithmetic_mean_rank": 0.1269130560648461,
"adjusted_arithmetic_mean_rank_index": 0.8915669773950061,
"adjusted_geometric_mean_rank_index": 0.9257732366578804,
"adjusted_hits_at_k": 0.7971322252606882,
"adjusted_inverse_harmonic_mean_rank": 0.40421503606903103,
"arithmetic_mean_rank": 6.122905027932961,
"count": 1074.0,
"geometric_mean_rank": 3.619699632858054,
"harmonic_mean_rank": 2.2917043215063977,
"hits_at_1": 0.2802607076350093,
"hits_at_10": 0.8184357541899442,
"hits_at_3": 0.4655493482309125,
"hits_at_5": 0.6247672253258846,
"inverse_arithmetic_mean_rank": 0.16332116788321166,
"inverse_geometric_mean_rank": 0.2762660169154469,
"inverse_harmonic_mean_rank": 0.4363564665020458,
"inverse_median_rank": 0.25,
"median_absolute_deviation": 4.447806655516806,
"median_rank": 4.0,
"standard_deviation": 7.666207775290373,
"variance": 58.77074165392258,
"z_arithmetic_mean_rank": 50.014232593191544,
"z_geometric_mean_rank": 32.05149961663511,
"z_hits_at_k": 76.27723142702035,
"z_inverse_harmonic_mean_rank": 104.99115614408744},
"pessimistic": {"adjusted_arithmetic_mean_rank": 0.1269130560648461,
"adjusted_arithmetic_mean_rank_index": 0.8915669773950061,
"adjusted_geometric_mean_rank_index": 0.9257732366578804,
"adjusted_hits_at_k": 0.7971322252606882,
"adjusted_inverse_harmonic_mean_rank": 0.40421503606903103,
"arithmetic_mean_rank": 6.122905027932961,
"count": 1074.0,
"geometric_mean_rank": 3.619699632858054,
"harmonic_mean_rank": 2.2917043215063977,
"hits_at_1": 0.2802607076350093,