{"both": {"optimistic": {"adjusted_arithmetic_mean_rank": 0.3495104901927308,
"adjusted_arithmetic_mean_rank_index": 0.6644129443710918,
"adjusted_geometric_mean_rank_index": 0.7983755817419562,
"adjusted_hits_at_k": 0.4853518835847629,
"adjusted_inverse_harmonic_mean_rank": 0.2342419821007088,
"arithmetic_mean_rank": 16.67830540037244,
"count": 2148.0,
"geometric_mean_rank": 8.033785093805557,
"harmonic_mean_rank": 3.6239127648669123,
"hits_at_1": 0.15502793296089384,
"hits_at_10": 0.5400372439478585,
"hits_at_3": 0.2984171322160149,
"hits_at_5": 0.38687150837988826,
"inverse_arithmetic_mean_rank": 0.05995812979762735,
"inverse_geometric_mean_rank": 0.12447432789446274,
"inverse_harmonic_mean_rank": 0.2759448322528053,
"inverse_median_rank": 0.1111111111111111,
"median_absolute_deviation": 10.378215529539213,
"median_rank": 9.0,
"standard_deviation": 19.16706795424372,
"variance": 367.37649396259656,
"z_arithmetic_mean_rank": 52.685396965056455,
"z_geometric_mean_rank": 39.09432258287431,
"z_hits_at_k": 65.25185263980404,
"z_inverse_harmonic_mean_rank": 85.56228148851955},
"pessimistic": {"adjusted_arithmetic_mean_rank": 0.3495104901927308,
"adjusted_arithmetic_mean_rank_index": 0.6644129443710918,
"adjusted_geometric_mean_rank_index": 0.7983755817419562,
"adjusted_hits_at_k": 0.4853518835847629,
"adjusted_inverse_harmonic_mean_rank": 0.2342419821007088,
"arithmetic_mean_rank": 16.67830540037244,
"count": 2148.0,
"geometric_mean_rank": 8.033785093805557,
"harmonic_mean_rank": 3.6239127648669123,
"hits_at_1": 0.15502793296089384,
"hits_at_10": 0.5400372439478585,
"hits_at_3": 0.2984171322160149,
"hits_at_5": 0.38687150837988826,
"inverse_arithmetic_mean_rank": 0.05995812979762735,
"inverse_geometric_mean_rank": 0.12447432789446274,
"inverse_harmonic_mean_rank": 0.2759448322528053,
"inverse_median_rank": 0.1111111111111111,
"median_absolute_deviation": 10.378215529539213,
"median_rank": 9.0,
"standard_deviation": 19.16706795424372,
"variance": 367.37649396259656,
"z_arithmetic_mean_rank": 52.685396965056455,
"z_geometric_mean_rank": 39.09432258287431,
"z_hits_at_k": 65.25185263980404,
"z_inverse_harmonic_mean_rank": 85.56228148851955},
"realistic": {"adjusted_arithmetic_mean_rank": 0.34951047493401616,
"adjusted_arithmetic_mean_rank_index": 0.6644129599564124,
"adjusted_geometric_mean_rank_index": 0.7983756155996938,
"adjusted_hits_at_k": 0.4853518835847629,
"adjusted_inverse_harmonic_mean_rank": 0.23424197864693397,
"arithmetic_mean_rank": 16.67830467224121,
"count": 2148.0,
"geometric_mean_rank": 8.033783912658691,
"harmonic_mean_rank": 3.6239128077543,
"hits_at_1": 0.15502793296089384,
"hits_at_10": 0.5400372439478585,
"hits_at_3": 0.2984171322160149,
"hits_at_5": 0.38687150837988826,
"inverse_arithmetic_mean_rank": 0.05995813384652138,
"inverse_geometric_mean_rank": 0.12447434663772583,
"inverse_harmonic_mean_rank": 0.2759448289871216,
"inverse_median_rank": 0.1111111119389534,
"median_absolute_deviation": 10.378215529539213,
"median_rank": 9.0,
"standard_deviation": 19.167068481445312,
"variance": 367.37652587890625,
"z_arithmetic_mean_rank": 52.68539820091257,
"z_geometric_mean_rank": 39.094324240797405,
"z_hits_at_k": 65.25185263980404,
"z_inverse_harmonic_mean_rank": 85.56228022694872}},
"head": {"optimistic": {"adjusted_arithmetic_mean_rank": 0.3236625859466711,
"adjusted_arithmetic_mean_rank_index": 0.6909789061004001,
"adjusted_geometric_mean_rank_index": 0.8126021624991195,
"adjusted_hits_at_k": 0.5159310259836891,
"adjusted_inverse_harmonic_mean_rank": 0.24224643348035557,
"arithmetic_mean_rank": 15.274674115456238,
"count": 1074.0,
"geometric_mean_rank": 7.464575284526704,
"harmonic_mean_rank": 3.5223549094954922,
"hits_at_1": 0.15549348230912477,
"hits_at_10": 0.5679702048417132,
"hits_at_3": 0.31098696461824954,
"hits_at_5": 0.40875232774674114,
"inverse_arithmetic_mean_rank": 0.06546784516915576,
"inverse_geometric_mean_rank": 0.13396609477204913,
"inverse_harmonic_mean_rank": 0.2839009769584037,
"inverse_median_rank": 0.125,
"median_absolute_deviation": 10.378215529539213,
"median_rank": 8.0,
"standard_deviation": 17.77324509708726,
"variance": 315.8882412811363,
"z_arithmetic_mean_rank": 38.729920885669486,
"z_geometric_mean_rank": 28.152599967712703,
"z_hits_at_k": 48.72943152927227,
"z_inverse_harmonic_mean_rank": 62.22205923336478},
"pessimistic": {"adjusted_arithmetic_mean_rank": 0.3236625859466711,
"adjusted_arithmetic_mean_rank_index": 0.6909789061004001,
"adjusted_geometric_mean_rank_index": 0.8126021624991195,
"adjusted_hits_at_k": 0.5159310259836891,
"adjusted_inverse_harmonic_mean_rank": 0.24224643348035557,
"arithmetic_mean_rank": 15.274674115456238,
"count": 1074.0,
"geometric_mean_rank": 7.464575284526704,
"harmonic_mean_rank": 3.5223549094954922,
"hits_at_1": 0.15549348230912477,
"hits_at_10": 0.5679702048417132,
"hits_at_3": 0.31098696461824954,
"hits_at_5": 0.40875232774674114,
"inverse_arithmetic_mean_rank": 0.06546784516915576,
"inverse_geometric_mean_rank": 0.13396609477204913,
"inverse_harmonic_mean_rank": 0.2839009769584037,
"inverse_median_rank": 0.125,
"median_absolute_deviation": 10.378215529539213,
"median_rank": 8.0,
"standard_deviation": 17.77324509708726,
"variance": 315.8882412811363,
"z_arithmetic_mean_rank": 38.729920885669486,
"z_geometric_mean_rank": 28.152599967712703,
"z_hits_at_k": 48.72943152927227,
"z_inverse_harmonic_mean_rank": 62.22205923336478},
"realistic": {"adjusted_arithmetic_mean_rank": 0.3236625923063187,
"adjusted_arithmetic_mean_rank_index": 0.6909788996030775,
"adjusted_geometric_mean_rank_index": 0.8126021623207472,
"adjusted_hits_at_k": 0.5159310259836891,
"adjusted_inverse_harmonic_mean_rank": 0.24224646419364781,
"arithmetic_mean_rank": 15.274674415588379,
"count": 1074.0,
"geometric_mean_rank": 7.464575290679932,
"harmonic_mean_rank": 3.522354549383449,
"hits_at_1": 0.15549348230912477,
"hits_at_10": 0.5679702048417132,
"hits_at_3": 0.31098696461824954,
"hits_at_5": 0.40875232774674114,
"inverse_arithmetic_mean_rank": 0.06546784192323685,
"inverse_geometric_mean_rank": 0.1339660882949829,
"inverse_harmonic_mean_rank": 0.28390100598335266,
"inverse_median_rank": 0.125,
"median_absolute_deviation": 10.378215529539213,
"median_rank": 8.0,
"standard_deviation": 17.773244857788086,
"variance": 315.88824462890625,
"z_arithmetic_mean_rank": 38.72992052148935,
"z_geometric_mean_rank": 28.152599961532996,
"z_hits_at_k": 48.72943152927227,
"z_inverse_harmonic_mean_rank": 62.222067122208635}},
"tail": {"optimistic": {"adjusted_arithmetic_mean_rank": 0.37479494354916526,
"adjusted_arithmetic_mean_rank_index": 0.6384383437456891,
"adjusted_geometric_mean_rank_index": 0.7833463393746165,
"adjusted_hits_at_k": 0.4548578771107722,
"adjusted_inverse_harmonic_mean_rank": 0.22624618669854465,
"arithmetic_mean_rank": 18.08193668528864,
"count": 1074.0,
"geometric_mean_rank": 8.646399891932328,
"harmonic_mean_rank": 3.7315007926364343,
"hits_at_1": 0.15456238361266295,
"hits_at_10": 0.5121042830540037,
"hits_at_3": 0.28584729981378026,
"hits_at_5": 0.3649906890130354,
"inverse_arithmetic_mean_rank": 0.055303810504634406,
"inverse_geometric_mean_rank": 0.11565507176380625,
"inverse_harmonic_mean_rank": 0.26798868754720684,
"inverse_median_rank": 0.1,
"median_absolute_deviation": 11.860817748044816,
"median_rank": 10.0,
"standard_deviation": 20.36969280760183,
"variance": 414.92438507606573,
"z_arithmetic_mean_rank": 35.814475670471055,
"z_geometric_mean_rank": 27.120491176433195,
"z_hits_at_k": 43.525149855075874,
"z_inverse_harmonic_mean_rank": 58.765376334527616},
"pessimistic": {"adjusted_arithmetic_mean_rank": 0.37479494354916526,
"adjusted_arithmetic_mean_rank_index": 0.6384383437456891,
"adjusted_geometric_mean_rank_index": 0.7833463393746165,
"adjusted_hits_at_k": 0.4548578771107722,
"adjusted_inverse_harmonic_mean_rank": 0.22624618669854465,
"arithmetic_mean_rank": 18.08193668528864,
"count": 1074.0,
"geometric_mean_rank": 8.646399891932328,
"harmonic_mean_rank": 3.7315007926364343,