{"both": {"optimistic": {"adjusted_arithmetic_mean_rank": 0.3220959897756596,
"adjusted_arithmetic_mean_rank_index": 0.6924142398046884,
"adjusted_geometric_mean_rank_index": 0.8256822313678351,
"adjusted_hits_at_k": 0.5301491892646316,
"adjusted_inverse_harmonic_mean_rank": 0.26347669165785503,
"arithmetic_mean_rank": 15.370111731843576,
"count": 2148.0,
"geometric_mean_rank": 7.081176740315044,
"harmonic_mean_rank": 3.293943997641741,
"hits_at_1": 0.17411545623836128,
"hits_at_10": 0.5800744878957169,
"hits_at_3": 0.33100558659217877,
"hits_at_5": 0.4338919925512104,
"inverse_arithmetic_mean_rank": 0.06506133575647433,
"inverse_geometric_mean_rank": 0.14121946629389026,
"inverse_harmonic_mean_rank": 0.3035874321834062,
"inverse_median_rank": 0.14285714285714285,
"median_absolute_deviation": 8.895613311033612,
"median_rank": 7.0,
"standard_deviation": 18.905882263434258,
"variance": 357.4323841588381,
"z_arithmetic_mean_rank": 54.90579224475903,
"z_geometric_mean_rank": 40.431456374970516,
"z_hits_at_k": 71.27450813522165,
"z_inverse_harmonic_mean_rank": 96.24093279573152},
"pessimistic": {"adjusted_arithmetic_mean_rank": 0.3220959897756596,
"adjusted_arithmetic_mean_rank_index": 0.6924142398046884,
"adjusted_geometric_mean_rank_index": 0.8256822313678351,
"adjusted_hits_at_k": 0.5301491892646316,
"adjusted_inverse_harmonic_mean_rank": 0.26347669165785503,
"arithmetic_mean_rank": 15.370111731843576,
"count": 2148.0,
"geometric_mean_rank": 7.081176740315044,
"harmonic_mean_rank": 3.293943997641741,
"hits_at_1": 0.17411545623836128,
"hits_at_10": 0.5800744878957169,
"hits_at_3": 0.33100558659217877,
"hits_at_5": 0.4338919925512104,
"inverse_arithmetic_mean_rank": 0.06506133575647433,
"inverse_geometric_mean_rank": 0.14121946629389026,
"inverse_harmonic_mean_rank": 0.3035874321834062,
"inverse_median_rank": 0.14285714285714285,
"median_absolute_deviation": 8.895613311033612,
"median_rank": 7.0,
"standard_deviation": 18.905882263434258,
"variance": 357.4323841588381,
"z_arithmetic_mean_rank": 54.90579224475903,
"z_geometric_mean_rank": 40.431456374970516,
"z_hits_at_k": 71.27450813522165,
"z_inverse_harmonic_mean_rank": 96.24093279573152},
"realistic": {"adjusted_arithmetic_mean_rank": 0.32209598419320307,
"adjusted_arithmetic_mean_rank_index": 0.6924142455066349,
"adjusted_geometric_mean_rank_index": 0.8256822445348709,
"adjusted_hits_at_k": 0.5301491892646316,
"adjusted_inverse_harmonic_mean_rank": 0.2634766964092321,
"arithmetic_mean_rank": 15.370111465454102,
"count": 2148.0,
"geometric_mean_rank": 7.081176280975342,
"harmonic_mean_rank": 3.2939439488965223,
"hits_at_1": 0.17411545623836128,
"hits_at_10": 0.5800744878957169,
"hits_at_3": 0.33100558659217877,
"hits_at_5": 0.4338919925512104,
"inverse_arithmetic_mean_rank": 0.06506133824586868,
"inverse_geometric_mean_rank": 0.14121948182582855,
"inverse_harmonic_mean_rank": 0.3035874366760254,
"inverse_median_rank": 0.1428571492433548,
"median_absolute_deviation": 8.895613311033612,
"median_rank": 7.0,
"standard_deviation": 18.905881881713867,
"variance": 357.432373046875,
"z_arithmetic_mean_rank": 54.90579269690151,
"z_geometric_mean_rank": 40.43145701972514,
"z_hits_at_k": 71.27450813522165,
"z_inverse_harmonic_mean_rank": 96.2409345312815}},
"head": {"optimistic": {"adjusted_arithmetic_mean_rank": 0.303341192254195,
"adjusted_arithmetic_mean_rank_index": 0.7117402215212199,
"adjusted_geometric_mean_rank_index": 0.830795852787978,
"adjusted_hits_at_k": 0.5451420847605354,
"adjusted_inverse_harmonic_mean_rank": 0.2668677865099653,
"arithmetic_mean_rank": 14.315642458100559,
"count": 1074.0,
"geometric_mean_rank": 6.836956086012024,
"harmonic_mean_rank": 3.255538261306388,
"hits_at_1": 0.18063314711359404,
"hits_at_10": 0.5940409683426443,
"hits_at_3": 0.32774674115456237,
"hits_at_5": 0.43482309124767227,
"inverse_arithmetic_mean_rank": 0.06985365853658536,
"inverse_geometric_mean_rank": 0.14626392029136126,
"inverse_harmonic_mean_rank": 0.3071688672455406,
"inverse_median_rank": 0.14285714285714285,
"median_absolute_deviation": 8.895613311033612,
"median_rank": 7.0,
"standard_deviation": 17.25382847447853,
"variance": 297.69459702672617,
"z_arithmetic_mean_rank": 39.893609236546496,
"z_geometric_mean_rank": 28.782920324064502,
"z_hits_at_k": 51.48840165681967,
"z_inverse_harmonic_mean_rank": 68.5461617788753},
"pessimistic": {"adjusted_arithmetic_mean_rank": 0.303341192254195,
"adjusted_arithmetic_mean_rank_index": 0.7117402215212199,
"adjusted_geometric_mean_rank_index": 0.830795852787978,
"adjusted_hits_at_k": 0.5451420847605354,
"adjusted_inverse_harmonic_mean_rank": 0.2668677865099653,
"arithmetic_mean_rank": 14.315642458100559,
"count": 1074.0,
"geometric_mean_rank": 6.836956086012024,
"harmonic_mean_rank": 3.255538261306388,
"hits_at_1": 0.18063314711359404,
"hits_at_10": 0.5940409683426443,
"hits_at_3": 0.32774674115456237,
"hits_at_5": 0.43482309124767227,
"inverse_arithmetic_mean_rank": 0.06985365853658536,
"inverse_geometric_mean_rank": 0.14626392029136126,
"inverse_harmonic_mean_rank": 0.3071688672455406,
"inverse_median_rank": 0.14285714285714285,
"median_absolute_deviation": 8.895613311033612,
"median_rank": 7.0,
"standard_deviation": 17.25382847447853,
"variance": 297.69459702672617,
"z_arithmetic_mean_rank": 39.893609236546496,
"z_geometric_mean_rank": 28.782920324064502,
"z_hits_at_k": 51.48840165681967,
"z_inverse_harmonic_mean_rank": 68.5461617788753},
"realistic": {"adjusted_arithmetic_mean_rank": 0.30334119010922506,
"adjusted_arithmetic_mean_rank_index": 0.7117402237126245,
"adjusted_geometric_mean_rank_index": 0.8307958269351692,
"adjusted_hits_at_k": 0.5451420847605354,
"adjusted_inverse_harmonic_mean_rank": 0.26686779065669697,
"arithmetic_mean_rank": 14.315642356872559,
"count": 1074.0,
"geometric_mean_rank": 6.836956977844238,
"harmonic_mean_rank": 3.25553821977307,
"hits_at_1": 0.18063314711359404,
"hits_at_10": 0.5940409683426443,
"hits_at_3": 0.32774674115456237,
"hits_at_5": 0.43482309124767227,
"inverse_arithmetic_mean_rank": 0.06985365599393845,
"inverse_geometric_mean_rank": 0.14626389741897583,
"inverse_harmonic_mean_rank": 0.3071688711643219,
"inverse_median_rank": 0.1428571492433548,
"median_absolute_deviation": 8.895613311033612,
"median_rank": 7.0,
"standard_deviation": 17.253828048706055,
"variance": 297.6946105957031,
"z_arithmetic_mean_rank": 39.893609359376484,
"z_geometric_mean_rank": 28.782919428394006,
"z_hits_at_k": 51.48840165681967,
"z_inverse_harmonic_mean_rank": 68.54616284398153}},
"tail": {"optimistic": {"adjusted_arithmetic_mean_rank": 0.34044195696226964,
"adjusted_arithmetic_mean_rank_index": 0.67351845647504,
"adjusted_geometric_mean_rank_index": 0.8205285432480554,
"adjusted_hits_at_k": 0.515198035751183,
"adjusted_inverse_harmonic_mean_rank": 0.2600892639203652,
"arithmetic_mean_rank": 16.424581005586592,
"count": 1074.0,
"geometric_mean_rank": 7.334121120094402,
"harmonic_mean_rank": 3.333266699984562,
"hits_at_1": 0.16759776536312848,
"hits_at_10": 0.5661080074487895,
"hits_at_3": 0.33426443202979517,
"hits_at_5": 0.4329608938547486,
"inverse_arithmetic_mean_rank": 0.060884353741496595,
"inverse_geometric_mean_rank": 0.13634898900975997,
"inverse_harmonic_mean_rank": 0.3000059971212719,
"inverse_median_rank": 0.14285714285714285,
"median_absolute_deviation": 8.895613311033612,
"median_rank": 7.0,
"standard_deviation": 20.370232212530468,
"variance": 414.9463603924139,
"z_arithmetic_mean_rank": 37.78236474883002,
"z_geometric_mean_rank": 28.407788482086012,
"z_hits_at_k": 49.29907305012991,
"z_inverse_harmonic_mean_rank": 67.5558059027779},
"pessimistic": {"adjusted_arithmetic_mean_rank": 0.34044195696226964,
"adjusted_arithmetic_mean_rank_index": 0.67351845647504,
"adjusted_geometric_mean_rank_index": 0.8205285432480554,
"adjusted_hits_at_k": 0.515198035751183,
"adjusted_inverse_harmonic_mean_rank": 0.2600892639203652,
"arithmetic_mean_rank": 16.424581005586592,
"count": 1074.0,
"geometric_mean_rank": 7.334121120094402,