{"both": {"optimistic": {"adjusted_arithmetic_mean_rank": 0.32881790820532586,
"adjusted_arithmetic_mean_rank_index": 0.6855484417428563,
"adjusted_geometric_mean_rank_index": 0.8043310290240504,
"adjusted_hits_at_k": 0.5061878397149344,
"adjusted_inverse_harmonic_mean_rank": 0.22405237010518053,
"arithmetic_mean_rank": 15.690875232774674,
"count": 2148.0,
"geometric_mean_rank": 7.826025851737331,
"harmonic_mean_rank": 3.7550203385296097,
"hits_at_1": 0.13454376163873372,
"hits_at_10": 0.5586592178770949,
"hits_at_3": 0.2946927374301676,
"hits_at_5": 0.39432029795158285,
"inverse_arithmetic_mean_rank": 0.06373130785663422,
"inverse_geometric_mean_rank": 0.12777877545318944,
"inverse_harmonic_mean_rank": 0.26631014211538995,
"inverse_median_rank": 0.11764705882352941,
"median_absolute_deviation": 9.636914420286413,
"median_rank": 8.5,
"standard_deviation": 18.26808357853877,
"variance": 333.7228776324779,
"z_arithmetic_mean_rank": 54.361360804291024,
"z_geometric_mean_rank": 39.38594495021112,
"z_hits_at_k": 68.05308775395177,
"z_inverse_harmonic_mean_rank": 81.84029091278515},
"pessimistic": {"adjusted_arithmetic_mean_rank": 0.32881790820532586,
"adjusted_arithmetic_mean_rank_index": 0.6855484417428563,
"adjusted_geometric_mean_rank_index": 0.8043310290240504,
"adjusted_hits_at_k": 0.5061878397149344,
"adjusted_inverse_harmonic_mean_rank": 0.22405237010518053,
"arithmetic_mean_rank": 15.690875232774674,
"count": 2148.0,
"geometric_mean_rank": 7.826025851737331,
"harmonic_mean_rank": 3.7550203385296097,
"hits_at_1": 0.13454376163873372,
"hits_at_10": 0.5586592178770949,
"hits_at_3": 0.2946927374301676,
"hits_at_5": 0.39432029795158285,
"inverse_arithmetic_mean_rank": 0.06373130785663422,
"inverse_geometric_mean_rank": 0.12777877545318944,
"inverse_harmonic_mean_rank": 0.26631014211538995,
"inverse_median_rank": 0.11764705882352941,
"median_absolute_deviation": 9.636914420286413,
"median_rank": 8.5,
"standard_deviation": 18.26808357853877,
"variance": 333.7228776324779,
"z_arithmetic_mean_rank": 54.361360804291024,
"z_geometric_mean_rank": 39.38594495021112,
"z_hits_at_k": 68.05308775395177,
"z_inverse_harmonic_mean_rank": 81.84029091278515},
"realistic": {"adjusted_arithmetic_mean_rank": 0.32881790444647174,
"adjusted_arithmetic_mean_rank_index": 0.685548445582167,
"adjusted_geometric_mean_rank_index": 0.8043310258395755,
"adjusted_hits_at_k": 0.5061878397149344,
"adjusted_inverse_harmonic_mean_rank": 0.22405235262732487,
"arithmetic_mean_rank": 15.690875053405762,
"count": 2148.0,
"geometric_mean_rank": 7.82602596282959,
"harmonic_mean_rank": 3.7550205715494323,
"hits_at_1": 0.13454376163873372,
"hits_at_10": 0.5586592178770949,
"hits_at_3": 0.2946927374301676,
"hits_at_5": 0.39432029795158285,
"inverse_arithmetic_mean_rank": 0.06373130530118942,
"inverse_geometric_mean_rank": 0.1277787685394287,
"inverse_harmonic_mean_rank": 0.2663101255893707,
"inverse_median_rank": 0.11764705926179886,
"median_absolute_deviation": 9.636914420286413,
"median_rank": 8.5,
"standard_deviation": 18.268083572387695,
"variance": 333.7228698730469,
"z_arithmetic_mean_rank": 54.36136110873363,
"z_geometric_mean_rank": 39.38594479427588,
"z_hits_at_k": 68.05308775395177,
"z_inverse_harmonic_mean_rank": 81.84028452859563}},
"head": {"optimistic": {"adjusted_arithmetic_mean_rank": 0.35672924209093326,
"adjusted_arithmetic_mean_rank_index": 0.6571964161535128,
"adjusted_geometric_mean_rank_index": 0.7866573578705807,
"adjusted_hits_at_k": 0.4752441941159389,
"adjusted_inverse_harmonic_mean_rank": 0.21693802717757288,
"arithmetic_mean_rank": 16.835195530726256,
"count": 1074.0,
"geometric_mean_rank": 8.359581038062887,
"harmonic_mean_rank": 3.8463934843232543,
"hits_at_1": 0.13594040968342644,
"hits_at_10": 0.5316573556797021,
"hits_at_3": 0.2774674115456238,
"hits_at_5": 0.38268156424581007,
"inverse_arithmetic_mean_rank": 0.059399369503899124,
"inverse_geometric_mean_rank": 0.11962321980572889,
"inverse_harmonic_mean_rank": 0.25998380146901245,
"inverse_median_rank": 0.1,
"median_absolute_deviation": 11.860817748044816,
"median_rank": 10.0,
"standard_deviation": 18.91084220972055,
"variance": 357.6199530809484,
"z_arithmetic_mean_rank": 36.83638527783465,
"z_geometric_mean_rank": 27.253742273682747,
"z_hits_at_k": 44.88658028018838,
"z_inverse_harmonic_mean_rank": 55.72148404037022},
"pessimistic": {"adjusted_arithmetic_mean_rank": 0.35672924209093326,
"adjusted_arithmetic_mean_rank_index": 0.6571964161535128,
"adjusted_geometric_mean_rank_index": 0.7866573578705807,
"adjusted_hits_at_k": 0.4752441941159389,
"adjusted_inverse_harmonic_mean_rank": 0.21693802717757288,
"arithmetic_mean_rank": 16.835195530726256,
"count": 1074.0,
"geometric_mean_rank": 8.359581038062887,
"harmonic_mean_rank": 3.8463934843232543,
"hits_at_1": 0.13594040968342644,
"hits_at_10": 0.5316573556797021,
"hits_at_3": 0.2774674115456238,
"hits_at_5": 0.38268156424581007,
"inverse_arithmetic_mean_rank": 0.059399369503899124,
"inverse_geometric_mean_rank": 0.11962321980572889,
"inverse_harmonic_mean_rank": 0.25998380146901245,
"inverse_median_rank": 0.1,
"median_absolute_deviation": 11.860817748044816,
"median_rank": 10.0,
"standard_deviation": 18.91084220972055,
"variance": 357.6199530809484,
"z_arithmetic_mean_rank": 36.83638527783465,
"z_geometric_mean_rank": 27.253742273682747,
"z_hits_at_k": 44.88658028018838,
"z_inverse_harmonic_mean_rank": 55.72148404037022},
"realistic": {"adjusted_arithmetic_mean_rank": 0.3567292423167196,
"adjusted_arithmetic_mean_rank_index": 0.6571964159228386,
"adjusted_geometric_mean_rank_index": 0.7866573591579723,
"adjusted_hits_at_k": 0.4752441941159389,
"adjusted_inverse_harmonic_mean_rank": 0.216938033879154,
"arithmetic_mean_rank": 16.835195541381836,
"count": 1074.0,
"geometric_mean_rank": 8.359580993652344,
"harmonic_mean_rank": 3.8463933906253707,
"hits_at_1": 0.13594040968342644,
"hits_at_10": 0.5316573556797021,
"hits_at_3": 0.2774674115456238,
"hits_at_5": 0.38268156424581007,
"inverse_arithmetic_mean_rank": 0.05939937010407448,
"inverse_geometric_mean_rank": 0.11962322145700455,
"inverse_harmonic_mean_rank": 0.2599838078022003,
"inverse_median_rank": 0.10000000149011612,
"median_absolute_deviation": 11.860817748044816,
"median_rank": 10.0,
"standard_deviation": 18.91084098815918,
"variance": 357.61993408203125,
"z_arithmetic_mean_rank": 36.836385264905175,
"z_geometric_mean_rank": 27.253742318284424,
"z_hits_at_k": 44.88658028018838,
"z_inverse_harmonic_mean_rank": 55.72148576170073}},
"tail": {"optimistic": {"adjusted_arithmetic_mean_rank": 0.30151500530734343,
"adjusted_arithmetic_mean_rank_index": 0.7132693482588046,
"adjusted_geometric_mean_rank_index": 0.820743768321163,
"adjusted_hits_at_k": 0.5370453345692627,
"adjusted_inverse_harmonic_mean_rank": 0.23115901961455562,
"arithmetic_mean_rank": 14.54655493482309,
"count": 1074.0,
"geometric_mean_rank": 7.326525139620308,
"harmonic_mean_rank": 3.667887693789721,
"hits_at_1": 0.13314711359404097,
"hits_at_10": 0.5856610800744879,
"hits_at_3": 0.31191806331471134,
"hits_at_5": 0.4059590316573557,
"inverse_arithmetic_mean_rank": 0.0687447993343148,
"inverse_geometric_mean_rank": 0.1364903526491993,
"inverse_harmonic_mean_rank": 0.2726364827617674,
"inverse_median_rank": 0.125,
"median_absolute_deviation": 8.895613311033612,
"median_rank": 8.0,
"standard_deviation": 17.527317658312676,
"variance": 307.20686429539927,
"z_arithmetic_mean_rank": 40.01227051908283,
"z_geometric_mean_rank": 28.415239860107157,
"z_hits_at_k": 51.38963144833914,
"z_inverse_harmonic_mean_rank": 60.041439721013404},
"pessimistic": {"adjusted_arithmetic_mean_rank": 0.30151500530734343,
"adjusted_arithmetic_mean_rank_index": 0.7132693482588046,
"adjusted_geometric_mean_rank_index": 0.820743768321163,
"adjusted_hits_at_k": 0.5370453345692627,
"adjusted_inverse_harmonic_mean_rank": 0.23115901961455562,
"arithmetic_mean_rank": 14.54655493482309,
"count": 1074.0,
"geometric_mean_rank": 7.326525139620308,