{"both": {"optimistic": {"adjusted_arithmetic_mean_rank": 0.3656665089438588,
"adjusted_arithmetic_mean_rank_index": 0.6479111133255274,
"adjusted_geometric_mean_rank_index": 0.7781774373973176,
"adjusted_hits_at_k": 0.460348736228557,
"adjusted_inverse_harmonic_mean_rank": 0.20292210827543594,
"arithmetic_mean_rank": 17.44925512104283,
"count": 2148.0,
"geometric_mean_rank": 8.7384091063199,
"harmonic_mean_rank": 4.0595845490120945,
"hits_at_1": 0.11685288640595903,
"hits_at_10": 0.5176908752327747,
"hits_at_3": 0.26536312849162014,
"hits_at_5": 0.36778398510242083,
"inverse_arithmetic_mean_rank": 0.05730903657853312,
"inverse_geometric_mean_rank": 0.11443730636012082,
"inverse_harmonic_mean_rank": 0.24633062519743587,
"inverse_median_rank": 0.1,
"median_absolute_deviation": 11.860817748044816,
"median_rank": 10.0,
"standard_deviation": 19.395754262989048,
"variance": 376.19528343025775,
"z_arithmetic_mean_rank": 51.37686508491857,
"z_geometric_mean_rank": 38.10527333256798,
"z_hits_at_k": 61.890370502826784,
"z_inverse_harmonic_mean_rank": 74.12197588492893},
"pessimistic": {"adjusted_arithmetic_mean_rank": 0.3656665089438588,
"adjusted_arithmetic_mean_rank_index": 0.6479111133255274,
"adjusted_geometric_mean_rank_index": 0.7781774373973176,
"adjusted_hits_at_k": 0.460348736228557,
"adjusted_inverse_harmonic_mean_rank": 0.20292210827543594,
"arithmetic_mean_rank": 17.44925512104283,
"count": 2148.0,
"geometric_mean_rank": 8.7384091063199,
"harmonic_mean_rank": 4.0595845490120945,
"hits_at_1": 0.11685288640595903,
"hits_at_10": 0.5176908752327747,
"hits_at_3": 0.26536312849162014,
"hits_at_5": 0.36778398510242083,
"inverse_arithmetic_mean_rank": 0.05730903657853312,
"inverse_geometric_mean_rank": 0.11443730636012082,
"inverse_harmonic_mean_rank": 0.24633062519743587,
"inverse_median_rank": 0.1,
"median_absolute_deviation": 11.860817748044816,
"median_rank": 10.0,
"standard_deviation": 19.395754262989048,
"variance": 376.19528343025775,
"z_arithmetic_mean_rank": 51.37686508491857,
"z_geometric_mean_rank": 38.10527333256798,
"z_hits_at_k": 61.890370502826784,
"z_inverse_harmonic_mean_rank": 74.12197588492893},
"realistic": {"adjusted_arithmetic_mean_rank": 0.3656665061898469,
"adjusted_arithmetic_mean_rank_index": 0.6479111161384877,
"adjusted_geometric_mean_rank_index": 0.7781774392307828,
"adjusted_hits_at_k": 0.460348736228557,
"adjusted_inverse_harmonic_mean_rank": 0.20292210157122925,
"arithmetic_mean_rank": 17.449254989624023,
"count": 2148.0,
"geometric_mean_rank": 8.738409042358398,
"harmonic_mean_rank": 4.059584653481878,
"hits_at_1": 0.11685288640595903,
"hits_at_10": 0.5176908752327747,
"hits_at_3": 0.26536312849162014,
"hits_at_5": 0.36778398510242083,
"inverse_arithmetic_mean_rank": 0.05730903521180153,
"inverse_geometric_mean_rank": 0.11443730443716049,
"inverse_harmonic_mean_rank": 0.24633061885833737,
"inverse_median_rank": 0.10000000149011612,
"median_absolute_deviation": 11.860817748044816,
"median_rank": 10.0,
"standard_deviation": 19.395755767822266,
"variance": 376.1953125,
"z_arithmetic_mean_rank": 51.37686530797553,
"z_geometric_mean_rank": 38.105273422347885,
"z_hits_at_k": 61.890370502826784,
"z_inverse_harmonic_mean_rank": 74.12197343606296}},
"head": {"optimistic": {"adjusted_arithmetic_mean_rank": 0.3551903404326681,
"adjusted_arithmetic_mean_rank_index": 0.6587686322727593,
"adjusted_geometric_mean_rank_index": 0.7899358947154056,
"adjusted_hits_at_k": 0.48567671510766963,
"adjusted_inverse_harmonic_mean_rank": 0.21404541955732864,
"arithmetic_mean_rank": 16.762569832402235,
"count": 1074.0,
"geometric_mean_rank": 8.246482890618333,
"harmonic_mean_rank": 3.887266115949672,
"hits_at_1": 0.12197392923649907,
"hits_at_10": 0.5409683426443203,
"hits_at_3": 0.28584729981378026,
"hits_at_5": 0.3845437616387337,
"inverse_arithmetic_mean_rank": 0.05965672387935344,
"inverse_geometric_mean_rank": 0.12126381795294291,
"inverse_harmonic_mean_rank": 0.25725020365776957,
"inverse_median_rank": 0.1111111111111111,
"median_absolute_deviation": 10.378215529539213,
"median_rank": 9.0,
"standard_deviation": 19.172170417968495,
"variance": 367.57211853562626,
"z_arithmetic_mean_rank": 36.924509250036984,
"z_geometric_mean_rank": 27.367327174795854,
"z_hits_at_k": 45.87192675431245,
"z_inverse_harmonic_mean_rank": 54.978505082538355},
"pessimistic": {"adjusted_arithmetic_mean_rank": 0.3551903404326681,
"adjusted_arithmetic_mean_rank_index": 0.6587686322727593,
"adjusted_geometric_mean_rank_index": 0.7899358947154056,
"adjusted_hits_at_k": 0.48567671510766963,
"adjusted_inverse_harmonic_mean_rank": 0.21404541955732864,
"arithmetic_mean_rank": 16.762569832402235,
"count": 1074.0,
"geometric_mean_rank": 8.246482890618333,
"harmonic_mean_rank": 3.887266115949672,
"hits_at_1": 0.12197392923649907,
"hits_at_10": 0.5409683426443203,
"hits_at_3": 0.28584729981378026,
"hits_at_5": 0.3845437616387337,
"inverse_arithmetic_mean_rank": 0.05965672387935344,
"inverse_geometric_mean_rank": 0.12126381795294291,
"inverse_harmonic_mean_rank": 0.25725020365776957,
"inverse_median_rank": 0.1111111111111111,
"median_absolute_deviation": 10.378215529539213,
"median_rank": 9.0,
"standard_deviation": 19.172170417968495,
"variance": 367.57211853562626,
"z_arithmetic_mean_rank": 36.924509250036984,
"z_geometric_mean_rank": 27.367327174795854,
"z_hits_at_k": 45.87192675431245,
"z_inverse_harmonic_mean_rank": 54.978505082538355},
"realistic": {"adjusted_arithmetic_mean_rank": 0.3551903318527885,
"adjusted_arithmetic_mean_rank_index": 0.658768641038378,
"adjusted_geometric_mean_rank_index": 0.7899358406273177,
"adjusted_hits_at_k": 0.48567671510766963,
"adjusted_inverse_harmonic_mean_rank": 0.2140454048735655,
"arithmetic_mean_rank": 16.762569427490234,
"count": 1074.0,
"geometric_mean_rank": 8.246484756469727,
"harmonic_mean_rank": 3.8872663256364426,
"hits_at_1": 0.12197392923649907,
"hits_at_10": 0.5409683426443203,
"hits_at_3": 0.28584729981378026,
"hits_at_5": 0.3845437616387337,
"inverse_arithmetic_mean_rank": 0.05965672433376312,
"inverse_geometric_mean_rank": 0.121263787150383,
"inverse_harmonic_mean_rank": 0.25725018978118896,
"inverse_median_rank": 0.1111111119389534,
"median_absolute_deviation": 10.378215529539213,
"median_rank": 9.0,
"standard_deviation": 19.172170639038086,
"variance": 367.5721130371094,
"z_arithmetic_mean_rank": 36.92450974135693,
"z_geometric_mean_rank": 27.36732530091418,
"z_hits_at_k": 45.87192675431245,
"z_inverse_harmonic_mean_rank": 54.97850131094936}},
"tail": {"optimistic": {"adjusted_arithmetic_mean_rank": 0.3759143105278394,
"adjusted_arithmetic_mean_rank_index": 0.6372952838927102,
"adjusted_geometric_mean_rank_index": 0.7659696118958763,
"adjusted_hits_at_k": 0.43509127341822396,
"adjusted_inverse_harmonic_mean_rank": 0.19181082569200403,
"arithmetic_mean_rank": 18.135940409683425,
"count": 1074.0,
"geometric_mean_rank": 9.259680123302712,
"harmonic_mean_rank": 4.247889017361027,
"hits_at_1": 0.11173184357541899,
"hits_at_10": 0.49441340782122906,
"hits_at_3": 0.24487895716945995,
"hits_at_5": 0.351024208566108,
"inverse_arithmetic_mean_rank": 0.05513913132765171,
"inverse_geometric_mean_rank": 0.10799509126491547,
"inverse_harmonic_mean_rank": 0.23541104673710223,
"inverse_median_rank": 0.09090909090909091,
"median_absolute_deviation": 13.343419966550417,
"median_rank": 11.0,
"standard_deviation": 19.5927378115877,
"variance": 383.8753749536184,
"z_arithmetic_mean_rank": 35.750353442075095,
"z_geometric_mean_rank": 26.518885780997646,
"z_hits_at_k": 41.63369225669611,
"z_inverse_harmonic_mean_rank": 49.8211064739223},
"pessimistic": {"adjusted_arithmetic_mean_rank": 0.3759143105278394,
"adjusted_arithmetic_mean_rank_index": 0.6372952838927102,
"adjusted_geometric_mean_rank_index": 0.7659696118958763,
"adjusted_hits_at_k": 0.43509127341822396,
"adjusted_inverse_harmonic_mean_rank": 0.19181082569200403,
"arithmetic_mean_rank": 18.135940409683425,
"count": 1074.0,
"geometric_mean_rank": 9.259680123302712,