{"both": {"optimistic": {"adjusted_arithmetic_mean_rank": 0.19357954351442186,
"adjusted_arithmetic_mean_rank_index": 0.8236815226327197,
"adjusted_geometric_mean_rank_index": 0.8693477904242236,
"adjusted_hits_at_k": 0.709338411984107,
"adjusted_inverse_harmonic_mean_rank": 0.220888209564502,
"arithmetic_mean_rank": 9.237430167597765,
"count": 2148.0,
"geometric_mean_rank": 5.557878317152657,
"harmonic_mean_rank": 3.797685153392775,
"hits_at_1": 0.0297951582867784,
"hits_at_10": 0.7402234636871509,
"hits_at_3": 0.38594040968342647,
"hits_at_5": 0.5456238361266295,
"inverse_arithmetic_mean_rank": 0.10825521620804356,
"inverse_geometric_mean_rank": 0.17992477397603546,
"inverse_harmonic_mean_rank": 0.26331830038796666,
"inverse_median_rank": 0.2,
"median_absolute_deviation": 4.447806655516806,
"median_rank": 5.0,
"standard_deviation": 11.439072481773216,
"variance": 130.85237924326125,
"z_arithmetic_mean_rank": 65.31478406665296,
"z_geometric_mean_rank": 42.56964232473037,
"z_hits_at_k": 95.36513011689208,
"z_inverse_harmonic_mean_rank": 80.68450836506061},
"pessimistic": {"adjusted_arithmetic_mean_rank": 0.19357954351442186,
"adjusted_arithmetic_mean_rank_index": 0.8236815226327197,
"adjusted_geometric_mean_rank_index": 0.8693477904242236,
"adjusted_hits_at_k": 0.709338411984107,
"adjusted_inverse_harmonic_mean_rank": 0.220888209564502,
"arithmetic_mean_rank": 9.237430167597765,
"count": 2148.0,
"geometric_mean_rank": 5.557878317152657,
"harmonic_mean_rank": 3.797685153392775,
"hits_at_1": 0.0297951582867784,
"hits_at_10": 0.7402234636871509,
"hits_at_3": 0.38594040968342647,
"hits_at_5": 0.5456238361266295,
"inverse_arithmetic_mean_rank": 0.10825521620804356,
"inverse_geometric_mean_rank": 0.17992477397603546,
"inverse_harmonic_mean_rank": 0.26331830038796666,
"inverse_median_rank": 0.2,
"median_absolute_deviation": 4.447806655516806,
"median_rank": 5.0,
"standard_deviation": 11.439072481773216,
"variance": 130.85237924326125,
"z_arithmetic_mean_rank": 65.31478406665296,
"z_geometric_mean_rank": 42.56964232473037,
"z_hits_at_k": 95.36513011689208,
"z_inverse_harmonic_mean_rank": 80.68450836506061},
"realistic": {"adjusted_arithmetic_mean_rank": 0.19357955199975588,
"adjusted_arithmetic_mean_rank_index": 0.8236815139657608,
"adjusted_geometric_mean_rank_index": 0.8693477716787372,
"adjusted_hits_at_k": 0.709338411984107,
"adjusted_inverse_harmonic_mean_rank": 0.22088817789679577,
"arithmetic_mean_rank": 9.237430572509766,
"count": 2148.0,
"geometric_mean_rank": 5.5578789710998535,
"harmonic_mean_rank": 3.7976855852445164,
"hits_at_1": 0.0297951582867784,
"hits_at_10": 0.7402234636871509,
"hits_at_3": 0.38594040968342647,
"hits_at_5": 0.5456238361266295,
"inverse_arithmetic_mean_rank": 0.10825521498918533,
"inverse_geometric_mean_rank": 0.17992475628852844,
"inverse_harmonic_mean_rank": 0.26331827044487,
"inverse_median_rank": 0.20000000298023224,
"median_absolute_deviation": 4.447806655516806,
"median_rank": 5.0,
"standard_deviation": 11.439071655273438,
"variance": 130.8523712158203,
"z_arithmetic_mean_rank": 65.31478337939639,
"z_geometric_mean_rank": 42.5696414068139,
"z_hits_at_k": 95.36513011689208,
"z_inverse_harmonic_mean_rank": 80.6844967977012}},
"head": {"optimistic": {"adjusted_arithmetic_mean_rank": 0.20418068283828708,
"adjusted_arithmetic_mean_rank_index": 0.8130473781280549,
"adjusted_geometric_mean_rank_index": 0.8601609637110413,
"adjusted_hits_at_k": 0.6964136391406326,
"adjusted_inverse_harmonic_mean_rank": 0.20928127404073127,
"arithmetic_mean_rank": 9.635940409683426,
"count": 1074.0,
"geometric_mean_rank": 5.823961630834657,
"harmonic_mean_rank": 3.9565108487707006,
"hits_at_1": 0.030726256983240222,
"hits_at_10": 0.729050279329609,
"hits_at_3": 0.36312849162011174,
"hits_at_5": 0.527001862197393,
"inverse_arithmetic_mean_rank": 0.10377814281573099,
"inverse_geometric_mean_rank": 0.17170442791132978,
"inverse_harmonic_mean_rank": 0.25274794843813025,
"inverse_median_rank": 0.2,
"median_absolute_deviation": 4.447806655516806,
"median_rank": 5.0,
"standard_deviation": 11.829194572216716,
"variance": 139.92984422736143,
"z_arithmetic_mean_rank": 45.57195647102017,
"z_geometric_mean_rank": 29.800274521451854,
"z_hits_at_k": 65.77592553161873,
"z_inverse_harmonic_mean_rank": 53.75481340513692},
"pessimistic": {"adjusted_arithmetic_mean_rank": 0.20418068283828708,
"adjusted_arithmetic_mean_rank_index": 0.8130473781280549,
"adjusted_geometric_mean_rank_index": 0.8601609637110413,
"adjusted_hits_at_k": 0.6964136391406326,
"adjusted_inverse_harmonic_mean_rank": 0.20928127404073127,
"arithmetic_mean_rank": 9.635940409683426,
"count": 1074.0,
"geometric_mean_rank": 5.823961630834657,
"harmonic_mean_rank": 3.9565108487707006,
"hits_at_1": 0.030726256983240222,
"hits_at_10": 0.729050279329609,
"hits_at_3": 0.36312849162011174,
"hits_at_5": 0.527001862197393,
"inverse_arithmetic_mean_rank": 0.10377814281573099,
"inverse_geometric_mean_rank": 0.17170442791132978,
"inverse_harmonic_mean_rank": 0.25274794843813025,
"inverse_median_rank": 0.2,
"median_absolute_deviation": 4.447806655516806,
"median_rank": 5.0,
"standard_deviation": 11.829194572216716,
"variance": 139.92984422736143,
"z_arithmetic_mean_rank": 45.57195647102017,
"z_geometric_mean_rank": 29.800274521451854,
"z_hits_at_k": 65.77592553161873,
"z_inverse_harmonic_mean_rank": 53.75481340513692},
"realistic": {"adjusted_arithmetic_mean_rank": 0.20418068584877114,
"adjusted_arithmetic_mean_rank_index": 0.8130473750523993,
"adjusted_geometric_mean_rank_index": 0.8601609606980697,
"adjusted_hits_at_k": 0.6964136391406326,
"adjusted_inverse_harmonic_mean_rank": 0.20928127880243702,
"arithmetic_mean_rank": 9.635940551757812,
"count": 1074.0,
"geometric_mean_rank": 5.8239617347717285,
"harmonic_mean_rank": 3.9565107783285898,
"hits_at_1": 0.030726256983240222,
"hits_at_10": 0.729050279329609,
"hits_at_3": 0.36312849162011174,
"hits_at_5": 0.527001862197393,
"inverse_arithmetic_mean_rank": 0.10377813875675201,
"inverse_geometric_mean_rank": 0.17170442640781403,
"inverse_harmonic_mean_rank": 0.25274795293807983,
"inverse_median_rank": 0.20000000298023224,
"median_absolute_deviation": 4.447806655516806,
"median_rank": 5.0,
"standard_deviation": 11.829194068908691,
"variance": 139.92984008789062,
"z_arithmetic_mean_rank": 45.571956298627214,
"z_geometric_mean_rank": 29.800274417067456,
"z_hits_at_k": 65.77592553161873,
"z_inverse_harmonic_mean_rank": 53.754814628201935}},
"tail": {"optimistic": {"adjusted_arithmetic_mean_rank": 0.1832094953198881,
"adjusted_arithmetic_mean_rank_index": 0.8340789499615697,
"adjusted_geometric_mean_rank_index": 0.8780515129449502,
"adjusted_hits_at_k": 0.7222272007415577,
"adjusted_inverse_harmonic_mean_rank": 0.23248259340074642,
"arithmetic_mean_rank": 8.838919925512105,
"count": 1074.0,
"geometric_mean_rank": 5.303951733598331,
"harmonic_mean_rank": 3.651118772042593,
"hits_at_1": 0.028864059590316574,
"hits_at_10": 0.7513966480446927,
"hits_at_3": 0.40875232774674114,
"hits_at_5": 0.5642458100558659,
"inverse_arithmetic_mean_rank": 0.11313599494364268,
"inverse_geometric_mean_rank": 0.18853866894478233,
"inverse_harmonic_mean_rank": 0.273888652337803,
"inverse_median_rank": 0.25,
"median_absolute_deviation": 2.965204437011204,
"median_rank": 4.0,
"standard_deviation": 11.02076646304905,
"variance": 121.45729343306667,
"z_arithmetic_mean_rank": 46.78932672713925,
"z_geometric_mean_rank": 30.399310129269978,
"z_hits_at_k": 69.10960263316016,
"z_inverse_harmonic_mean_rank": 60.38522589830555},
"pessimistic": {"adjusted_arithmetic_mean_rank": 0.1832094953198881,
"adjusted_arithmetic_mean_rank_index": 0.8340789499615697,
"adjusted_geometric_mean_rank_index": 0.8780515129449502,
"adjusted_hits_at_k": 0.7222272007415577,
"adjusted_inverse_harmonic_mean_rank": 0.23248259340074642,
"arithmetic_mean_rank": 8.838919925512105,
"count": 1074.0,
"geometric_mean_rank": 5.303951733598331,
"harmonic_mean_rank": 3.651118772042593,
"hits_at_1": 0.028864059590316574,