{"MRR": 0.21374095976352694,
"evaluation_time": "days: 0.0, hours: 0.0, minutes: 0.0, seconds: 0.1693580150604248",
"hit_at_1": 0.0148975791433892,
"hit_at_10": 0.4371508379888268,
"hit_at_3": 0.28538175046554937,
"hit_at_5": 0.4371508379888268,
"training_time": "days: 0.0, hours: 0.0, minutes: 0.0, seconds: 8.949149131774902"}