{"both": {"optimistic": {"adjusted_arithmetic_mean_rank": 0.21918917468695273,
"adjusted_arithmetic_mean_rank_index": 0.7975237288557833,
"adjusted_geometric_mean_rank_index": 0.8487900723443345,
"adjusted_hits_at_k": 0.6713127920465439,
"adjusted_inverse_harmonic_mean_rank": 0.19291725019779432,
"arithmetic_mean_rank": 10.45949720670391,
"count": 2148.0,
"geometric_mean_rank": 6.275046268545928,
"harmonic_mean_rank": 4.221713815458458,
"hits_at_1": 0.017690875232774673,
"hits_at_10": 0.7062383612662942,
"hits_at_3": 0.33845437616387336,
"hits_at_5": 0.49534450651769085,
"inverse_arithmetic_mean_rank": 0.09560689010548806,
"inverse_geometric_mean_rank": 0.15936137475393036,
"inverse_harmonic_mean_rank": 0.2368706273595205,
"inverse_median_rank": 0.16666666666666666,
"median_absolute_deviation": 5.930408874022408,
"median_rank": 6.0,
"standard_deviation": 12.616080680613535,
"variance": 159.1654917397501,
"z_arithmetic_mean_rank": 63.240571394332946,
"z_geometric_mean_rank": 41.56298570776643,
"z_hits_at_k": 90.25287603357248,
"z_inverse_harmonic_mean_rank": 70.46747093489903},
"pessimistic": {"adjusted_arithmetic_mean_rank": 0.21918917468695273,
"adjusted_arithmetic_mean_rank_index": 0.7975237288557833,
"adjusted_geometric_mean_rank_index": 0.8487900723443345,
"adjusted_hits_at_k": 0.6713127920465439,
"adjusted_inverse_harmonic_mean_rank": 0.19291725019779432,
"arithmetic_mean_rank": 10.45949720670391,
"count": 2148.0,
"geometric_mean_rank": 6.275046268545928,
"harmonic_mean_rank": 4.221713815458458,
"hits_at_1": 0.017690875232774673,
"hits_at_10": 0.7062383612662942,
"hits_at_3": 0.33845437616387336,
"hits_at_5": 0.49534450651769085,
"inverse_arithmetic_mean_rank": 0.09560689010548806,
"inverse_geometric_mean_rank": 0.15936137475393036,
"inverse_harmonic_mean_rank": 0.2368706273595205,
"inverse_median_rank": 0.16666666666666666,
"median_absolute_deviation": 5.930408874022408,
"median_rank": 6.0,
"standard_deviation": 12.616080680613535,
"variance": 159.1654917397501,
"z_arithmetic_mean_rank": 63.240571394332946,
"z_geometric_mean_rank": 41.56298570776643,
"z_hits_at_k": 90.25287603357248,
"z_inverse_harmonic_mean_rank": 70.46747093489903},
"realistic": {"adjusted_arithmetic_mean_rank": 0.2191891798228128,
"adjusted_arithmetic_mean_rank_index": 0.7975237236099925,
"adjusted_geometric_mean_rank_index": 0.8487900700503824,
"adjusted_hits_at_k": 0.6713127920465439,
"adjusted_inverse_harmonic_mean_rank": 0.1929172546566877,
"arithmetic_mean_rank": 10.459497451782227,
"count": 2148.0,
"geometric_mean_rank": 6.275046348571777,
"harmonic_mean_rank": 4.221713740316111,
"hits_at_1": 0.017690875232774673,
"hits_at_10": 0.7062383612662942,
"hits_at_3": 0.33845437616387336,
"hits_at_5": 0.49534450651769085,
"inverse_arithmetic_mean_rank": 0.09560688585042953,
"inverse_geometric_mean_rank": 0.15936137735843658,
"inverse_harmonic_mean_rank": 0.2368706315755844,
"inverse_median_rank": 0.1666666716337204,
"median_absolute_deviation": 5.930408874022408,
"median_rank": 6.0,
"standard_deviation": 12.616081237792969,
"variance": 159.16549682617188,
"z_arithmetic_mean_rank": 63.24057097836186,
"z_geometric_mean_rank": 41.56298559543772,
"z_hits_at_k": 90.25287603357248,
"z_inverse_harmonic_mean_rank": 70.46747256361255}},
"head": {"optimistic": {"adjusted_arithmetic_mean_rank": 0.21499245346302195,
"adjusted_arithmetic_mean_rank_index": 0.8020015520595023,
"adjusted_geometric_mean_rank_index": 0.8552233961779179,
"adjusted_hits_at_k": 0.6786783534546901,
"adjusted_inverse_harmonic_mean_rank": 0.20415224098465212,
"arithmetic_mean_rank": 10.146182495344506,
"count": 1074.0,
"geometric_mean_rank": 5.994290581616503,
"harmonic_mean_rank": 4.0338705726133375,
"hits_at_1": 0.017690875232774673,
"hits_at_10": 0.7132216014897579,
"hits_at_3": 0.3649906890130354,
"hits_at_5": 0.5260707635009311,
"inverse_arithmetic_mean_rank": 0.09855923648710654,
"inverse_geometric_mean_rank": 0.16682541267966464,
"inverse_harmonic_mean_rank": 0.24790086394669608,
"inverse_median_rank": 0.2,
"median_absolute_deviation": 4.447806655516806,
"median_rank": 5.0,
"standard_deviation": 12.365855605982103,
"variance": 152.91438486799902,
"z_arithmetic_mean_rank": 44.95282907657298,
"z_geometric_mean_rank": 29.629212506128034,
"z_hits_at_k": 64.1008365256078,
"z_inverse_harmonic_mean_rank": 52.43739876236935},
"pessimistic": {"adjusted_arithmetic_mean_rank": 0.21499245346302195,
"adjusted_arithmetic_mean_rank_index": 0.8020015520595023,
"adjusted_geometric_mean_rank_index": 0.8552233961779179,
"adjusted_hits_at_k": 0.6786783534546901,
"adjusted_inverse_harmonic_mean_rank": 0.20415224098465212,
"arithmetic_mean_rank": 10.146182495344506,
"count": 1074.0,
"geometric_mean_rank": 5.994290581616503,
"harmonic_mean_rank": 4.0338705726133375,
"hits_at_1": 0.017690875232774673,
"hits_at_10": 0.7132216014897579,
"hits_at_3": 0.3649906890130354,
"hits_at_5": 0.5260707635009311,
"inverse_arithmetic_mean_rank": 0.09855923648710654,
"inverse_geometric_mean_rank": 0.16682541267966464,
"inverse_harmonic_mean_rank": 0.24790086394669608,
"inverse_median_rank": 0.2,
"median_absolute_deviation": 4.447806655516806,
"median_rank": 5.0,
"standard_deviation": 12.365855605982103,
"variance": 152.91438486799902,
"z_arithmetic_mean_rank": 44.95282907657298,
"z_geometric_mean_rank": 29.629212506128034,
"z_hits_at_k": 64.1008365256078,
"z_inverse_harmonic_mean_rank": 52.43739876236935},
"realistic": {"adjusted_arithmetic_mean_rank": 0.2149924442434145,
"adjusted_arithmetic_mean_rank_index": 0.8020015614786977,
"adjusted_geometric_mean_rank_index": 0.8552234166607307,
"adjusted_hits_at_k": 0.6786783534546901,
"adjusted_inverse_harmonic_mean_rank": 0.20415225101178103,
"arithmetic_mean_rank": 10.1461820602417,
"count": 1074.0,
"geometric_mean_rank": 5.994289875030518,
"harmonic_mean_rank": 4.0338704184200065,
"hits_at_1": 0.017690875232774673,
"hits_at_10": 0.7132216014897579,
"hits_at_3": 0.3649906890130354,
"hits_at_5": 0.5260707635009311,
"inverse_arithmetic_mean_rank": 0.09855923801660538,
"inverse_geometric_mean_rank": 0.16682542860507965,
"inverse_harmonic_mean_rank": 0.24790087342262268,
"inverse_median_rank": 0.20000000298023224,
"median_absolute_deviation": 4.447806655516806,
"median_rank": 5.0,
"standard_deviation": 12.36585521697998,
"variance": 152.9143829345703,
"z_arithmetic_mean_rank": 44.95282960452643,
"z_geometric_mean_rank": 29.629213215755037,
"z_hits_at_k": 64.1008365256078,
"z_inverse_harmonic_mean_rank": 52.43740133788139}},
"tail": {"optimistic": {"adjusted_arithmetic_mean_rank": 0.22329441281482199,
"adjusted_arithmetic_mean_rank_index": 0.793145582467827,
"adjusted_geometric_mean_rank_index": 0.8422089085149728,
"adjusted_hits_at_k": 0.6639677372266782,
"adjusted_inverse_harmonic_mean_rank": 0.18169440887910834,
"arithmetic_mean_rank": 10.772811918063315,
"count": 1074.0,
"geometric_mean_rank": 6.568951761056176,
"harmonic_mean_rank": 4.427905905494271,
"hits_at_1": 0.017690875232774673,
"hits_at_10": 0.6992551210428305,
"hits_at_3": 0.31191806331471134,
"hits_at_5": 0.46461824953445063,
"inverse_arithmetic_mean_rank": 0.09282627484874675,
"inverse_geometric_mean_rank": 0.15223128991880694,
"inverse_harmonic_mean_rank": 0.22584039077234494,
"inverse_median_rank": 0.16666666666666666,
"median_absolute_deviation": 5.930408874022408,
"median_rank": 6.0,
"standard_deviation": 12.853803576949229,
"variance": 165.2202663947928,
"z_arithmetic_mean_rank": 44.493087617166466,
"z_geometric_mean_rank": 29.15839153640384,
"z_hits_at_k": 63.53478023793556,
"z_inverse_harmonic_mean_rank": 47.19345979469285},
"pessimistic": {"adjusted_arithmetic_mean_rank": 0.22329441281482199,
"adjusted_arithmetic_mean_rank_index": 0.793145582467827,
"adjusted_geometric_mean_rank_index": 0.8422089085149728,
"adjusted_hits_at_k": 0.6639677372266782,
"adjusted_inverse_harmonic_mean_rank": 0.18169440887910834,
"arithmetic_mean_rank": 10.772811918063315,
"count": 1074.0,
"geometric_mean_rank": 6.568951761056176,