{"both": {"optimistic": {"adjusted_arithmetic_mean_rank": 0.22435012512134087,
"adjusted_arithmetic_mean_rank_index": 0.7922523106051169,
"adjusted_geometric_mean_rank_index": 0.8373197575797513,
"adjusted_hits_at_k": 0.651518633722881,
"adjusted_inverse_harmonic_mean_rank": 0.17336042499911342,
"arithmetic_mean_rank": 10.705772811918063,
"count": 2148.0,
"geometric_mean_rank": 6.675194870136072,
"harmonic_mean_rank": 4.579197855279006,
"hits_at_1": 0.010242085661080074,
"hits_at_10": 0.6885474860335196,
"hits_at_3": 0.2942271880819367,
"hits_at_5": 0.45996275605214154,
"inverse_arithmetic_mean_rank": 0.0934075491389807,
"inverse_geometric_mean_rank": 0.1498083605729424,
"inverse_harmonic_mean_rank": 0.21837885839485552,
"inverse_median_rank": 0.16666666666666666,
"median_absolute_deviation": 5.930408874022408,
"median_rank": 6.0,
"standard_deviation": 12.634528382839047,
"variance": 159.63130745676546,
"z_arithmetic_mean_rank": 62.82256815484445,
"z_geometric_mean_rank": 41.00131499063939,
"z_hits_at_k": 87.59170267513214,
"z_inverse_harmonic_mean_rank": 63.32388989248841},
"pessimistic": {"adjusted_arithmetic_mean_rank": 0.22435012512134087,
"adjusted_arithmetic_mean_rank_index": 0.7922523106051169,
"adjusted_geometric_mean_rank_index": 0.8373197575797513,
"adjusted_hits_at_k": 0.651518633722881,
"adjusted_inverse_harmonic_mean_rank": 0.17336042499911342,
"arithmetic_mean_rank": 10.705772811918063,
"count": 2148.0,
"geometric_mean_rank": 6.675194870136072,
"harmonic_mean_rank": 4.579197855279006,
"hits_at_1": 0.010242085661080074,
"hits_at_10": 0.6885474860335196,
"hits_at_3": 0.2942271880819367,
"hits_at_5": 0.45996275605214154,
"inverse_arithmetic_mean_rank": 0.0934075491389807,
"inverse_geometric_mean_rank": 0.1498083605729424,
"inverse_harmonic_mean_rank": 0.21837885839485552,
"inverse_median_rank": 0.16666666666666666,
"median_absolute_deviation": 5.930408874022408,
"median_rank": 6.0,
"standard_deviation": 12.634528382839047,
"variance": 159.63130745676546,
"z_arithmetic_mean_rank": 62.82256815484445,
"z_geometric_mean_rank": 41.00131499063939,
"z_hits_at_k": 87.59170267513214,
"z_inverse_harmonic_mean_rank": 63.32388989248841},
"realistic": {"adjusted_arithmetic_mean_rank": 0.22435011648714137,
"adjusted_arithmetic_mean_rank_index": 0.7922523194241275,
"adjusted_geometric_mean_rank_index": 0.8373197613016518,
"adjusted_hits_at_k": 0.651518633722881,
"adjusted_inverse_harmonic_mean_rank": 0.1733604232892863,
"arithmetic_mean_rank": 10.705772399902344,
"count": 2148.0,
"geometric_mean_rank": 6.67519474029541,
"harmonic_mean_rank": 4.5791978891798975,
"hits_at_1": 0.010242085661080074,
"hits_at_10": 0.6885474860335196,
"hits_at_3": 0.2942271880819367,
"hits_at_5": 0.45996275605214154,
"inverse_arithmetic_mean_rank": 0.09340755641460419,
"inverse_geometric_mean_rank": 0.1498083621263504,
"inverse_harmonic_mean_rank": 0.21837885677814484,
"inverse_median_rank": 0.1666666716337204,
"median_absolute_deviation": 5.930408874022408,
"median_rank": 6.0,
"standard_deviation": 12.634529113769531,
"variance": 159.63131713867188,
"z_arithmetic_mean_rank": 62.82256885415815,
"z_geometric_mean_rank": 41.00131517289093,
"z_hits_at_k": 87.59170267513214,
"z_inverse_harmonic_mean_rank": 63.323889267934646}},
"head": {"optimistic": {"adjusted_arithmetic_mean_rank": 0.21238815834903474,
"adjusted_arithmetic_mean_rank_index": 0.8046622254920733,
"adjusted_geometric_mean_rank_index": 0.8513011628265409,
"adjusted_hits_at_k": 0.676591849256344,
"adjusted_inverse_harmonic_mean_rank": 0.1927302024639212,
"arithmetic_mean_rank": 10.023277467411546,
"count": 1074.0,
"geometric_mean_rank": 6.12959402546408,
"harmonic_mean_rank": 4.217510381690184,
"hits_at_1": 0.012104283054003724,
"hits_at_10": 0.7113594040968343,
"hits_at_3": 0.3435754189944134,
"hits_at_5": 0.5037243947858473,
"inverse_arithmetic_mean_rank": 0.0997677659080353,
"inverse_geometric_mean_rank": 0.16314294157911846,
"inverse_harmonic_mean_rank": 0.2371067073933902,
"inverse_median_rank": 0.2,
"median_absolute_deviation": 4.447806655516806,
"median_rank": 5.0,
"standard_deviation": 12.135425236998842,
"variance": 147.26854568278839,
"z_arithmetic_mean_rank": 45.10196195260771,
"z_geometric_mean_rank": 29.493326741091742,
"z_hits_at_k": 63.90376723078298,
"z_inverse_harmonic_mean_rank": 49.50359805706267},
"pessimistic": {"adjusted_arithmetic_mean_rank": 0.21238815834903474,
"adjusted_arithmetic_mean_rank_index": 0.8046622254920733,
"adjusted_geometric_mean_rank_index": 0.8513011628265409,
"adjusted_hits_at_k": 0.676591849256344,
"adjusted_inverse_harmonic_mean_rank": 0.1927302024639212,
"arithmetic_mean_rank": 10.023277467411546,
"count": 1074.0,
"geometric_mean_rank": 6.12959402546408,
"harmonic_mean_rank": 4.217510381690184,
"hits_at_1": 0.012104283054003724,
"hits_at_10": 0.7113594040968343,
"hits_at_3": 0.3435754189944134,
"hits_at_5": 0.5037243947858473,
"inverse_arithmetic_mean_rank": 0.0997677659080353,
"inverse_geometric_mean_rank": 0.16314294157911846,
"inverse_harmonic_mean_rank": 0.2371067073933902,
"inverse_median_rank": 0.2,
"median_absolute_deviation": 4.447806655516806,
"median_rank": 5.0,
"standard_deviation": 12.135425236998842,
"variance": 147.26854568278839,
"z_arithmetic_mean_rank": 45.10196195260771,
"z_geometric_mean_rank": 29.493326741091742,
"z_hits_at_k": 63.90376723078298,
"z_inverse_harmonic_mean_rank": 49.50359805706267},
"realistic": {"adjusted_arithmetic_mean_rank": 0.21238815443540543,
"adjusted_arithmetic_mean_rank_index": 0.8046622294904258,
"adjusted_geometric_mean_rank_index": 0.8513011541139197,
"adjusted_hits_at_k": 0.676591849256344,
"adjusted_inverse_harmonic_mean_rank": 0.19273020593364404,
"arithmetic_mean_rank": 10.023277282714844,
"count": 1074.0,
"geometric_mean_rank": 6.129594326019287,
"harmonic_mean_rank": 4.217510323365528,
"hits_at_1": 0.012104283054003724,
"hits_at_10": 0.7113594040968343,
"hits_at_3": 0.3435754189944134,
"hits_at_5": 0.5037243947858473,
"inverse_arithmetic_mean_rank": 0.09976776689291,
"inverse_geometric_mean_rank": 0.16314293444156647,
"inverse_harmonic_mean_rank": 0.23710671067237857,
"inverse_median_rank": 0.20000000298023224,
"median_absolute_deviation": 4.447806655516806,
"median_rank": 5.0,
"standard_deviation": 12.13542652130127,
"variance": 147.26856994628906,
"z_arithmetic_mean_rank": 45.10196217671856,
"z_geometric_mean_rank": 29.493326439243003,
"z_hits_at_k": 63.90376723078298,
"z_inverse_harmonic_mean_rank": 49.5035989482762}},
"tail": {"optimistic": {"adjusted_arithmetic_mean_rank": 0.2360513364855737,
"adjusted_arithmetic_mean_rank_index": 0.7801186417295679,
"adjusted_geometric_mean_rank_index": 0.8223634853233888,
"adjusted_hits_at_k": 0.6265152249671131,
"adjusted_inverse_harmonic_mean_rank": 0.15401159392396163,
"arithmetic_mean_rank": 11.388268156424582,
"count": 1074.0,
"geometric_mean_rank": 7.269360151615815,
"harmonic_mean_rank": 5.008740016009295,
"hits_at_1": 0.008379888268156424,
"hits_at_10": 0.6657355679702048,
"hits_at_3": 0.24487895716945995,
"hits_at_5": 0.41620111731843573,
"inverse_arithmetic_mean_rank": 0.08780966396860436,
"inverse_geometric_mean_rank": 0.13756368912024844,
"inverse_harmonic_mean_rank": 0.19965100939632086,
"inverse_median_rank": 0.14285714285714285,
"median_absolute_deviation": 5.930408874022408,
"median_rank": 7.0,
"standard_deviation": 13.079085191258462,
"variance": 171.0624694401964,
"z_arithmetic_mean_rank": 43.76231532458485,
"z_geometric_mean_rank": 28.471316614997274,
"z_hits_at_k": 59.95096584100548,
"z_inverse_harmonic_mean_rank": 40.00310196998459},
"pessimistic": {"adjusted_arithmetic_mean_rank": 0.2360513364855737,
"adjusted_arithmetic_mean_rank_index": 0.7801186417295679,
"adjusted_geometric_mean_rank_index": 0.8223634853233888,
"adjusted_hits_at_k": 0.6265152249671131,
"adjusted_inverse_harmonic_mean_rank": 0.15401159392396163,
"arithmetic_mean_rank": 11.388268156424582,
"count": 1074.0,
"geometric_mean_rank": 7.269360151615815,
"harmonic_mean_rank": 5.008740016009295,